customer_id,age,gender,location,signup_date,transaction_id,transaction_date,amount_spent,product_category,payment_method,transaction_frequency,avg_time_on_site,pages_visited,preferred_product_tags,is_high_value,segment_label
C1000,56,Female,Melanieport,2023-10-02,T2000,2025-04-08 04:16:11,21.58,Home,Wallet,10,10.39,7,"home_decor, 5G",0,Occasional_Buyer
C1001,46,Male,Amberside,2025-01-22,T2001,2025-04-08 16:46:58,19.01,Fitness,Card,12,6.07,16,"bluetooth, gaming, home_decor, smartphone",0,Occasional_Buyer
C1002,32,Female,Lake Sandra,2024-05-18,T2002,2025-04-21 12:53:50,106.56,Home,Wallet,12,7.39,19,"laptop, 5G, organic",1,Occasional_Buyer
C1003,60,Male,West Robertfort,2022-12-31,T2003,2025-04-02 18:23:37,30.85,Grocery,Card,4,9.0,14,"eco_friendly, smartphone, gaming",0,Occasional_Buyer
C1004,25,Male,South Holly,2024-11-21,T2004,2025-03-29 20:06:45,56.42,Fashion,UPI,4,10.23,22,"laptop, home_decor",1,Occasional_Buyer
C1005,38,Female,Traceyhaven,2023-07-09,T2005,2025-04-09 18:01:06,14.19,Home,Wallet,7,8.14,14,"fitness, home_decor",0,Occasional_Buyer
C1006,56,Male,Timothyview,2025-02-12,T2006,2025-04-11 03:25:20,257.0,Beauty,Wallet,1,8.89,5,"eco_friendly, organic, camera",1,High_Spender
C1007,36,Female,South Kathleen,2023-12-19,T2007,2025-04-10 16:20:59,152.62,Fashion,Cash on Delivery,10,9.63,23,"gaming, eco_friendly, fashion",1,High_Spender
C1008,40,Female,Cummingsside,2023-05-03,T2008,2025-04-17 23:40:15,159.48,Fitness,UPI,12,7.01,23,"headphones, camera",1,High_Spender
C1009,28,Female,East Randy,2023-09-07,T2009,2025-04-23 06:41:12,41.77,Fashion,UPI,9,9.19,4,"organic, eco_friendly, fitness",0,Occasional_Buyer
C1010,28,Other,Chadview,2024-07-22,T2010,2025-04-03 11:31:08,114.96,Home,Card,2,13.47,23,"fitness, laptop, bluetooth",1,Occasional_Buyer
C1011,41,Male,West Paulamouth,2025-02-01,T2011,2025-03-28 18:44:06,12.43,Home,Cash on Delivery,1,8.21,23,"gaming, camera",0,Occasional_Buyer
C1012,53,Male,North Brandonmouth,2024-01-31,T2012,2025-04-03 00:05:02,0.69,Beauty,Cash on Delivery,7,7.3,17,"5G, home_decor, laptop",0,Occasional_Buyer
C1013,57,Female,North Rebeccamouth,2022-07-09,T2013,2025-03-29 13:17:42,1.61,Electronics,Card,6,16.26,13,"eco_friendly, camera, home_decor",0,Occasional_Buyer
C1014,41,Male,Campbellbury,2023-01-07,T2014,2025-03-31 08:02:27,70.67,Beauty,Wallet,12,10.68,12,"gaming, laptop",1,Occasional_Buyer
C1015,20,Female,Port Corey,2023-01-08,T2015,2025-04-21 07:30:04,48.62,Home,Card,3,7.68,20,"laptop, bluetooth, fitness, camera",0,Occasional_Buyer
C1016,39,Female,Kimberlyville,2023-04-13,T2016,2025-03-30 11:17:57,58.39,Fashion,Card,1,11.93,24,"5G, home_decor, camera",1,Occasional_Buyer
C1017,19,Female,North Bethany,2023-12-21,T2017,2025-03-31 01:19:35,0.6,Beauty,Card,12,10.77,23,"gaming, smartphone",0,Occasional_Buyer
C1018,41,Male,Gonzalesville,2022-05-31,T2018,2025-04-13 16:28:09,43.95,Beauty,Cash on Delivery,5,8.29,4,"5G, gaming, smartphone, fashion",0,Occasional_Buyer
C1019,61,Male,South Thomasside,2025-01-28,T2019,2025-04-13 07:47:07,101.29,Electronics,Card,10,9.85,9,"smartphone, gaming, fitness, eco_friendly",1,Occasional_Buyer
C1020,47,Male,East Rachelborough,2023-12-02,T2020,2025-04-15 04:23:03,46.77,Home,Card,14,9.13,9,"headphones, bluetooth, 5G",0,Occasional_Buyer
C1021,55,Male,Floresfurt,2023-07-17,T2021,2025-04-05 09:22:37,105.41,Home,Card,4,12.97,9,"home_decor, laptop",1,Occasional_Buyer
C1022,19,Female,Port Ryan,2023-01-07,T2022,2025-03-31 20:45:37,21.22,Fitness,UPI,5,12.04,16,"gaming, smartphone",0,Occasional_Buyer
C1023,38,Male,Delgadomouth,2024-09-27,T2023,2025-04-21 05:03:17,134.19,Electronics,Wallet,1,3.57,4,"smartphone, bluetooth",1,High_Spender
C1024,50,Male,Hallhaven,2023-04-04,T2024,2025-04-05 22:17:49,71.02,Fitness,Wallet,1,15.71,4,"5G, organic",1,Occasional_Buyer
C1025,29,Male,New Nancyfurt,2025-01-24,T2025,2025-04-08 07:23:53,18.94,Fitness,Wallet,5,9.14,17,"home_decor, smartphone",0,Occasional_Buyer
C1026,39,Female,Youngville,2024-07-29,T2026,2025-04-12 16:44:36,21.61,Fitness,Wallet,6,15.17,13,"fashion, 5G, laptop, organic",0,Occasional_Buyer
C1027,61,Female,North Nancychester,2022-07-16,T2027,2025-04-10 00:22:30,79.12,Grocery,Cash on Delivery,5,12.15,12,"fitness, gaming",1,Occasional_Buyer
C1028,42,Male,Kristopherland,2023-03-26,T2028,2025-04-15 21:20:23,141.73,Fitness,Cash on Delivery,2,10.74,5,"smartphone, home_decor, gaming",1,High_Spender
C1029,44,Male,Moraburgh,2024-09-06,T2029,2025-04-20 20:23:49,42.98,Beauty,Card,9,9.72,19,"organic, smartphone, gaming",0,Occasional_Buyer
C1030,59,Male,South Sharonberg,2022-05-16,T2030,2025-04-15 09:16:31,23.9,Fashion,Cash on Delivery,5,18.28,11,"fashion, eco_friendly",0,Occasional_Buyer
C1031,45,Male,North Rubenmouth,2023-08-05,T2031,2025-04-11 23:33:20,161.4,Beauty,Wallet,11,9.19,17,"bluetooth, home_decor, camera",1,High_Spender
C1032,33,Female,South Bryanmouth,2022-08-08,T2032,2025-04-08 01:06:52,88.52,Beauty,UPI,11,7.99,16,"5G, fashion",1,Occasional_Buyer
C1033,32,Female,West Dalton,2024-11-15,T2033,2025-03-25 19:07:08,47.55,Home,Card,5,8.26,21,"eco_friendly, gaming, laptop, camera",0,Occasional_Buyer
C1034,64,Male,Robinsonland,2024-05-10,T2034,2025-04-11 22:23:24,53.54,Grocery,Card,10,10.0,19,"home_decor, gaming, headphones, smartphone",1,Occasional_Buyer
C1035,61,Male,East Juanside,2023-03-28,T2035,2025-03-27 08:33:52,18.28,Fitness,Wallet,9,10.0,24,"laptop, headphones",0,Occasional_Buyer
C1036,20,Other,Lake Kimberlyfurt,2023-07-03,T2036,2025-04-02 17:32:59,78.85,Home,Wallet,3,13.01,22,"organic, eco_friendly",1,Occasional_Buyer
C1037,54,Female,New Angela,2023-11-28,T2037,2025-04-10 16:21:05,35.55,Electronics,Wallet,5,12.27,19,"camera, eco_friendly",0,Occasional_Buyer
C1038,24,Female,Jordanchester,2025-01-03,T2038,2025-03-27 10:09:58,434.92,Electronics,Cash on Delivery,13,12.28,18,"gaming, eco_friendly",1,Loyal_Engaged
C1039,38,Male,Patrickland,2023-10-21,T2039,2025-04-09 16:47:42,52.34,Home,Card,12,9.32,22,"laptop, home_decor, smartphone, fitness",0,Occasional_Buyer
C1040,26,Female,South Mary,2023-01-31,T2040,2025-04-07 10:49:03,53.22,Fashion,Wallet,5,12.03,10,"fitness, 5G, smartphone, eco_friendly",1,Occasional_Buyer
C1041,56,Male,North David,2024-12-31,T2041,2025-04-24 03:06:04,66.75,Home,UPI,2,12.34,9,"eco_friendly, bluetooth, organic",1,Occasional_Buyer
C1042,35,Female,South Christina,2023-02-10,T2042,2025-04-09 13:44:06,198.88,Home,Card,11,9.76,14,"gaming, bluetooth, fitness, organic",1,High_Spender
C1043,21,Other,Westchester,2024-08-11,T2043,2025-04-15 08:29:58,129.08,Grocery,Card,4,10.84,3,"laptop, camera, 5G",1,High_Spender
C1044,42,Male,West Jessefurt,2024-04-09,T2044,2025-04-03 14:31:40,47.99,Electronics,Cash on Delivery,11,12.34,14,"camera, bluetooth",0,Loyal_Engaged
C1045,31,Male,Anthonyfurt,2022-10-21,T2045,2025-04-14 16:54:42,101.47,Electronics,Card,11,10.63,8,"gaming, camera, home_decor",1,Occasional_Buyer
C1046,26,Male,Port Stephanie,2022-12-30,T2046,2025-03-27 21:33:23,70.6,Fitness,Wallet,2,10.92,18,"laptop, eco_friendly, smartphone",1,Occasional_Buyer
C1047,43,Male,Garciamouth,2024-07-24,T2047,2025-04-08 14:15:32,54.24,Beauty,Wallet,5,14.22,20,"eco_friendly, 5G, laptop, bluetooth",1,Occasional_Buyer
C1048,19,Male,Nortontown,2023-10-07,T2048,2025-04-15 18:03:33,17.09,Home,UPI,10,10.66,21,"laptop, 5G, fitness",0,Occasional_Buyer
C1049,37,Male,Derrickstad,2024-12-20,T2049,2025-03-27 05:42:51,49.88,Home,Card,13,8.18,5,"gaming, fitness",0,Occasional_Buyer
C1050,45,Female,Danielfort,2022-07-21,T2050,2025-04-01 06:08:58,22.57,Fashion,Card,12,5.96,5,"organic, 5G, bluetooth, camera",0,Occasional_Buyer
C1051,64,Female,Lopezfurt,2025-03-24,T2051,2025-04-17 09:37:56,197.06,Electronics,Cash on Delivery,2,10.34,7,"smartphone, camera, 5G",1,High_Spender
C1052,24,Male,North Zacharymouth,2024-01-11,T2052,2025-04-19 12:43:21,32.69,Fashion,Wallet,10,9.01,5,"organic, smartphone",0,Occasional_Buyer
C1053,61,Other,Lake Margaretbury,2024-03-07,T2053,2025-04-20 04:58:38,243.37,Grocery,UPI,14,12.42,21,"home_decor, laptop",1,Loyal_Engaged
C1054,25,Male,Lake Rickey,2022-10-28,T2054,2025-03-30 17:44:42,60.92,Fitness,Wallet,9,14.73,7,"laptop, fashion",1,Occasional_Buyer
C1055,64,Other,North Sheliaville,2022-10-07,T2055,2025-03-28 16:08:07,79.87,Fashion,Card,10,6.91,16,"camera, fitness",1,Occasional_Buyer
C1056,52,Male,Nicoleburgh,2024-04-01,T2056,2025-04-16 10:53:20,62.64,Electronics,Card,6,7.34,23,"gaming, home_decor",1,Occasional_Buyer
C1057,31,Female,Lake Matthewborough,2023-03-18,T2057,2025-04-09 05:45:38,11.08,Grocery,UPI,8,9.93,18,"eco_friendly, headphones",0,Occasional_Buyer
C1058,34,Female,Hughestown,2023-02-04,T2058,2025-04-05 08:13:59,37.71,Home,Card,9,7.6,3,"headphones, home_decor, bluetooth, fitness",0,Occasional_Buyer
C1059,53,Female,Williamsshire,2024-03-25,T2059,2025-04-13 21:55:18,8.35,Grocery,UPI,13,9.33,19,"smartphone, home_decor, laptop",0,Occasional_Buyer
C1060,57,Other,Courtneyborough,2024-01-22,T2060,2025-04-24 02:22:17,78.03,Beauty,UPI,8,8.39,13,"home_decor, gaming, fitness",1,Occasional_Buyer
C1061,21,Male,New Sandrafort,2024-05-09,T2061,2025-04-04 20:12:53,47.37,Fashion,Wallet,5,6.98,11,"eco_friendly, smartphone, headphones",0,Occasional_Buyer
C1062,19,Other,West David,2023-06-16,T2062,2025-04-07 07:24:24,120.4,Electronics,UPI,5,12.48,23,"organic, bluetooth, headphones",1,High_Spender
C1063,23,Male,Rogerborough,2022-05-08,T2063,2025-04-22 22:23:05,19.93,Fashion,Card,6,10.23,6,"laptop, smartphone",0,Occasional_Buyer
C1064,59,Male,South Megan,2023-10-16,T2064,2025-04-22 00:08:13,14.38,Home,Cash on Delivery,14,15.49,4,"eco_friendly, gaming, 5G, headphones",0,Loyal_Engaged
C1065,21,Male,Port Ashley,2024-06-05,T2065,2025-04-01 22:37:58,41.71,Home,Cash on Delivery,1,11.08,11,"eco_friendly, fitness, headphones, 5G",0,Occasional_Buyer
C1066,46,Female,Elaineview,2024-08-01,T2066,2025-04-14 07:59:28,208.93,Electronics,Card,13,13.87,24,"smartphone, camera, eco_friendly, home_decor",1,Loyal_Engaged
C1067,35,Male,East David,2022-05-22,T2067,2025-04-20 04:21:04,99.15,Beauty,Cash on Delivery,11,7.81,7,"gaming, home_decor",1,Occasional_Buyer
C1068,43,Female,Sharpland,2022-11-16,T2068,2025-03-30 07:02:48,43.43,Fitness,Cash on Delivery,8,7.78,6,"headphones, laptop, camera",0,Occasional_Buyer
C1069,61,Female,Lake Jasontown,2023-07-16,T2069,2025-04-22 17:19:19,58.26,Grocery,UPI,2,16.66,7,"bluetooth, organic, 5G, home_decor",1,Occasional_Buyer
C1070,51,Female,Nancyberg,2023-01-15,T2070,2025-04-21 22:01:57,7.04,Grocery,Cash on Delivery,6,8.17,20,"home_decor, 5G, headphones",0,Occasional_Buyer
C1071,27,Female,Toniside,2023-08-28,T2071,2025-04-09 09:59:25,333.75,Home,Cash on Delivery,14,7.15,15,"laptop, eco_friendly, 5G",1,High_Spender
C1072,53,Male,Guerramouth,2023-01-10,T2072,2025-03-26 12:07:16,87.83,Fashion,Cash on Delivery,14,6.49,7,"laptop, fitness, headphones",1,Occasional_Buyer
C1073,31,Male,Alyssabury,2024-02-06,T2073,2025-03-25 16:45:22,26.88,Fashion,Wallet,9,15.75,21,"eco_friendly, headphones, fitness, organic",0,Occasional_Buyer
C1074,48,Male,West Alicia,2023-07-12,T2074,2025-03-26 07:10:03,70.51,Beauty,Card,13,9.18,5,"gaming, laptop, bluetooth",1,Occasional_Buyer
C1075,32,Male,East Derek,2024-10-08,T2075,2025-04-05 23:43:02,9.28,Fitness,UPI,3,11.21,24,"fashion, eco_friendly",0,Occasional_Buyer
C1076,25,Male,Howellchester,2023-01-06,T2076,2025-03-29 19:18:22,270.13,Fashion,Cash on Delivery,2,10.45,20,"fitness, home_decor, camera, organic",1,High_Spender
C1077,31,Male,West Robin,2024-09-30,T2077,2025-04-11 15:55:08,15.37,Grocery,Card,10,7.83,8,"organic, home_decor, camera, headphones",0,Occasional_Buyer
C1078,40,Male,Coreyton,2024-01-30,T2078,2025-04-09 01:35:53,83.54,Fashion,Cash on Delivery,5,9.11,8,"5G, smartphone, fitness, organic",1,Occasional_Buyer
C1079,57,Other,Melissachester,2023-01-10,T2079,2025-04-12 16:20:51,22.53,Fitness,Wallet,11,12.54,7,"laptop, organic, smartphone, bluetooth",0,Loyal_Engaged
C1080,38,Female,Steeleshire,2024-03-18,T2080,2025-04-02 02:26:48,101.14,Grocery,Wallet,9,6.32,3,"home_decor, 5G, fashion",1,Occasional_Buyer
C1081,33,Male,Portermouth,2024-12-19,T2081,2025-04-19 02:24:50,119.98,Fashion,Cash on Delivery,6,12.02,10,"camera, eco_friendly, fashion, smartphone",1,Occasional_Buyer
C1082,62,Female,Frankberg,2025-02-12,T2082,2025-04-16 02:18:51,89.53,Grocery,Cash on Delivery,14,14.3,3,"fitness, headphones, gaming, smartphone",1,Loyal_Engaged
C1083,35,Male,Mcdonaldmouth,2022-10-08,T2083,2025-04-24 13:35:11,76.26,Home,Cash on Delivery,8,10.88,23,"fitness, home_decor, smartphone, bluetooth",1,Occasional_Buyer
C1084,64,Male,Jameschester,2023-01-29,T2084,2025-04-21 14:02:49,178.4,Home,Wallet,8,14.0,8,"5G, headphones, fashion, bluetooth",1,High_Spender
C1085,41,Female,New Josephhaven,2022-07-07,T2085,2025-04-11 22:40:59,6.55,Beauty,Wallet,7,5.89,22,"smartphone, gaming",0,Occasional_Buyer
C1086,43,Female,Santosport,2024-05-23,T2086,2025-04-03 10:38:16,32.15,Home,Card,5,4.51,16,"smartphone, headphones, gaming, laptop",0,Occasional_Buyer
C1087,42,Male,Port Rebecca,2022-05-13,T2087,2025-03-30 18:32:37,22.83,Fashion,UPI,2,10.73,13,"fashion, laptop, 5G, gaming",0,Occasional_Buyer
C1088,62,Other,Murphytown,2022-09-27,T2088,2025-04-15 10:55:02,353.92,Fitness,UPI,14,8.24,4,"fitness, smartphone",1,High_Spender
C1089,58,Female,Rogerbury,2022-09-28,T2089,2025-03-27 18:39:18,39.46,Grocery,Wallet,10,12.64,23,"organic, bluetooth",0,Occasional_Buyer
C1090,46,Female,Kathleenburgh,2024-01-11,T2090,2025-04-17 04:16:48,105.52,Electronics,UPI,10,9.07,6,"fitness, eco_friendly, home_decor",1,Occasional_Buyer
C1091,32,Female,Austinhaven,2025-02-28,T2091,2025-04-16 10:54:47,92.34,Home,Cash on Delivery,5,10.44,15,"eco_friendly, bluetooth",1,Occasional_Buyer
C1092,62,Female,Martinhaven,2024-11-05,T2092,2025-04-03 01:44:22,19.07,Home,Card,12,10.24,9,"eco_friendly, gaming, fitness, camera",0,Occasional_Buyer
C1093,18,Male,Johnsonton,2024-09-11,T2093,2025-03-31 18:37:07,21.85,Electronics,Wallet,7,10.34,8,"headphones, home_decor, smartphone",0,Occasional_Buyer
C1094,42,Male,West Maryton,2023-01-28,T2094,2025-04-03 04:12:24,26.42,Electronics,Wallet,12,8.37,5,"laptop, headphones",0,Occasional_Buyer
C1095,24,Male,Simschester,2024-05-25,T2095,2025-04-24 09:42:15,42.36,Fashion,UPI,12,5.91,11,"organic, smartphone, home_decor, headphones",0,Occasional_Buyer
C1096,26,Female,Landrymouth,2022-05-15,T2096,2025-04-05 05:44:00,21.36,Grocery,Cash on Delivery,7,9.34,16,"5G, gaming, fashion, camera",0,Occasional_Buyer
C1097,41,Female,Jamesland,2022-05-15,T2097,2025-04-13 21:11:35,1.59,Home,Card,11,14.35,22,"camera, gaming, headphones, organic",0,Loyal_Engaged
C1098,18,Male,North Tiffanyton,2024-02-19,T2098,2025-04-23 20:11:15,169.22,Fitness,UPI,13,8.17,13,"fashion, smartphone, gaming",1,High_Spender
C1099,61,Other,North Sean,2023-04-27,T2099,2025-04-13 18:45:52,269.6,Fashion,Wallet,2,8.16,7,"bluetooth, camera, fashion, 5G",1,High_Spender
C1100,25,Other,North William,2024-04-08,T2100,2025-04-02 17:29:28,33.43,Fashion,Wallet,7,10.47,16,"laptop, fitness",0,Occasional_Buyer
C1101,41,Female,New Melissahaven,2022-09-05,T2101,2025-04-04 01:23:55,33.06,Fitness,UPI,6,6.47,21,"5G, headphones, laptop",0,Occasional_Buyer
C1102,28,Female,Wilsonport,2024-09-28,T2102,2025-04-07 22:14:01,0.57,Fitness,Cash on Delivery,7,13.01,10,"organic, eco_friendly",0,Occasional_Buyer
C1103,34,Female,New Annemouth,2024-11-30,T2103,2025-04-15 20:43:00,91.22,Beauty,Card,11,6.75,9,"laptop, eco_friendly, smartphone, 5G",1,Occasional_Buyer
C1104,25,Male,Ariasfurt,2022-11-01,T2104,2025-04-06 21:56:36,139.64,Fitness,Card,8,9.13,9,"smartphone, laptop",1,High_Spender
C1105,52,Female,Crawfordburgh,2024-11-04,T2105,2025-04-02 10:52:57,12.68,Electronics,Card,4,17.62,5,"fitness, eco_friendly",0,Occasional_Buyer
C1106,52,Male,Lake Mariah,2023-01-17,T2106,2025-04-07 11:48:19,13.92,Home,Card,1,6.57,5,"organic, fashion",0,Occasional_Buyer
C1107,50,Female,North Amanda,2024-03-10,T2107,2025-04-12 03:32:14,124.88,Beauty,Cash on Delivery,8,14.42,20,"fitness, home_decor, laptop",1,High_Spender
C1108,22,Male,Brownchester,2024-02-17,T2108,2025-04-18 16:40:05,76.63,Electronics,Wallet,8,10.36,15,"home_decor, eco_friendly",1,Occasional_Buyer
C1109,59,Female,Port Crystalborough,2024-11-30,T2109,2025-04-23 02:42:10,3.67,Beauty,Wallet,3,10.79,3,"eco_friendly, headphones",0,Occasional_Buyer
C1110,56,Other,Frazierstad,2023-01-26,T2110,2025-04-13 08:29:23,77.94,Home,Card,3,7.57,7,"5G, smartphone, fashion, camera",1,Occasional_Buyer
C1111,58,Male,Donaldview,2022-11-22,T2111,2025-04-02 15:47:41,29.56,Beauty,Card,5,12.4,6,"home_decor, bluetooth, 5G",0,Occasional_Buyer
C1112,45,Female,New Danielborough,2024-11-24,T2112,2025-03-30 22:12:57,36.8,Electronics,Card,14,8.9,18,"organic, laptop, fitness",0,Occasional_Buyer
C1113,24,Other,New Jonathon,2023-02-18,T2113,2025-03-26 01:07:06,117.48,Grocery,UPI,3,6.56,17,"fashion, camera, home_decor, smartphone",1,Occasional_Buyer
C1114,26,Female,West Coryshire,2022-10-11,T2114,2025-03-27 16:51:52,133.25,Home,UPI,14,14.37,20,"smartphone, eco_friendly",1,Loyal_Engaged
C1115,25,Female,New Ashleyborough,2022-05-23,T2115,2025-03-27 06:25:17,40.91,Fashion,Wallet,5,8.84,19,"organic, gaming, fashion",0,Occasional_Buyer
C1116,29,Female,Michaeltown,2022-06-13,T2116,2025-03-27 19:51:30,235.23,Home,Wallet,8,4.42,16,"smartphone, gaming, headphones",1,High_Spender
C1117,51,Male,Catherinefurt,2025-02-07,T2117,2025-03-29 22:36:01,41.73,Home,Card,1,9.19,16,"fashion, headphones, eco_friendly",0,Occasional_Buyer
C1118,50,Male,Port Joanneville,2024-07-01,T2118,2025-03-31 10:39:12,118.22,Home,UPI,2,12.42,21,"camera, headphones, 5G, gaming",1,Occasional_Buyer
C1119,40,Male,Lake Christopher,2023-07-22,T2119,2025-04-04 10:05:52,52.91,Grocery,Cash on Delivery,2,11.95,8,"smartphone, gaming, home_decor",0,Occasional_Buyer
C1120,41,Female,Patrickshire,2022-10-14,T2120,2025-04-12 05:28:14,182.26,Electronics,UPI,12,8.08,15,"organic, fitness",1,High_Spender
C1121,54,Male,Port Chris,2022-07-22,T2121,2025-04-06 03:32:06,190.67,Fashion,Wallet,4,7.07,20,"eco_friendly, headphones",1,High_Spender
C1122,52,Female,Nicoleshire,2022-07-18,T2122,2025-04-04 23:51:16,7.32,Electronics,UPI,9,5.9,17,"fashion, fitness, laptop, organic",0,Occasional_Buyer
C1123,61,Female,Port Lisa,2024-11-20,T2123,2025-04-01 11:44:47,220.53,Beauty,Wallet,2,9.93,9,"fitness, headphones",1,High_Spender
C1124,57,Female,Gonzalezton,2023-01-21,T2124,2025-03-26 22:20:27,139.68,Beauty,Card,12,10.45,21,"bluetooth, gaming, 5G, smartphone",1,High_Spender
C1125,39,Female,West Matthewberg,2023-08-19,T2125,2025-04-04 05:04:34,125.35,Beauty,Cash on Delivery,14,12.13,19,"fitness, camera",1,Loyal_Engaged
C1126,44,Other,South Michelleport,2023-04-22,T2126,2025-04-10 02:19:27,17.94,Electronics,Card,11,9.55,11,"eco_friendly, bluetooth, organic",0,Occasional_Buyer
C1127,52,Male,North Jill,2024-12-14,T2127,2025-04-02 15:18:39,130.83,Fitness,Card,13,9.46,13,"fashion, gaming, home_decor",1,High_Spender
C1128,18,Female,North Ashley,2024-12-29,T2128,2025-04-12 09:33:12,151.84,Grocery,Cash on Delivery,12,9.16,7,"headphones, 5G, fashion",1,High_Spender
C1129,52,Female,Bakerland,2024-09-18,T2129,2025-04-11 13:39:25,27.3,Fitness,Cash on Delivery,9,10.46,4,"bluetooth, gaming, fashion",0,Occasional_Buyer
C1130,54,Female,North Michele,2022-11-18,T2130,2025-04-23 10:17:22,243.36,Beauty,Cash on Delivery,7,9.6,17,"organic, 5G, camera, bluetooth",1,High_Spender
C1131,64,Other,Gibsonfort,2023-07-21,T2131,2025-04-08 09:42:19,4.09,Grocery,Wallet,10,12.82,14,"fashion, 5G, organic",0,Occasional_Buyer
C1132,31,Male,Wendymouth,2024-01-06,T2132,2025-03-29 04:06:50,12.99,Electronics,Card,8,10.93,12,"fitness, 5G",0,Occasional_Buyer
C1133,20,Male,South Jennafurt,2023-08-06,T2133,2025-03-30 19:26:34,61.7,Beauty,Wallet,1,10.32,12,"camera, headphones",1,Occasional_Buyer
C1134,18,Female,Gonzalezside,2024-05-15,T2134,2025-04-05 17:35:07,68.6,Electronics,Cash on Delivery,13,9.87,22,"bluetooth, laptop, home_decor",1,Occasional_Buyer
C1135,22,Male,Port Barbara,2023-11-15,T2135,2025-04-10 00:31:38,82.88,Grocery,Wallet,5,7.17,13,"gaming, bluetooth, eco_friendly",1,Occasional_Buyer
C1136,43,Female,New Nicholaston,2023-05-20,T2136,2025-04-10 11:03:43,1.37,Electronics,Cash on Delivery,9,10.0,12,"bluetooth, laptop",0,Occasional_Buyer
C1137,31,Female,Moorefurt,2023-08-27,T2137,2025-03-25 17:27:28,258.25,Electronics,UPI,12,8.06,9,"camera, bluetooth, home_decor",1,High_Spender
C1138,56,Male,North Jeremiahbury,2023-01-11,T2138,2025-04-01 12:17:59,3.65,Fashion,Cash on Delivery,4,11.04,16,"5G, fashion",0,Occasional_Buyer
C1139,44,Female,East Kathleen,2024-08-03,T2139,2025-04-21 20:00:28,12.35,Fitness,Card,2,9.37,15,"bluetooth, smartphone, home_decor, camera",0,Occasional_Buyer
C1140,26,Male,North Christine,2025-01-07,T2140,2025-03-25 20:33:05,1.13,Fitness,Card,6,14.99,7,"home_decor, camera",0,Occasional_Buyer
C1141,32,Female,North Lisa,2023-03-13,T2141,2025-04-19 22:37:29,66.94,Fitness,Card,2,6.21,21,"fashion, gaming, eco_friendly",1,Occasional_Buyer
C1142,32,Female,Carolynchester,2024-06-12,T2142,2025-03-29 10:22:52,215.37,Home,Wallet,3,0.7,12,"organic, bluetooth, fashion",1,High_Spender
C1143,43,Other,North Jerry,2023-11-20,T2143,2025-04-01 10:37:34,87.72,Fashion,Card,14,10.8,10,"laptop, camera, eco_friendly, home_decor",1,Occasional_Buyer
C1144,59,Male,Chadchester,2024-08-22,T2144,2025-04-21 03:19:43,138.37,Beauty,Cash on Delivery,8,8.07,20,"5G, headphones, camera",1,High_Spender
C1145,30,Female,New Shariberg,2024-10-12,T2145,2025-04-18 12:59:28,1.07,Beauty,UPI,3,10.48,3,"fashion, fitness, camera, smartphone",0,Occasional_Buyer
C1146,49,Female,New Danny,2023-10-22,T2146,2025-04-05 12:48:50,62.47,Beauty,Card,2,6.29,7,"eco_friendly, 5G, laptop, organic",1,Occasional_Buyer
C1147,56,Female,New Matthew,2024-06-07,T2147,2025-04-09 23:27:48,49.23,Fitness,Wallet,6,15.73,13,"camera, home_decor",0,Occasional_Buyer
C1148,49,Female,Hillbury,2022-05-09,T2148,2025-04-20 19:28:06,55.29,Fitness,UPI,14,8.84,22,"fashion, laptop",1,Occasional_Buyer
C1149,21,Male,Keithshire,2022-05-10,T2149,2025-04-16 11:26:10,6.0,Fashion,Card,3,7.88,13,"fashion, gaming, fitness",0,Occasional_Buyer
C1150,47,Male,New Patricia,2023-01-22,T2150,2025-03-28 03:55:59,92.27,Electronics,Card,1,15.67,18,"bluetooth, home_decor, fitness",1,Occasional_Buyer
C1151,54,Male,North Linda,2023-03-06,T2151,2025-04-09 09:59:59,55.97,Fitness,UPI,12,12.52,12,"smartphone, gaming",1,Loyal_Engaged
C1152,40,Female,Velezfort,2023-12-03,T2152,2025-04-04 19:09:56,115.9,Beauty,Card,14,14.17,17,"camera, eco_friendly, fashion, laptop",1,Loyal_Engaged
C1153,56,Male,Port Patriciaborough,2025-02-24,T2153,2025-04-19 19:10:16,53.13,Electronics,Wallet,14,9.48,9,"fashion, bluetooth, headphones, smartphone",0,Occasional_Buyer
C1154,62,Male,South Amy,2023-06-25,T2154,2025-04-01 17:17:15,12.94,Fitness,Cash on Delivery,3,10.14,17,"eco_friendly, headphones, fitness",0,Occasional_Buyer
C1155,32,Other,Williamsstad,2023-07-10,T2155,2025-04-14 16:14:52,83.59,Grocery,Cash on Delivery,6,8.21,18,"5G, home_decor, gaming, eco_friendly",1,Occasional_Buyer
C1156,60,Male,Lake Miranda,2023-10-30,T2156,2025-04-08 21:42:06,15.14,Home,UPI,3,7.86,8,"home_decor, bluetooth, eco_friendly, 5G",0,Occasional_Buyer
C1157,46,Other,South Nataliemouth,2023-05-28,T2157,2025-04-01 09:11:15,164.7,Fitness,Cash on Delivery,9,11.19,13,"gaming, home_decor, camera",1,High_Spender
C1158,53,Female,Scottfort,2025-03-14,T2158,2025-04-06 14:52:38,75.97,Grocery,Card,7,8.89,19,"fitness, fashion, organic",1,Occasional_Buyer
C1159,30,Female,Johnnychester,2023-08-29,T2159,2025-04-16 17:59:57,13.68,Fashion,Card,14,16.66,17,"gaming, eco_friendly",0,Loyal_Engaged
C1160,49,Male,Lake Christopher,2023-06-20,T2160,2025-04-13 11:40:00,262.33,Grocery,Wallet,5,12.53,18,"gaming, camera, organic, fashion",1,High_Spender
C1161,24,Male,West Lisamouth,2025-03-18,T2161,2025-04-09 15:44:51,58.45,Fashion,Cash on Delivery,2,15.65,4,"5G, fitness, headphones, gaming",1,Occasional_Buyer
C1162,39,Female,Floresberg,2022-08-01,T2162,2025-04-24 10:35:39,6.06,Fitness,UPI,9,3.31,6,"camera, bluetooth",0,Occasional_Buyer
C1163,45,Female,Wallacefort,2022-05-07,T2163,2025-04-17 15:16:52,78.86,Fashion,Card,5,15.69,21,"eco_friendly, laptop",1,Occasional_Buyer
C1164,19,Female,Amandastad,2024-11-27,T2164,2025-03-26 05:22:36,23.36,Grocery,UPI,7,2.85,8,"5G, headphones, home_decor, fashion",0,Occasional_Buyer
C1165,59,Male,New Summer,2024-04-21,T2165,2025-03-30 23:20:33,130.25,Home,Card,9,6.22,20,"home_decor, fashion",1,High_Spender
C1166,62,Female,Estradatown,2023-02-11,T2166,2025-04-14 22:50:43,136.22,Electronics,Card,4,4.74,23,"home_decor, 5G",1,High_Spender
C1167,23,Female,New Travismouth,2025-03-15,T2167,2025-04-01 05:48:03,308.86,Electronics,Wallet,9,10.73,13,"camera, gaming, fashion, headphones",1,High_Spender
C1168,45,Female,Brownborough,2023-02-21,T2168,2025-04-10 17:55:56,55.75,Home,Cash on Delivery,1,9.95,11,"bluetooth, headphones, laptop, smartphone",1,Occasional_Buyer
C1169,45,Female,North Jenniferview,2024-05-30,T2169,2025-04-15 09:40:59,48.55,Beauty,Wallet,12,12.38,5,"gaming, camera, fitness",0,Loyal_Engaged
C1170,61,Female,West Davidhaven,2023-01-21,T2170,2025-04-23 07:45:24,112.02,Electronics,Cash on Delivery,6,9.73,4,"camera, fashion, smartphone",1,Occasional_Buyer
C1171,61,Female,Kellyshire,2022-08-23,T2171,2025-03-31 13:05:28,11.37,Fitness,UPI,2,13.68,20,"home_decor, 5G, organic",0,Occasional_Buyer
C1172,37,Male,Andrewport,2025-02-21,T2172,2025-04-08 05:13:22,63.33,Beauty,Cash on Delivery,8,7.2,17,"gaming, headphones, organic",1,Occasional_Buyer
C1173,47,Female,North Gabrielle,2023-03-17,T2173,2025-03-28 15:17:55,63.22,Fitness,UPI,5,13.74,24,"5G, gaming, eco_friendly",1,Occasional_Buyer
C1174,28,Male,Stevenfurt,2023-07-12,T2174,2025-04-23 10:11:45,7.5,Grocery,Card,3,9.91,20,"smartphone, camera, laptop, fashion",0,Occasional_Buyer
C1175,45,Male,Ayalamouth,2024-02-14,T2175,2025-04-13 09:31:04,43.3,Grocery,UPI,2,17.07,21,"gaming, bluetooth, fashion, organic",0,Occasional_Buyer
C1176,42,Male,East Tammy,2023-06-15,T2176,2025-04-21 17:41:33,153.54,Beauty,UPI,8,12.62,17,"gaming, bluetooth, headphones",1,High_Spender
C1177,56,Male,Brittanyberg,2023-08-31,T2177,2025-04-22 06:55:35,155.12,Beauty,Card,7,9.09,19,"gaming, fitness",1,High_Spender
C1178,50,Male,Molinashire,2022-10-23,T2178,2025-03-28 09:42:07,8.36,Beauty,UPI,9,9.9,20,"5G, eco_friendly, fitness, fashion",0,Occasional_Buyer
C1179,18,Male,North Brian,2023-03-18,T2179,2025-04-06 10:04:58,7.61,Beauty,UPI,8,6.97,20,"headphones, fashion",0,Occasional_Buyer
C1180,44,Female,Port Tiffanybury,2024-11-23,T2180,2025-03-27 21:14:21,24.38,Fashion,Card,11,11.08,13,"gaming, headphones, eco_friendly",0,Occasional_Buyer
C1181,30,Other,East Danielle,2024-11-02,T2181,2025-04-19 14:43:13,166.21,Beauty,Card,4,9.09,20,"home_decor, eco_friendly, laptop",1,High_Spender
C1182,58,Male,Marymouth,2022-11-28,T2182,2025-03-28 13:24:03,11.04,Beauty,Card,2,12.17,5,"camera, laptop, bluetooth",0,Occasional_Buyer
C1183,20,Other,Avilahaven,2024-07-22,T2183,2025-04-02 08:33:17,101.84,Grocery,Cash on Delivery,14,5.99,15,"home_decor, camera",1,Occasional_Buyer
C1184,56,Female,New Jeffrey,2022-08-09,T2184,2025-04-05 11:45:57,8.53,Fitness,Card,13,9.01,16,"fitness, laptop, eco_friendly, camera",0,Occasional_Buyer
C1185,23,Male,East Melissa,2022-10-05,T2185,2025-03-30 04:09:14,78.07,Grocery,Card,2,6.52,6,"fashion, bluetooth, organic, laptop",1,Occasional_Buyer
C1186,25,Male,New Tammystad,2024-07-10,T2186,2025-04-01 07:24:01,35.21,Electronics,UPI,2,6.71,20,"fitness, home_decor, 5G, fashion",0,Occasional_Buyer
C1187,44,Female,Barryberg,2023-09-30,T2187,2025-04-18 02:44:41,124.44,Fashion,Wallet,14,11.82,7,"gaming, 5G",1,High_Spender
C1188,26,Female,Nguyenmouth,2023-06-09,T2188,2025-03-31 08:03:42,21.29,Fashion,Wallet,11,13.37,16,"fashion, bluetooth, fitness, smartphone",0,Loyal_Engaged
C1189,54,Female,Stephenville,2023-08-27,T2189,2025-03-29 00:15:55,81.55,Fitness,Cash on Delivery,12,3.0,14,"laptop, 5G, fashion",1,Occasional_Buyer
C1190,50,Male,Mathewsborough,2024-12-29,T2190,2025-04-10 03:30:59,21.5,Beauty,Cash on Delivery,6,15.59,9,"home_decor, fitness",0,Occasional_Buyer
C1191,59,Male,Heatherland,2022-12-09,T2191,2025-04-16 12:12:56,100.05,Grocery,Wallet,7,14.21,14,"fashion, headphones, smartphone",1,Occasional_Buyer
C1192,61,Male,Marthaland,2025-02-23,T2192,2025-03-26 14:04:40,165.51,Electronics,Wallet,12,5.96,10,"5G, laptop, camera, fitness",1,High_Spender
C1193,41,Male,Gilesborough,2023-02-06,T2193,2025-04-11 10:08:56,10.85,Grocery,Card,6,12.48,23,"camera, 5G",0,Occasional_Buyer
C1194,32,Male,Lake Andrew,2025-02-10,T2194,2025-04-22 18:46:49,161.15,Beauty,UPI,2,8.62,23,"gaming, bluetooth, camera, headphones",1,High_Spender
C1195,49,Male,Michaelport,2023-04-21,T2195,2025-04-10 17:25:46,72.03,Beauty,Card,4,9.71,5,"organic, fitness, gaming",1,Occasional_Buyer
C1196,49,Female,Millerbury,2022-05-07,T2196,2025-03-30 12:09:33,10.88,Home,Cash on Delivery,3,11.81,24,"gaming, organic, laptop, fashion",0,Occasional_Buyer
C1197,41,Other,South Carolyn,2024-03-31,T2197,2025-04-23 23:25:03,44.63,Grocery,Wallet,11,11.44,3,"laptop, camera",0,Occasional_Buyer
C1198,58,Male,Youngport,2022-05-01,T2198,2025-03-30 13:32:15,14.03,Fitness,Cash on Delivery,13,8.28,5,"smartphone, 5G, laptop, camera",0,Occasional_Buyer
C1199,29,Other,West Kathleen,2023-12-23,T2199,2025-04-20 12:16:01,96.41,Grocery,Card,4,8.27,13,"laptop, eco_friendly, fitness, 5G",1,Occasional_Buyer
C1200,56,Male,New Gregoryfort,2025-03-13,T2200,2025-04-10 08:31:24,113.79,Fashion,Cash on Delivery,5,8.45,20,"bluetooth, fashion, fitness, smartphone",1,Occasional_Buyer
C1201,19,Female,Simmonsview,2023-01-09,T2201,2025-04-06 10:20:34,8.95,Electronics,Cash on Delivery,7,13.43,9,"home_decor, bluetooth, gaming",0,Occasional_Buyer
C1202,20,Male,Jacobfort,2022-07-08,T2202,2025-04-07 06:13:21,56.44,Fitness,UPI,14,4.41,11,"bluetooth, smartphone, organic, eco_friendly",1,Occasional_Buyer
C1203,54,Female,Allisonbury,2022-09-30,T2203,2025-04-10 00:13:45,134.83,Home,Cash on Delivery,9,9.51,6,"headphones, fitness, smartphone, bluetooth",1,High_Spender
C1204,34,Other,Stevensmouth,2024-12-05,T2204,2025-03-29 01:48:29,220.11,Electronics,Card,11,14.72,12,"5G, smartphone, laptop, fitness",1,Loyal_Engaged
C1205,19,Female,Lake David,2023-09-18,T2205,2025-04-01 18:27:54,57.64,Electronics,UPI,2,12.11,20,"camera, 5G, fashion, home_decor",1,Occasional_Buyer
C1206,19,Male,Edwardstown,2022-12-30,T2206,2025-04-18 07:51:49,240.11,Fashion,Cash on Delivery,8,13.15,18,"home_decor, laptop",1,High_Spender
C1207,45,Female,Smithmouth,2023-12-11,T2207,2025-04-17 17:44:36,61.38,Fashion,Card,3,9.56,14,"5G, gaming, fashion, organic",1,Occasional_Buyer
C1208,40,Male,East Davidborough,2022-10-23,T2208,2025-04-17 11:51:28,40.1,Fashion,Wallet,9,6.51,21,"camera, fashion, headphones",0,Occasional_Buyer
C1209,54,Female,South Jessica,2022-12-24,T2209,2025-04-01 13:48:00,150.82,Fitness,UPI,10,10.17,24,"laptop, eco_friendly",1,High_Spender
C1210,49,Female,Kathleentown,2024-09-12,T2210,2025-04-04 09:07:55,54.34,Grocery,Cash on Delivery,12,7.93,5,"eco_friendly, smartphone, organic, headphones",1,Occasional_Buyer
C1211,50,Male,Smithmouth,2022-09-16,T2211,2025-03-31 05:38:12,51.08,Electronics,Cash on Delivery,4,16.69,10,"laptop, smartphone",0,Occasional_Buyer
C1212,18,Female,Port Jeffreyside,2022-11-12,T2212,2025-03-31 14:33:18,53.92,Grocery,UPI,3,9.53,21,"laptop, gaming",1,Occasional_Buyer
C1213,36,Female,Kaylaberg,2025-01-26,T2213,2025-03-31 16:36:54,150.07,Grocery,Card,10,11.91,11,"bluetooth, laptop",1,High_Spender
C1214,19,Male,New Steventon,2022-10-16,T2214,2025-04-20 00:21:46,142.68,Fashion,Cash on Delivery,6,15.11,21,"fitness, headphones, eco_friendly, fashion",1,High_Spender
C1215,61,Female,West Nicholasbury,2023-06-01,T2215,2025-03-31 05:07:39,41.34,Grocery,Card,10,6.71,19,"laptop, bluetooth, fitness",0,Occasional_Buyer
C1216,43,Male,Guerreroland,2024-08-13,T2216,2025-04-22 01:53:43,32.43,Electronics,UPI,13,3.16,15,"bluetooth, fashion, 5G, eco_friendly",0,Occasional_Buyer
C1217,49,Female,Dannyshire,2023-07-08,T2217,2025-04-08 04:37:02,54.17,Electronics,Cash on Delivery,9,11.47,4,"camera, smartphone",1,Occasional_Buyer
C1218,23,Female,North Diana,2023-06-05,T2218,2025-04-03 07:54:34,68.04,Beauty,Wallet,7,12.03,6,"5G, gaming, fashion, home_decor",1,Occasional_Buyer
C1219,49,Female,Meyerstad,2024-11-19,T2219,2025-04-13 11:44:40,21.78,Home,Wallet,4,8.76,13,"fitness, organic",0,Occasional_Buyer
C1220,21,Female,New Andre,2024-08-31,T2220,2025-04-05 17:32:32,126.37,Fitness,Wallet,3,6.53,4,"organic, laptop",1,High_Spender
C1221,28,Female,East Carol,2022-11-26,T2221,2025-03-28 08:24:10,53.32,Grocery,UPI,10,10.93,6,"home_decor, laptop, fitness",1,Occasional_Buyer
C1222,34,Male,Kellyside,2024-09-29,T2222,2025-04-09 17:56:04,32.52,Fitness,Cash on Delivery,4,9.93,6,"headphones, home_decor, camera, laptop",0,Occasional_Buyer
C1223,55,Female,New Frank,2023-04-02,T2223,2025-04-01 00:10:47,9.04,Fitness,UPI,3,10.97,22,"fitness, gaming, eco_friendly",0,Occasional_Buyer
C1224,41,Male,Cookefurt,2023-12-25,T2224,2025-04-05 09:10:46,21.83,Fitness,Cash on Delivery,12,6.6,3,"fitness, 5G, camera, fashion",0,Occasional_Buyer
C1225,22,Female,West Williamchester,2022-08-04,T2225,2025-03-26 07:05:17,238.52,Beauty,Wallet,3,10.97,13,"headphones, eco_friendly",1,High_Spender
C1226,51,Male,Romerofurt,2024-11-18,T2226,2025-04-05 05:36:34,29.12,Fitness,Wallet,12,12.46,4,"organic, eco_friendly, laptop",0,Loyal_Engaged
C1227,23,Male,Clarkmouth,2023-01-09,T2227,2025-04-02 11:52:42,14.8,Beauty,Card,14,5.48,21,"5G, fitness",0,Occasional_Buyer
C1228,39,Female,Evansside,2023-04-30,T2228,2025-04-22 20:35:58,49.39,Electronics,UPI,13,14.38,10,"headphones, gaming, eco_friendly",0,Loyal_Engaged
C1229,28,Male,Moniquetown,2024-01-01,T2229,2025-04-09 00:21:34,29.35,Grocery,UPI,9,10.76,22,"fitness, headphones",0,Occasional_Buyer
C1230,33,Female,Andreaview,2024-11-28,T2230,2025-04-03 07:03:57,2.86,Beauty,Card,4,12.55,6,"bluetooth, fitness, headphones, 5G",0,Occasional_Buyer
C1231,50,Male,Moyerchester,2024-11-29,T2231,2025-04-04 00:36:04,31.22,Home,Wallet,9,6.16,18,"camera, fashion, bluetooth",0,Occasional_Buyer
C1232,26,Male,Huffland,2024-11-14,T2232,2025-04-20 19:01:37,62.84,Fitness,Wallet,12,12.05,17,"bluetooth, 5G, eco_friendly, headphones",1,Loyal_Engaged
C1233,23,Female,Lake Brian,2022-07-01,T2233,2025-04-10 16:03:35,64.19,Home,UPI,10,5.07,7,"fitness, laptop, smartphone",1,Occasional_Buyer
C1234,33,Male,New Angel,2023-08-01,T2234,2025-04-18 06:41:57,35.27,Electronics,Cash on Delivery,5,7.16,7,"smartphone, headphones",0,Occasional_Buyer
C1235,46,Male,Dustinhaven,2023-08-19,T2235,2025-04-21 23:27:09,47.44,Electronics,Wallet,7,10.79,17,"fitness, laptop, 5G, eco_friendly",0,Occasional_Buyer
C1236,20,Female,New Bethanyberg,2022-06-01,T2236,2025-04-04 10:15:45,269.39,Fashion,Card,14,9.17,19,"5G, fashion, smartphone, home_decor",1,High_Spender
C1237,37,Male,Wardmouth,2025-02-07,T2237,2025-04-01 09:14:59,37.9,Fitness,Card,5,10.08,5,"bluetooth, home_decor, organic",0,Occasional_Buyer
C1238,53,Female,Danielfort,2024-09-30,T2238,2025-04-23 13:25:36,23.9,Fashion,Card,1,15.78,20,"home_decor, laptop, camera",0,Occasional_Buyer
C1239,36,Male,West Dylanborough,2023-01-18,T2239,2025-04-22 01:17:28,22.32,Home,UPI,2,10.04,13,"fashion, gaming",0,Occasional_Buyer
C1240,43,Male,Taylorburgh,2022-09-01,T2240,2025-04-12 22:34:28,48.96,Grocery,UPI,11,12.13,8,"eco_friendly, camera",0,Loyal_Engaged
C1241,20,Female,Ramirezton,2023-05-24,T2241,2025-04-22 23:54:27,114.01,Fashion,UPI,5,9.8,14,"bluetooth, home_decor, fitness",1,Occasional_Buyer
C1242,36,Male,Martinberg,2025-02-11,T2242,2025-04-13 04:21:45,18.45,Electronics,UPI,6,9.71,24,"fashion, organic",0,Occasional_Buyer
C1243,37,Male,New Thomasburgh,2024-06-18,T2243,2025-04-19 23:20:02,98.84,Fitness,Card,7,7.07,19,"5G, fitness",1,Occasional_Buyer
C1244,49,Male,East Michaelshire,2023-12-09,T2244,2025-03-29 17:57:32,1.71,Home,Card,2,11.1,16,"eco_friendly, home_decor, organic",0,Occasional_Buyer
C1245,24,Male,South Jacqueline,2025-01-07,T2245,2025-04-23 16:59:25,43.43,Beauty,UPI,10,17.61,8,"5G, laptop",0,Occasional_Buyer
C1246,58,Female,Richardfort,2023-10-31,T2246,2025-04-08 13:23:34,119.64,Electronics,UPI,9,10.26,12,"organic, fashion, headphones",1,Occasional_Buyer
C1247,50,Male,New Erin,2024-11-09,T2247,2025-04-22 10:52:47,33.09,Beauty,Card,6,9.2,18,"5G, gaming, laptop, organic",0,Occasional_Buyer
C1248,57,Female,Josephtown,2022-12-03,T2248,2025-03-26 12:04:43,66.36,Grocery,UPI,2,13.42,20,"home_decor, laptop",1,Occasional_Buyer
C1249,56,Female,South Vincentport,2024-11-15,T2249,2025-04-17 12:55:51,18.35,Fitness,UPI,2,13.07,22,"gaming, smartphone, fashion",0,Occasional_Buyer
C1250,35,Male,West Angela,2024-08-04,T2250,2025-04-18 04:51:18,108.38,Grocery,UPI,3,11.32,8,"bluetooth, eco_friendly, home_decor, camera",1,Occasional_Buyer
C1251,57,Other,East Jacquelineton,2023-05-21,T2251,2025-03-31 08:03:11,4.3,Grocery,UPI,1,9.07,21,"eco_friendly, bluetooth",0,Occasional_Buyer
C1252,18,Male,South Kristiside,2023-12-21,T2252,2025-04-08 10:49:50,153.14,Fitness,Wallet,9,13.43,5,"smartphone, fitness, camera",1,High_Spender
C1253,28,Other,North Robert,2023-07-27,T2253,2025-04-17 16:51:16,17.67,Fitness,UPI,14,10.36,14,"smartphone, fashion, fitness",0,Occasional_Buyer
C1254,45,Male,South Amandaville,2024-09-19,T2254,2025-04-15 17:59:19,165.97,Beauty,Card,10,12.74,18,"smartphone, bluetooth, eco_friendly",1,High_Spender
C1255,42,Female,Selenastad,2025-01-06,T2255,2025-04-06 09:22:01,34.77,Grocery,Card,11,7.54,5,"organic, fitness",0,Occasional_Buyer
C1256,40,Female,Victoriamouth,2024-02-05,T2256,2025-04-01 04:25:13,102.61,Home,Card,4,8.24,18,"5G, bluetooth",1,Occasional_Buyer
C1257,48,Male,Colechester,2022-11-20,T2257,2025-03-30 18:47:33,30.76,Beauty,Card,5,10.29,6,"organic, 5G",0,Occasional_Buyer
C1258,47,Female,West Johnview,2024-01-30,T2258,2025-04-21 06:28:58,189.08,Fitness,UPI,7,6.29,22,"laptop, headphones, fitness",1,High_Spender
C1259,59,Female,West Emmaton,2024-09-20,T2259,2025-04-05 09:00:21,10.83,Electronics,Wallet,1,8.89,15,"laptop, bluetooth, 5G, eco_friendly",0,Occasional_Buyer
C1260,52,Male,Robertburgh,2023-12-11,T2260,2025-03-29 20:06:20,15.73,Beauty,Cash on Delivery,3,6.16,6,"organic, gaming, bluetooth",0,Occasional_Buyer
C1261,24,Male,West Jodi,2024-12-17,T2261,2025-04-21 04:15:19,54.34,Fashion,Cash on Delivery,14,5.37,6,"5G, laptop, fashion",1,Occasional_Buyer
C1262,33,Female,Farrellview,2024-12-14,T2262,2025-04-10 04:04:10,6.84,Home,Cash on Delivery,3,17.31,9,"fitness, organic",0,Occasional_Buyer
C1263,43,Female,West Antonioton,2023-04-03,T2263,2025-04-23 10:50:08,17.45,Beauty,Cash on Delivery,2,8.17,23,"smartphone, eco_friendly",0,Occasional_Buyer
C1264,19,Other,Larryview,2023-12-06,T2264,2025-04-07 10:09:39,230.26,Fitness,Card,8,8.44,14,"home_decor, bluetooth, laptop, smartphone",1,High_Spender
C1265,18,Female,Clarkchester,2024-09-11,T2265,2025-04-04 00:21:26,300.03,Fitness,UPI,5,10.24,4,"smartphone, eco_friendly",1,High_Spender
C1266,29,Other,Lake Paulview,2022-08-07,T2266,2025-04-06 22:49:59,37.76,Home,UPI,1,6.81,18,"organic, eco_friendly, laptop, home_decor",0,Occasional_Buyer
C1267,22,Female,East Ashley,2023-03-03,T2267,2025-04-07 06:03:17,205.41,Fashion,Cash on Delivery,12,8.49,9,"headphones, smartphone",1,High_Spender
C1268,54,Male,Jesseside,2024-05-11,T2268,2025-04-06 17:47:50,62.97,Beauty,Cash on Delivery,2,15.5,21,"camera, laptop",1,Occasional_Buyer
C1269,49,Male,Port Rachelfurt,2024-01-19,T2269,2025-04-16 08:39:39,25.15,Beauty,Wallet,1,11.07,13,"home_decor, eco_friendly, smartphone",0,Occasional_Buyer
C1270,26,Female,Navarroshire,2022-10-02,T2270,2025-04-11 17:51:27,96.96,Grocery,Wallet,6,12.96,3,"smartphone, 5G, organic",1,Occasional_Buyer
C1271,58,Female,North Juan,2024-10-29,T2271,2025-04-18 15:21:13,86.05,Electronics,Wallet,9,14.72,11,"gaming, home_decor, eco_friendly, 5G",1,Occasional_Buyer
C1272,52,Male,Taylorberg,2025-03-14,T2272,2025-04-09 21:44:51,361.71,Fitness,Card,11,10.63,7,"5G, eco_friendly, home_decor",1,High_Spender
C1273,36,Male,West Catherine,2022-05-06,T2273,2025-04-15 23:05:22,24.64,Beauty,UPI,7,9.34,19,"laptop, fitness",0,Occasional_Buyer
C1274,33,Other,West Ericmouth,2024-06-23,T2274,2025-04-20 23:07:31,89.19,Beauty,Card,5,5.7,3,"organic, fashion, headphones",1,Occasional_Buyer
C1275,20,Female,New Alexiston,2024-06-30,T2275,2025-04-24 11:37:30,4.27,Beauty,Card,12,8.85,19,"organic, smartphone",0,Occasional_Buyer
C1276,37,Male,Brianport,2025-02-10,T2276,2025-04-08 21:01:15,9.65,Fashion,UPI,13,9.51,14,"fitness, smartphone",0,Occasional_Buyer
C1277,41,Female,New Kyleburgh,2023-11-08,T2277,2025-04-15 15:42:27,0.31,Electronics,Wallet,3,7.58,15,"gaming, bluetooth, headphones",0,Occasional_Buyer
C1278,50,Male,South Christineburgh,2022-10-19,T2278,2025-03-29 20:52:41,602.02,Beauty,UPI,12,14.64,13,"bluetooth, organic, eco_friendly, 5G",1,Loyal_Engaged
C1279,41,Male,Thomaschester,2024-04-21,T2279,2025-03-27 17:06:23,129.67,Home,Cash on Delivery,12,13.31,15,"eco_friendly, 5G, headphones, fashion",1,Loyal_Engaged
C1280,28,Male,West Christina,2022-07-05,T2280,2025-04-07 02:51:09,123.61,Fitness,Wallet,8,12.96,15,"organic, smartphone, headphones, home_decor",1,High_Spender
C1281,25,Male,South Breannamouth,2022-11-28,T2281,2025-04-20 19:46:37,57.02,Grocery,UPI,10,9.65,8,"camera, headphones, home_decor",1,Occasional_Buyer
C1282,53,Female,West Matthew,2024-03-31,T2282,2025-04-17 07:16:26,28.54,Home,Card,4,6.9,24,"camera, fashion, headphones, smartphone",0,Occasional_Buyer
C1283,55,Male,Pattersonton,2022-05-29,T2283,2025-04-17 11:46:06,13.12,Fitness,UPI,9,13.98,8,"laptop, camera",0,Occasional_Buyer
C1284,57,Female,West Taylor,2024-01-31,T2284,2025-04-14 15:21:06,26.8,Fashion,Wallet,5,11.01,22,"fitness, 5G",0,Occasional_Buyer
C1285,37,Female,Tylermouth,2024-10-24,T2285,2025-03-26 02:02:35,37.72,Electronics,Cash on Delivery,14,12.32,23,"smartphone, gaming",0,Loyal_Engaged
C1286,52,Male,West Carriemouth,2023-12-19,T2286,2025-04-10 22:14:28,112.95,Electronics,Card,6,11.86,12,"gaming, organic, fashion",1,Occasional_Buyer
C1287,42,Female,Lake Kevin,2023-03-07,T2287,2025-03-31 21:55:08,62.06,Fitness,Cash on Delivery,5,10.93,21,"fashion, laptop, 5G",1,Occasional_Buyer
C1288,52,Female,New Susan,2024-05-15,T2288,2025-03-28 20:08:44,6.45,Home,Cash on Delivery,10,16.0,5,"gaming, fitness, bluetooth, fashion",0,Occasional_Buyer
C1289,42,Female,Jeffreyburgh,2024-12-14,T2289,2025-04-09 20:10:29,1.46,Grocery,Card,12,8.03,9,"headphones, camera, eco_friendly, fashion",0,Occasional_Buyer
C1290,46,Male,Jamesberg,2023-01-03,T2290,2025-04-10 21:55:53,8.64,Fashion,UPI,11,9.07,7,"camera, laptop",0,Occasional_Buyer
C1291,35,Female,Gordonland,2023-09-08,T2291,2025-03-28 11:10:16,42.28,Fitness,UPI,7,14.92,10,"bluetooth, 5G, fitness, home_decor",0,Occasional_Buyer
C1292,63,Female,North Alison,2024-11-07,T2292,2025-04-14 02:10:56,216.48,Fashion,Cash on Delivery,7,10.25,7,"fitness, bluetooth",1,High_Spender
C1293,35,Male,North Amberside,2022-05-06,T2293,2025-04-12 13:15:39,81.16,Electronics,UPI,1,9.62,14,"5G, bluetooth, home_decor",1,Occasional_Buyer
C1294,19,Male,Kimberlyport,2023-10-12,T2294,2025-04-02 11:34:01,129.49,Beauty,Wallet,2,9.24,6,"headphones, bluetooth, organic, home_decor",1,High_Spender
C1295,52,Female,Matthewstown,2025-03-20,T2295,2025-04-23 20:12:45,50.24,Beauty,Cash on Delivery,7,12.04,21,"bluetooth, fashion, laptop",0,Occasional_Buyer
C1296,33,Female,Stuartfurt,2023-01-30,T2296,2025-04-15 02:43:59,35.91,Grocery,Cash on Delivery,8,9.31,20,"fashion, laptop",0,Occasional_Buyer
C1297,58,Male,Lake Markmouth,2024-10-14,T2297,2025-04-14 15:14:15,9.18,Fashion,Cash on Delivery,4,8.98,5,"gaming, fitness, organic, headphones",0,Occasional_Buyer
C1298,53,Female,Port Anne,2022-10-17,T2298,2025-04-07 02:31:58,166.95,Fitness,Wallet,6,11.99,9,"camera, laptop",1,High_Spender
C1299,50,Male,Marquezfurt,2024-12-25,T2299,2025-03-30 15:53:25,122.29,Grocery,Cash on Delivery,11,10.28,10,"fitness, home_decor",1,High_Spender
C1300,21,Female,Coryside,2025-01-29,T2300,2025-04-05 15:44:36,14.73,Home,UPI,12,6.97,17,"fashion, headphones, smartphone",0,Occasional_Buyer
C1301,50,Male,Goodmanport,2023-06-19,T2301,2025-04-13 07:09:58,57.44,Beauty,UPI,10,10.1,23,"organic, smartphone, eco_friendly",1,Occasional_Buyer
C1302,31,Female,New Charleneberg,2025-03-12,T2302,2025-04-14 05:12:57,53.46,Fitness,UPI,3,14.18,19,"fashion, smartphone, fitness, eco_friendly",1,Occasional_Buyer
C1303,38,Male,Alberthaven,2023-06-06,T2303,2025-03-27 07:37:05,78.49,Fashion,UPI,7,12.3,21,"bluetooth, headphones, camera",1,Occasional_Buyer
C1304,37,Male,Antonioborough,2023-02-13,T2304,2025-04-12 06:16:41,233.78,Grocery,Cash on Delivery,11,14.55,6,"home_decor, 5G",1,Loyal_Engaged
C1305,25,Male,East Sarah,2023-11-23,T2305,2025-04-09 20:47:42,69.36,Fitness,Wallet,3,7.81,18,"smartphone, bluetooth, 5G",1,Occasional_Buyer
C1306,24,Male,Smithton,2023-06-28,T2306,2025-03-26 13:12:35,62.16,Grocery,Card,11,13.21,15,"smartphone, 5G",1,Loyal_Engaged
C1307,20,Female,Wallsborough,2024-06-24,T2307,2025-04-13 02:55:06,4.13,Grocery,UPI,7,8.05,14,"organic, home_decor, fashion, bluetooth",0,Occasional_Buyer
C1308,34,Male,Andersonview,2022-10-02,T2308,2025-03-31 11:48:22,5.2,Grocery,Card,12,6.3,6,"organic, camera, fashion",0,Occasional_Buyer
C1309,50,Female,Amandafurt,2025-03-14,T2309,2025-04-11 16:57:36,16.6,Fashion,Card,11,7.59,14,"smartphone, bluetooth, eco_friendly, fitness",0,Occasional_Buyer
C1310,29,Male,Johnsonland,2024-04-25,T2310,2025-03-28 09:22:17,2.64,Fitness,Cash on Delivery,12,10.39,19,"home_decor, organic",0,Occasional_Buyer
C1311,39,Male,Moorebury,2022-07-26,T2311,2025-04-21 01:06:48,108.8,Electronics,UPI,11,13.08,11,"gaming, fitness",1,Loyal_Engaged
C1312,39,Male,West Chadside,2025-01-05,T2312,2025-03-28 18:38:42,102.79,Electronics,UPI,8,10.93,14,"fashion, eco_friendly, home_decor",1,Occasional_Buyer
C1313,63,Male,Edwardsbury,2024-02-14,T2313,2025-04-15 22:21:53,11.7,Fashion,UPI,3,9.54,17,"5G, headphones",0,Occasional_Buyer
C1314,47,Male,Travisville,2022-12-19,T2314,2025-04-22 15:48:39,144.67,Fashion,Card,2,6.9,22,"camera, smartphone, home_decor",1,High_Spender
C1315,55,Male,New Ryanburgh,2024-10-22,T2315,2025-04-09 08:12:19,13.45,Beauty,UPI,12,12.12,4,"5G, fitness, camera, smartphone",0,Loyal_Engaged
C1316,55,Female,Taylorton,2024-05-16,T2316,2025-04-22 21:05:45,28.67,Grocery,UPI,6,12.89,11,"gaming, organic, smartphone, 5G",0,Occasional_Buyer
C1317,62,Male,Bellmouth,2024-04-05,T2317,2025-04-04 19:52:03,22.91,Fitness,Wallet,4,10.89,16,"smartphone, laptop, gaming, organic",0,Occasional_Buyer
C1318,25,Female,Charlesborough,2022-06-11,T2318,2025-03-27 11:37:26,37.26,Fitness,Cash on Delivery,8,6.84,6,"organic, laptop, gaming, 5G",0,Occasional_Buyer
C1319,44,Female,Scottshire,2022-10-25,T2319,2025-04-07 13:15:37,23.51,Home,UPI,13,12.43,6,"fitness, organic, headphones, home_decor",0,Loyal_Engaged
C1320,44,Male,New Matthew,2022-07-06,T2320,2025-03-29 18:33:55,53.7,Home,UPI,14,13.68,8,"camera, fitness, smartphone",1,Loyal_Engaged
C1321,51,Female,Christophermouth,2024-04-05,T2321,2025-04-08 10:05:21,41.86,Electronics,Cash on Delivery,2,14.6,7,"gaming, camera",0,Occasional_Buyer
C1322,38,Other,Annamouth,2024-04-18,T2322,2025-04-17 13:09:57,344.82,Home,Cash on Delivery,4,8.69,19,"eco_friendly, smartphone, fitness, camera",1,High_Spender
C1323,47,Female,Martinberg,2023-03-05,T2323,2025-04-11 03:15:23,4.6,Home,Card,2,11.31,15,"camera, fitness, laptop, gaming",0,Occasional_Buyer
C1324,50,Female,Phillipsbury,2025-02-12,T2324,2025-04-13 10:58:37,12.27,Electronics,Card,14,8.4,22,"organic, fashion, fitness, bluetooth",0,Occasional_Buyer
C1325,45,Male,New Barbara,2024-04-22,T2325,2025-04-17 05:28:56,4.34,Beauty,Card,2,7.23,19,"gaming, 5G, camera, fitness",0,Occasional_Buyer
C1326,64,Female,Robertsstad,2022-06-14,T2326,2025-04-18 07:23:31,78.65,Electronics,Cash on Delivery,2,14.75,21,"smartphone, headphones, laptop",1,Occasional_Buyer
C1327,50,Female,Port Kristine,2023-07-05,T2327,2025-04-05 08:45:17,4.48,Home,Wallet,1,11.69,3,"home_decor, laptop",0,Occasional_Buyer
C1328,22,Female,East Davidside,2022-06-22,T2328,2025-03-31 01:20:12,144.85,Fitness,UPI,4,13.88,23,"organic, smartphone",1,High_Spender
C1329,36,Other,New Kevin,2024-06-20,T2329,2025-04-17 09:08:05,57.39,Home,Cash on Delivery,2,6.33,19,"bluetooth, organic",1,Occasional_Buyer
C1330,21,Male,Brianhaven,2022-08-25,T2330,2025-04-13 19:57:16,59.89,Grocery,Wallet,9,10.87,24,"fitness, camera, fashion",1,Occasional_Buyer
C1331,52,Male,Lake Elizabethtown,2022-06-06,T2331,2025-04-09 12:26:10,65.97,Grocery,Cash on Delivery,9,11.52,5,"laptop, bluetooth, home_decor, fitness",1,Occasional_Buyer
C1332,34,Female,Matthewburgh,2024-01-13,T2332,2025-04-10 20:24:59,14.98,Grocery,Wallet,11,7.5,16,"fitness, camera, organic, home_decor",0,Occasional_Buyer
C1333,61,Female,Kyleburgh,2024-03-04,T2333,2025-04-19 00:28:42,17.62,Beauty,Cash on Delivery,11,14.46,14,"fitness, organic",0,Loyal_Engaged
C1334,45,Male,Riverahaven,2023-04-07,T2334,2025-04-04 20:13:58,30.71,Fashion,Cash on Delivery,7,9.26,17,"smartphone, gaming, eco_friendly",0,Occasional_Buyer
C1335,47,Male,Fredhaven,2024-11-18,T2335,2025-04-22 17:25:44,72.01,Grocery,Wallet,6,11.36,8,"5G, headphones",1,Occasional_Buyer
C1336,46,Male,Lake Luis,2023-11-05,T2336,2025-04-24 07:27:02,18.87,Fitness,Wallet,12,8.35,22,"fashion, bluetooth, camera",0,Occasional_Buyer
C1337,63,Male,North Lindaside,2024-06-07,T2337,2025-03-25 20:20:20,9.89,Beauty,Wallet,3,6.42,24,"gaming, headphones",0,Occasional_Buyer
C1338,23,Female,West Russell,2022-07-02,T2338,2025-04-16 03:10:55,280.84,Fashion,Wallet,14,12.74,4,"eco_friendly, gaming",1,Loyal_Engaged
C1339,52,Female,Simonton,2022-08-13,T2339,2025-04-13 22:21:11,1.78,Fashion,Wallet,12,11.14,6,"laptop, eco_friendly, gaming, 5G",0,Occasional_Buyer
C1340,58,Male,West Martinmouth,2023-08-15,T2340,2025-04-10 11:33:05,129.84,Grocery,Wallet,14,10.71,15,"laptop, home_decor, headphones",1,High_Spender
C1341,54,Male,Huntermouth,2024-12-18,T2341,2025-04-06 13:29:32,124.11,Home,Wallet,7,9.17,15,"home_decor, 5G",1,High_Spender
C1342,41,Male,Castilloberg,2022-12-11,T2342,2025-04-04 05:59:25,28.22,Electronics,Wallet,1,11.06,24,"eco_friendly, fitness, headphones, organic",0,Occasional_Buyer
C1343,46,Male,Gregoryberg,2025-03-20,T2343,2025-04-01 08:44:56,11.66,Home,Cash on Delivery,9,13.8,19,"camera, organic, 5G",0,Occasional_Buyer
C1344,63,Female,New Manuelmouth,2023-03-25,T2344,2025-04-06 17:02:45,12.59,Home,Wallet,4,7.95,8,"smartphone, fitness",0,Occasional_Buyer
C1345,48,Other,West Jenniferfort,2022-09-19,T2345,2025-04-02 20:07:33,95.64,Fashion,Wallet,6,11.68,13,"smartphone, laptop",1,Occasional_Buyer
C1346,52,Female,New Raymond,2022-12-19,T2346,2025-04-17 13:34:23,82.36,Fashion,Cash on Delivery,6,10.61,21,"5G, organic, gaming, bluetooth",1,Occasional_Buyer
C1347,50,Male,Kathleenchester,2022-09-13,T2347,2025-03-30 04:54:29,122.13,Beauty,Cash on Delivery,11,9.45,18,"laptop, eco_friendly, camera",1,High_Spender
C1348,38,Female,East Charlesburgh,2023-02-23,T2348,2025-04-04 07:19:55,221.78,Beauty,Card,3,5.06,10,"gaming, headphones",1,High_Spender
C1349,49,Female,Brittneyborough,2024-05-10,T2349,2025-03-30 06:26:57,94.19,Fashion,Card,4,9.96,3,"organic, home_decor, fashion",1,Occasional_Buyer
C1350,40,Female,South Matthew,2022-11-30,T2350,2025-04-21 01:53:34,13.55,Fitness,Wallet,13,12.02,12,"laptop, headphones, bluetooth, 5G",0,Loyal_Engaged
C1351,50,Female,Williamsmouth,2025-02-04,T2351,2025-04-23 03:14:07,22.32,Fitness,Wallet,11,10.97,4,"smartphone, headphones, fashion, camera",0,Occasional_Buyer
C1352,20,Male,Robertchester,2022-04-29,T2352,2025-04-14 03:20:52,147.71,Electronics,Card,10,5.68,21,"5G, fitness, smartphone",1,High_Spender
C1353,35,Male,Holtshire,2025-02-03,T2353,2025-03-28 16:48:27,18.79,Fashion,Card,3,13.74,16,"gaming, smartphone",0,Occasional_Buyer
C1354,42,Male,Stephanieview,2023-05-23,T2354,2025-04-01 21:57:14,6.02,Grocery,UPI,13,14.94,5,"home_decor, laptop, camera, smartphone",0,Loyal_Engaged
C1355,59,Male,Lake Zacharyburgh,2024-10-09,T2355,2025-03-28 10:57:53,97.2,Beauty,UPI,6,9.67,11,"laptop, fitness",1,Occasional_Buyer
C1356,48,Male,New Keithshire,2024-02-03,T2356,2025-04-24 01:21:49,41.2,Fashion,Wallet,1,16.93,10,"eco_friendly, 5G",0,Occasional_Buyer
C1357,20,Female,Lucaschester,2024-05-07,T2357,2025-04-12 00:59:09,202.1,Fitness,UPI,8,7.51,13,"home_decor, smartphone, 5G, camera",1,High_Spender
C1358,57,Female,New Valerieberg,2022-08-26,T2358,2025-04-07 04:06:38,84.04,Fashion,Card,8,6.18,17,"organic, headphones, fitness",1,Occasional_Buyer
C1359,63,Female,Port Jefferyburgh,2024-03-24,T2359,2025-04-09 05:03:12,7.58,Fitness,Wallet,9,6.96,8,"eco_friendly, 5G, bluetooth, laptop",0,Occasional_Buyer
C1360,41,Male,South Chadmouth,2024-10-19,T2360,2025-04-09 18:04:15,236.3,Fashion,Cash on Delivery,6,10.74,4,"camera, 5G",1,High_Spender
C1361,49,Other,East Mark,2023-05-01,T2361,2025-04-17 12:42:34,23.93,Grocery,Cash on Delivery,1,4.66,3,"organic, smartphone, headphones, bluetooth",0,Occasional_Buyer
C1362,64,Other,Mccarthyton,2024-07-26,T2362,2025-04-04 21:49:59,32.9,Electronics,Card,3,9.07,5,"home_decor, bluetooth, organic",0,Occasional_Buyer
C1363,39,Female,Carlosfurt,2023-12-26,T2363,2025-04-13 21:53:50,41.17,Grocery,UPI,1,18.8,20,"gaming, headphones, bluetooth, fitness",0,Occasional_Buyer
C1364,40,Other,Gilberthaven,2022-11-10,T2364,2025-04-21 09:26:35,4.21,Fitness,Cash on Delivery,13,5.49,16,"headphones, organic, gaming",0,Occasional_Buyer
C1365,19,Female,Harrismouth,2023-11-24,T2365,2025-03-26 23:43:40,54.9,Beauty,UPI,5,8.36,19,"laptop, smartphone, camera, home_decor",1,Occasional_Buyer
C1366,44,Other,Amandaside,2022-07-23,T2366,2025-04-20 22:26:30,10.53,Beauty,Cash on Delivery,3,6.89,4,"camera, gaming",0,Occasional_Buyer
C1367,59,Male,West Robert,2022-05-30,T2367,2025-04-12 00:50:44,41.0,Home,UPI,14,9.15,21,"gaming, fashion",0,Occasional_Buyer
C1368,19,Male,North Dustin,2022-05-25,T2368,2025-04-15 08:24:37,34.55,Grocery,Cash on Delivery,2,8.96,24,"fashion, bluetooth",0,Occasional_Buyer
C1369,43,Male,Jennifermouth,2023-10-28,T2369,2025-04-05 01:05:26,118.57,Fashion,Cash on Delivery,3,7.99,11,"home_decor, headphones",1,Occasional_Buyer
C1370,34,Male,South Derrick,2024-03-18,T2370,2025-03-27 07:20:43,130.03,Electronics,Wallet,9,9.53,10,"headphones, home_decor",1,High_Spender
C1371,57,Male,Lake Edwin,2023-12-31,T2371,2025-04-04 18:43:45,13.32,Fashion,Wallet,11,11.9,12,"laptop, organic, fashion",0,Occasional_Buyer
C1372,50,Female,Christopherland,2023-08-15,T2372,2025-04-03 03:14:14,36.53,Fashion,Card,8,14.16,11,"camera, 5G, bluetooth, fitness",0,Occasional_Buyer
C1373,26,Female,Robertmouth,2024-10-05,T2373,2025-04-10 03:04:31,37.39,Grocery,Cash on Delivery,13,9.15,10,"fitness, 5G, organic, headphones",0,Occasional_Buyer
C1374,60,Female,Fosterport,2024-01-10,T2374,2025-04-22 18:15:16,13.13,Electronics,UPI,3,10.02,9,"fitness, camera, gaming",0,Occasional_Buyer
C1375,56,Male,Port Saraberg,2025-02-16,T2375,2025-03-27 21:47:36,128.14,Home,Cash on Delivery,11,11.39,24,"fitness, camera, eco_friendly, home_decor",1,High_Spender
C1376,46,Female,Mooreside,2023-02-17,T2376,2025-04-18 09:24:34,98.27,Fashion,UPI,2,6.29,8,"camera, smartphone, 5G",1,Occasional_Buyer
C1377,59,Female,Melendezborough,2024-08-02,T2377,2025-04-20 03:34:54,16.9,Electronics,UPI,5,9.54,4,"bluetooth, headphones",0,Occasional_Buyer
C1378,43,Male,Robertview,2023-12-24,T2378,2025-04-01 00:22:51,36.55,Home,Cash on Delivery,12,8.48,11,"headphones, smartphone, laptop",0,Occasional_Buyer
C1379,52,Female,Yoderview,2024-04-25,T2379,2025-04-17 04:00:05,8.95,Fashion,UPI,12,12.86,11,"5G, smartphone, gaming",0,Loyal_Engaged
C1380,42,Male,East Josehaven,2022-06-27,T2380,2025-04-15 15:24:48,79.15,Electronics,Card,13,15.26,21,"home_decor, headphones, fashion, eco_friendly",1,Loyal_Engaged
C1381,41,Male,Mejiaview,2023-11-13,T2381,2025-03-30 13:00:24,10.35,Grocery,Wallet,12,7.67,11,"organic, fitness, smartphone",0,Occasional_Buyer
C1382,30,Other,Rebeccaborough,2024-08-24,T2382,2025-04-05 18:44:27,341.12,Beauty,UPI,1,13.84,4,"smartphone, home_decor",1,High_Spender
C1383,24,Male,Kington,2023-08-03,T2383,2025-04-15 05:06:45,121.38,Beauty,Cash on Delivery,4,5.62,21,"fitness, fashion, eco_friendly",1,High_Spender
C1384,53,Female,Port Heather,2023-10-20,T2384,2025-04-09 08:57:41,39.57,Fashion,Wallet,8,10.6,18,"fitness, fashion, 5G",0,Occasional_Buyer
C1385,62,Female,Jonesshire,2024-08-15,T2385,2025-03-31 15:05:12,69.13,Fashion,Card,1,10.78,24,"laptop, bluetooth, eco_friendly",1,Occasional_Buyer
C1386,37,Female,Timothyshire,2024-08-01,T2386,2025-04-20 16:07:23,193.84,Electronics,UPI,5,5.55,16,"camera, fitness, home_decor, organic",1,High_Spender
C1387,18,Male,Port Pamelaport,2025-03-19,T2387,2025-04-19 07:34:29,64.61,Beauty,UPI,12,7.51,22,"fitness, camera",1,Occasional_Buyer
C1388,25,Male,Danielsport,2022-11-23,T2388,2025-04-19 14:19:17,15.34,Fashion,Wallet,4,7.22,3,"home_decor, organic",0,Occasional_Buyer
C1389,63,Male,Amyborough,2025-03-20,T2389,2025-04-19 10:20:17,38.08,Home,UPI,6,6.07,15,"camera, smartphone, eco_friendly, home_decor",0,Occasional_Buyer
C1390,33,Female,South Robert,2022-05-16,T2390,2025-04-16 03:20:16,148.19,Fashion,Cash on Delivery,7,2.0,24,"organic, fashion, camera, headphones",1,High_Spender
C1391,31,Male,Frankmouth,2022-05-08,T2391,2025-04-09 14:44:50,82.67,Beauty,Wallet,9,9.38,4,"laptop, home_decor",1,Occasional_Buyer
C1392,29,Male,New Tammy,2024-12-16,T2392,2025-04-05 16:15:50,84.15,Fitness,Wallet,1,9.74,24,"smartphone, fitness, fashion",1,Occasional_Buyer
C1393,40,Other,Brownview,2022-08-06,T2393,2025-04-18 12:09:50,161.29,Beauty,UPI,11,9.72,16,"bluetooth, eco_friendly, organic, 5G",1,High_Spender
C1394,32,Female,West Kellystad,2022-08-24,T2394,2025-03-26 02:52:23,179.52,Home,Card,10,12.3,3,"eco_friendly, fashion, camera, laptop",1,High_Spender
C1395,45,Male,South Alexander,2023-03-16,T2395,2025-04-05 13:14:58,201.85,Electronics,Card,4,4.19,17,"smartphone, gaming, 5G, laptop",1,High_Spender
C1396,51,Female,New Donald,2023-11-24,T2396,2025-04-09 15:04:50,7.97,Home,Card,6,8.86,20,"bluetooth, smartphone, eco_friendly",0,Occasional_Buyer
C1397,19,Female,Elizabethville,2023-04-28,T2397,2025-04-10 19:19:41,62.84,Fitness,Card,10,17.68,11,"laptop, camera",1,Occasional_Buyer
C1398,49,Male,Garciaview,2023-04-20,T2398,2025-04-05 00:27:38,107.92,Fitness,Wallet,7,12.66,24,"bluetooth, headphones",1,Occasional_Buyer
C1399,40,Male,Heidiburgh,2022-11-25,T2399,2025-04-12 12:08:19,113.15,Fashion,Wallet,7,12.68,10,"gaming, headphones",1,Occasional_Buyer
C1400,39,Female,Lake Allenbury,2022-06-13,T2400,2025-04-08 02:06:55,74.66,Fashion,UPI,8,6.95,9,"organic, fashion, laptop",1,Occasional_Buyer
C1401,42,Female,Georgeton,2025-01-17,T2401,2025-04-20 21:59:14,14.6,Beauty,Card,14,9.41,11,"gaming, headphones, smartphone, home_decor",0,Occasional_Buyer
C1402,39,Female,Shawfurt,2024-07-24,T2402,2025-04-20 04:52:12,127.73,Grocery,Card,10,3.1,11,"home_decor, gaming, organic, bluetooth",1,High_Spender
C1403,39,Male,West Kristopherland,2023-05-31,T2403,2025-04-12 08:18:12,101.87,Home,UPI,8,11.76,13,"camera, fashion",1,Occasional_Buyer
C1404,59,Male,Julieshire,2022-10-22,T2404,2025-04-08 00:50:53,7.21,Beauty,UPI,8,14.2,6,"fashion, gaming, eco_friendly",0,Occasional_Buyer
C1405,23,Male,Keithshire,2025-03-06,T2405,2025-04-02 22:04:00,49.86,Grocery,UPI,8,5.65,9,"headphones, gaming",0,Occasional_Buyer
C1406,32,Male,East Amandatown,2022-06-15,T2406,2025-03-29 15:42:58,15.29,Beauty,Cash on Delivery,12,6.52,23,"eco_friendly, camera, smartphone, headphones",0,Occasional_Buyer
C1407,60,Male,South Alexandra,2023-01-31,T2407,2025-04-18 13:45:07,32.94,Fitness,UPI,8,9.9,9,"bluetooth, laptop",0,Occasional_Buyer
C1408,54,Male,Michaelfort,2025-02-08,T2408,2025-04-17 06:11:27,1.46,Fashion,UPI,6,10.46,6,"laptop, organic, fashion, smartphone",0,Occasional_Buyer
C1409,50,Female,Charlesfort,2024-04-15,T2409,2025-04-07 15:13:34,40.91,Fashion,Cash on Delivery,9,8.37,14,"5G, eco_friendly, headphones",0,Occasional_Buyer
C1410,25,Other,Lisamouth,2024-08-14,T2410,2025-04-13 12:07:16,63.86,Beauty,Card,3,7.55,19,"gaming, fitness",1,Occasional_Buyer
C1411,61,Female,Penningtonport,2022-06-08,T2411,2025-04-01 05:10:33,77.32,Fashion,Wallet,6,7.59,22,"organic, camera, bluetooth, gaming",1,Occasional_Buyer
C1412,61,Female,Walshstad,2024-07-11,T2412,2025-04-03 22:03:36,87.13,Electronics,Card,5,9.85,5,"bluetooth, smartphone, headphones",1,Occasional_Buyer
C1413,22,Male,Ericburgh,2022-10-10,T2413,2025-03-26 09:51:20,144.77,Beauty,Wallet,8,11.76,11,"laptop, fitness, fashion",1,High_Spender
C1414,56,Other,Curtishaven,2024-03-05,T2414,2025-04-15 14:21:45,19.41,Fitness,Wallet,4,9.85,7,"eco_friendly, bluetooth, fitness",0,Occasional_Buyer
C1415,21,Male,Stephaniehaven,2024-12-11,T2415,2025-04-11 06:55:53,10.27,Beauty,UPI,4,9.57,22,"fitness, eco_friendly, fashion, bluetooth",0,Occasional_Buyer
C1416,23,Other,West Christopherhaven,2023-06-21,T2416,2025-04-03 08:58:53,152.59,Beauty,UPI,13,4.72,18,"organic, laptop, fashion",1,High_Spender
C1417,62,Other,Harmonfort,2023-07-30,T2417,2025-04-19 03:35:24,13.63,Fashion,Cash on Delivery,10,12.6,10,"bluetooth, laptop",0,Occasional_Buyer
C1418,49,Female,Lake Sheilastad,2023-07-07,T2418,2025-04-11 09:40:20,294.35,Fitness,Card,11,9.85,23,"laptop, eco_friendly",1,High_Spender
C1419,47,Other,West Elizabeth,2024-02-14,T2419,2025-03-26 19:00:51,147.89,Beauty,Card,10,8.69,18,"fitness, camera, eco_friendly, laptop",1,High_Spender
C1420,64,Female,Johnsonberg,2024-10-04,T2420,2025-04-24 10:07:49,55.59,Fashion,Wallet,13,10.77,21,"smartphone, organic",1,Occasional_Buyer
C1421,52,Male,Robertberg,2023-09-05,T2421,2025-04-06 22:22:19,318.86,Home,UPI,5,7.47,18,"eco_friendly, fashion",1,High_Spender
C1422,57,Male,Millershire,2024-06-10,T2422,2025-04-10 17:31:16,8.2,Fitness,UPI,11,8.75,20,"fashion, organic",0,Occasional_Buyer
C1423,33,Female,Millerside,2023-09-19,T2423,2025-04-06 19:50:29,28.89,Grocery,Card,13,10.32,17,"fashion, laptop",0,Occasional_Buyer
C1424,30,Male,New Ryan,2024-04-07,T2424,2025-03-25 16:56:02,81.34,Electronics,Cash on Delivery,13,7.96,20,"smartphone, fashion, camera",1,Occasional_Buyer
C1425,59,Female,North Susanmouth,2024-07-18,T2425,2025-03-31 02:31:14,34.46,Grocery,UPI,6,5.06,16,"gaming, organic, headphones, smartphone",0,Occasional_Buyer
C1426,47,Other,Lake Whitneyshire,2025-03-16,T2426,2025-03-26 04:34:37,210.9,Fitness,Cash on Delivery,11,4.57,18,"gaming, headphones",1,High_Spender
C1427,36,Male,East Joyce,2023-10-13,T2427,2025-03-31 02:25:44,5.43,Beauty,Card,4,11.34,7,"organic, fitness, smartphone",0,Occasional_Buyer
C1428,34,Female,Coxhaven,2025-02-02,T2428,2025-03-28 14:25:49,63.78,Fashion,Card,2,9.91,10,"camera, fashion, headphones, gaming",1,Occasional_Buyer
C1429,36,Other,Bennettchester,2022-11-03,T2429,2025-04-08 02:13:55,71.5,Fitness,Cash on Delivery,12,9.8,18,"bluetooth, headphones, home_decor",1,Occasional_Buyer
C1430,45,Other,Debrastad,2024-12-15,T2430,2025-03-31 21:31:53,84.61,Electronics,UPI,12,6.51,23,"home_decor, eco_friendly, bluetooth",1,Occasional_Buyer
C1431,43,Other,East Timothyton,2025-01-04,T2431,2025-03-29 12:32:21,23.62,Fitness,Card,14,9.94,3,"headphones, eco_friendly, gaming, organic",0,Occasional_Buyer
C1432,54,Female,South Stephanie,2022-11-25,T2432,2025-04-19 04:44:21,36.28,Fashion,Wallet,2,8.8,13,"smartphone, laptop, eco_friendly, bluetooth",0,Occasional_Buyer
C1433,43,Other,North Johnside,2023-01-28,T2433,2025-04-09 10:56:45,148.47,Grocery,Card,12,8.2,13,"home_decor, fitness, bluetooth",1,High_Spender
C1434,40,Female,Jackborough,2023-12-11,T2434,2025-04-07 21:41:24,17.35,Home,UPI,3,9.77,4,"headphones, camera, organic, home_decor",0,Occasional_Buyer
C1435,26,Male,Lake Katherineburgh,2022-11-29,T2435,2025-04-15 04:55:47,140.3,Grocery,Wallet,2,10.89,24,"fitness, gaming, 5G",1,High_Spender
C1436,29,Female,East Kevin,2024-06-20,T2436,2025-03-30 13:58:10,66.16,Fashion,Card,1,15.25,21,"organic, fashion, gaming, 5G",1,Occasional_Buyer
C1437,18,Female,Sherryton,2025-01-14,T2437,2025-04-21 10:34:25,114.9,Fashion,UPI,14,11.7,7,"home_decor, camera, bluetooth, fashion",1,Occasional_Buyer
C1438,18,Male,North Frank,2024-09-28,T2438,2025-04-12 10:50:46,100.03,Electronics,UPI,8,12.57,5,"5G, eco_friendly",1,Occasional_Buyer
C1439,64,Female,West Richardburgh,2025-02-13,T2439,2025-03-27 10:43:15,18.61,Fitness,Card,12,13.31,10,"bluetooth, fashion, laptop, 5G",0,Loyal_Engaged
C1440,51,Female,Gregoryton,2023-09-24,T2440,2025-04-01 12:27:07,67.3,Fitness,UPI,5,7.71,6,"camera, laptop, organic, home_decor",1,Occasional_Buyer
C1441,49,Male,West Nathanhaven,2022-09-21,T2441,2025-04-14 01:18:41,161.83,Grocery,Cash on Delivery,10,9.04,15,"organic, fashion, home_decor, bluetooth",1,High_Spender
C1442,42,Female,South Brittanybury,2023-06-06,T2442,2025-04-24 05:42:47,45.27,Home,Wallet,1,7.29,24,"headphones, organic, gaming",0,Occasional_Buyer
C1443,57,Female,New Kimberly,2024-09-03,T2443,2025-04-23 12:08:00,271.91,Home,Cash on Delivery,13,7.95,16,"eco_friendly, fitness",1,High_Spender
C1444,62,Female,South Ashley,2024-11-27,T2444,2025-04-15 05:28:18,48.15,Electronics,Card,9,8.72,3,"camera, organic, gaming",0,Occasional_Buyer
C1445,18,Male,Port Kristine,2022-12-16,T2445,2025-04-07 06:17:22,12.33,Fashion,Cash on Delivery,8,7.88,7,"camera, home_decor, 5G",0,Occasional_Buyer
C1446,33,Male,Richardview,2022-12-02,T2446,2025-04-11 22:46:25,39.47,Electronics,Card,4,10.67,23,"organic, fitness, headphones, gaming",0,Occasional_Buyer
C1447,56,Male,Port Kellymouth,2022-10-12,T2447,2025-04-01 18:06:08,242.43,Fitness,Card,8,11.3,9,"fitness, organic",1,High_Spender
C1448,22,Other,Scottton,2022-05-09,T2448,2025-04-09 13:22:43,30.82,Beauty,UPI,13,6.08,8,"camera, smartphone, gaming, 5G",0,Occasional_Buyer
C1449,39,Male,South Anthonyburgh,2023-10-13,T2449,2025-04-09 23:29:24,162.06,Beauty,UPI,12,9.06,17,"headphones, bluetooth, gaming, laptop",1,High_Spender
C1450,46,Female,New Andrewborough,2024-07-16,T2450,2025-04-23 13:18:42,170.46,Beauty,Card,13,9.1,17,"home_decor, eco_friendly",1,High_Spender
C1451,20,Male,Port Mikeville,2022-06-01,T2451,2025-04-19 08:50:00,34.49,Fashion,Wallet,10,5.58,10,"eco_friendly, headphones",0,Occasional_Buyer
C1452,29,Male,East Joelburgh,2022-07-19,T2452,2025-04-12 02:16:00,6.95,Electronics,Wallet,7,7.7,4,"fitness, laptop",0,Occasional_Buyer
C1453,43,Female,Kimstad,2024-04-28,T2453,2025-04-23 23:07:36,103.15,Grocery,Wallet,11,12.62,16,"fashion, 5G, laptop",1,Loyal_Engaged
C1454,33,Female,Jasminestad,2025-01-18,T2454,2025-03-27 12:50:06,29.86,Fitness,Cash on Delivery,11,12.58,18,"5G, fashion",0,Loyal_Engaged
C1455,54,Male,Lewisview,2022-10-06,T2455,2025-03-29 11:40:39,122.2,Beauty,Card,7,5.11,12,"fitness, smartphone",1,High_Spender
C1456,39,Male,Brownstad,2023-01-01,T2456,2025-04-13 23:29:00,46.77,Home,UPI,1,11.42,17,"headphones, home_decor",0,Occasional_Buyer
C1457,46,Male,Pattonton,2023-07-12,T2457,2025-04-15 20:15:56,53.13,Electronics,Cash on Delivery,6,5.59,6,"home_decor, gaming",0,Occasional_Buyer
C1458,31,Female,New Derek,2023-10-13,T2458,2025-04-07 02:05:20,120.37,Fitness,Cash on Delivery,13,8.8,14,"eco_friendly, laptop, camera, smartphone",1,High_Spender
C1459,45,Female,Jeffreyton,2022-11-09,T2459,2025-04-03 05:26:25,38.55,Fitness,UPI,4,9.71,12,"smartphone, laptop",0,Occasional_Buyer
C1460,22,Male,Ryanhaven,2024-12-26,T2460,2025-03-25 19:00:18,46.83,Home,Card,14,12.26,4,"smartphone, bluetooth, gaming, fashion",0,Loyal_Engaged
C1461,64,Male,East Leahland,2022-07-14,T2461,2025-04-17 17:53:32,37.75,Home,Cash on Delivery,10,9.48,6,"gaming, camera",0,Occasional_Buyer
C1462,47,Male,New Joyce,2024-11-04,T2462,2025-04-15 07:38:48,36.63,Home,Card,10,6.96,22,"organic, eco_friendly, laptop, headphones",0,Occasional_Buyer
C1463,63,Other,Karenmouth,2023-02-07,T2463,2025-04-10 21:50:17,59.71,Beauty,Card,10,6.45,8,"home_decor, smartphone, gaming",1,Occasional_Buyer
C1464,22,Other,Davisburgh,2024-05-17,T2464,2025-04-22 14:02:49,132.35,Beauty,Card,11,10.5,16,"camera, smartphone, fitness",1,High_Spender
C1465,29,Male,Travisfurt,2024-10-05,T2465,2025-03-29 02:31:34,35.92,Electronics,UPI,12,8.1,5,"smartphone, home_decor, organic",0,Occasional_Buyer
C1466,33,Female,Laurastad,2024-01-30,T2466,2025-03-27 15:52:37,59.43,Home,Card,2,8.77,17,"laptop, smartphone, gaming, bluetooth",1,Occasional_Buyer
C1467,43,Male,Port Colleenmouth,2022-08-26,T2467,2025-04-09 16:43:32,88.87,Grocery,Cash on Delivery,10,12.91,3,"fitness, smartphone, laptop, fashion",1,Occasional_Buyer
C1468,43,Male,South Jacksonview,2022-08-15,T2468,2025-04-04 13:13:51,25.12,Fitness,UPI,7,11.3,21,"eco_friendly, home_decor, fitness",0,Occasional_Buyer
C1469,38,Female,East Ashley,2022-06-27,T2469,2025-04-11 10:33:14,26.01,Home,UPI,9,14.76,3,"bluetooth, fashion, eco_friendly, smartphone",0,Occasional_Buyer
C1470,56,Other,Tammymouth,2023-01-26,T2470,2025-04-04 22:00:41,216.74,Fitness,Cash on Delivery,13,6.95,15,"laptop, fitness",1,High_Spender
C1471,53,Other,South Markfort,2023-05-11,T2471,2025-04-16 07:19:18,102.85,Fashion,UPI,5,7.87,10,"home_decor, laptop",1,Occasional_Buyer
C1472,50,Female,East David,2023-12-05,T2472,2025-04-05 14:40:25,68.87,Fashion,Cash on Delivery,8,10.55,20,"fashion, home_decor, fitness, laptop",1,Occasional_Buyer
C1473,47,Male,New Emily,2023-06-08,T2473,2025-04-23 18:27:44,83.47,Home,Wallet,5,15.46,24,"home_decor, gaming, laptop, 5G",1,Occasional_Buyer
C1474,54,Female,Lake Erinview,2023-03-11,T2474,2025-04-17 01:31:40,2.38,Fitness,Cash on Delivery,14,7.62,5,"gaming, smartphone, fitness",0,Occasional_Buyer
C1475,40,Male,West Elizabeth,2024-08-16,T2475,2025-04-03 17:20:34,77.01,Fashion,UPI,7,10.12,20,"5G, gaming",1,Occasional_Buyer
C1476,27,Female,North Jacob,2023-06-17,T2476,2025-04-11 12:15:32,56.99,Home,Cash on Delivery,7,13.96,22,"5G, eco_friendly",1,Occasional_Buyer
C1477,22,Male,New Justin,2023-09-12,T2477,2025-04-05 20:09:42,63.13,Fitness,Wallet,9,10.15,11,"fashion, eco_friendly, gaming",1,Occasional_Buyer
C1478,53,Female,North Robertberg,2022-11-14,T2478,2025-03-28 19:58:54,35.63,Home,Card,3,13.06,8,"headphones, gaming",0,Occasional_Buyer
C1479,51,Male,Port Patrick,2024-10-10,T2479,2025-04-16 04:08:48,6.8,Beauty,Card,14,15.87,22,"laptop, gaming, home_decor, headphones",0,Loyal_Engaged
C1480,48,Male,Lake Danielleview,2023-06-27,T2480,2025-04-23 00:51:55,17.19,Fitness,Card,1,10.89,4,"fitness, headphones",0,Occasional_Buyer
C1481,27,Other,West Daniel,2022-09-27,T2481,2025-04-06 21:13:41,240.86,Fashion,UPI,2,11.38,6,"laptop, headphones, camera",1,High_Spender
C1482,36,Male,Port Theresa,2023-08-26,T2482,2025-04-12 11:15:21,42.03,Home,Wallet,12,12.23,20,"5G, eco_friendly, home_decor",0,Loyal_Engaged
C1483,49,Female,East Christianville,2025-01-11,T2483,2025-04-16 12:07:19,50.29,Fashion,Cash on Delivery,6,7.29,9,"camera, eco_friendly",0,Occasional_Buyer
C1484,18,Male,Jeffborough,2022-09-19,T2484,2025-04-19 09:27:37,4.33,Home,Cash on Delivery,14,5.56,13,"gaming, eco_friendly, home_decor, bluetooth",0,Occasional_Buyer
C1485,22,Male,Lake Markton,2024-02-25,T2485,2025-04-23 10:16:48,3.06,Electronics,Cash on Delivery,10,10.48,7,"camera, headphones, bluetooth, home_decor",0,Occasional_Buyer
C1486,62,Male,Lake Andreaport,2024-08-10,T2486,2025-04-23 13:44:40,101.04,Fashion,Cash on Delivery,10,8.12,10,"bluetooth, 5G, camera",1,Occasional_Buyer
C1487,21,Male,West Jonberg,2023-02-16,T2487,2025-04-13 23:30:57,61.79,Fashion,UPI,12,13.16,13,"home_decor, fitness",1,Loyal_Engaged
C1488,33,Female,Lake Jamesburgh,2023-01-01,T2488,2025-03-26 19:16:45,56.86,Grocery,UPI,13,10.94,22,"bluetooth, fitness",1,Occasional_Buyer
C1489,41,Male,Port Dakotaton,2024-04-06,T2489,2025-04-18 04:40:53,22.28,Beauty,Wallet,14,13.11,22,"fitness, smartphone, gaming",0,Loyal_Engaged
C1490,33,Other,Mcintoshville,2022-11-02,T2490,2025-04-03 19:46:52,109.24,Fashion,Cash on Delivery,9,6.4,17,"fashion, laptop, gaming, eco_friendly",1,Occasional_Buyer
C1491,19,Female,Port Sierra,2022-12-24,T2491,2025-04-21 19:47:29,14.74,Fitness,Card,3,13.0,5,"headphones, bluetooth",0,Occasional_Buyer
C1492,45,Male,Lewisborough,2024-04-02,T2492,2025-04-06 00:22:45,16.85,Home,UPI,10,3.1,9,"camera, smartphone, laptop, organic",0,Occasional_Buyer
C1493,49,Female,Santoston,2022-07-05,T2493,2025-03-30 21:13:57,49.4,Electronics,Wallet,2,6.64,10,"gaming, bluetooth, headphones, 5G",0,Occasional_Buyer
C1494,44,Female,Lake Kimton,2024-04-02,T2494,2025-03-28 20:23:05,26.98,Fitness,Wallet,11,11.9,13,"fashion, gaming, headphones, fitness",0,Occasional_Buyer
C1495,37,Female,North Jenniferburgh,2023-04-09,T2495,2025-04-18 10:47:19,22.74,Fitness,UPI,1,8.49,12,"smartphone, gaming, fashion, laptop",0,Occasional_Buyer
C1496,41,Male,Port Brandonview,2022-10-10,T2496,2025-04-24 01:03:09,82.9,Fitness,Card,2,8.78,22,"fashion, laptop, smartphone",1,Occasional_Buyer
C1497,29,Male,Freemanshire,2023-04-29,T2497,2025-04-15 15:17:24,84.21,Fitness,Card,3,10.32,11,"fashion, bluetooth",1,Occasional_Buyer
C1498,52,Female,Doylehaven,2024-12-21,T2498,2025-03-29 04:39:33,139.22,Electronics,Cash on Delivery,7,14.27,17,"bluetooth, fashion, home_decor, fitness",1,High_Spender
C1499,50,Other,South Laura,2023-06-14,T2499,2025-04-01 03:36:38,43.26,Grocery,UPI,2,4.23,22,"headphones, laptop, gaming",0,Occasional_Buyer
C1500,50,Female,Reedview,2024-06-03,T2500,2025-04-05 07:01:56,6.07,Beauty,Card,13,13.75,24,"bluetooth, laptop, smartphone, fashion",0,Loyal_Engaged
C1501,60,Male,North Andrew,2024-11-05,T2501,2025-04-16 16:25:31,25.58,Fashion,UPI,5,13.92,7,"5G, smartphone, laptop, fashion",0,Occasional_Buyer
C1502,54,Female,West Ianmouth,2024-08-29,T2502,2025-04-02 14:08:38,312.98,Fitness,Wallet,2,8.49,17,"5G, home_decor, camera, laptop",1,High_Spender
C1503,29,Female,Sharpberg,2023-12-21,T2503,2025-04-02 02:23:57,72.56,Fashion,Wallet,7,7.92,6,"headphones, bluetooth, camera, smartphone",1,Occasional_Buyer
C1504,20,Female,Loveton,2023-10-29,T2504,2025-03-25 22:34:47,98.96,Fashion,Wallet,10,9.65,7,"fashion, headphones",1,Occasional_Buyer
C1505,18,Male,East Christine,2023-08-17,T2505,2025-04-12 18:10:43,0.59,Fitness,UPI,8,7.85,17,"home_decor, bluetooth",0,Occasional_Buyer
C1506,50,Female,Lake Jennifermouth,2023-04-03,T2506,2025-04-14 04:57:04,58.42,Grocery,Cash on Delivery,8,11.03,19,"eco_friendly, fitness",1,Occasional_Buyer
C1507,57,Male,Brandonmouth,2022-11-12,T2507,2025-04-07 19:14:17,3.06,Fashion,Cash on Delivery,13,11.43,10,"camera, 5G, headphones",0,Occasional_Buyer
C1508,27,Male,Port Steven,2025-03-09,T2508,2025-04-20 21:04:56,67.37,Home,Card,8,5.34,21,"5G, bluetooth, eco_friendly",1,Occasional_Buyer
C1509,60,Female,North Johnmouth,2024-08-15,T2509,2025-04-12 03:39:13,202.83,Fashion,UPI,10,7.24,11,"bluetooth, organic, eco_friendly",1,High_Spender
C1510,61,Male,North Norma,2024-12-24,T2510,2025-04-22 17:15:24,276.42,Beauty,Cash on Delivery,9,6.44,12,"eco_friendly, organic",1,High_Spender
C1511,46,Male,North Billy,2023-03-31,T2511,2025-04-13 19:11:54,62.22,Fitness,UPI,1,10.64,7,"eco_friendly, 5G, fitness",1,Occasional_Buyer
C1512,30,Male,Ianchester,2022-12-07,T2512,2025-04-06 18:53:25,49.03,Electronics,Cash on Delivery,12,12.62,12,"bluetooth, fitness, laptop, camera",0,Loyal_Engaged
C1513,29,Other,North Robert,2024-04-06,T2513,2025-04-18 11:39:44,232.06,Fashion,Wallet,1,6.78,24,"organic, bluetooth, fitness, laptop",1,High_Spender
C1514,48,Female,Emilyville,2022-10-08,T2514,2025-03-27 23:20:46,89.57,Grocery,Wallet,14,12.6,3,"bluetooth, gaming",1,Loyal_Engaged
C1515,63,Male,Tannerhaven,2022-09-22,T2515,2025-04-23 17:36:10,5.37,Home,Card,14,7.23,24,"headphones, eco_friendly",0,Occasional_Buyer
C1516,19,Female,Hansenton,2025-02-08,T2516,2025-03-26 12:51:50,50.15,Home,Wallet,14,12.16,6,"headphones, home_decor",0,Loyal_Engaged
C1517,52,Female,Port Richardland,2023-04-25,T2517,2025-04-24 01:10:21,21.98,Electronics,Cash on Delivery,10,9.15,23,"eco_friendly, 5G",0,Occasional_Buyer
C1518,40,Male,Port Larry,2024-06-06,T2518,2025-04-21 16:24:42,50.76,Beauty,Card,2,8.67,7,"fitness, camera, organic, 5G",0,Occasional_Buyer
C1519,34,Female,North Jonathanborough,2022-07-27,T2519,2025-04-01 19:17:29,48.63,Electronics,Card,11,13.43,9,"5G, camera, fitness, home_decor",0,Loyal_Engaged
C1520,43,Female,Moniqueville,2023-04-29,T2520,2025-04-17 04:37:15,69.81,Beauty,Wallet,6,15.36,7,"home_decor, bluetooth, fitness, headphones",1,Occasional_Buyer
C1521,25,Female,Blackburnchester,2024-05-19,T2521,2025-04-20 03:10:02,35.3,Fashion,UPI,14,4.17,22,"home_decor, fashion",0,Occasional_Buyer
C1522,46,Male,Aprilhaven,2023-09-13,T2522,2025-04-14 16:17:08,14.36,Fitness,Wallet,1,11.8,10,"organic, smartphone, camera, fitness",0,Occasional_Buyer
C1523,43,Female,Latoyaland,2022-11-06,T2523,2025-03-29 22:41:24,56.05,Grocery,Wallet,5,10.53,19,"eco_friendly, laptop, organic, headphones",1,Occasional_Buyer
C1524,27,Female,Whitakerport,2024-07-06,T2524,2025-04-14 04:26:49,141.85,Home,Card,5,11.97,3,"5G, home_decor, smartphone",1,High_Spender
C1525,43,Male,Tammiehaven,2023-03-26,T2525,2025-04-02 01:30:39,87.25,Electronics,Wallet,4,5.68,24,"smartphone, organic, gaming",1,Occasional_Buyer
C1526,51,Male,Floresmouth,2024-10-21,T2526,2025-04-21 16:37:50,33.04,Grocery,Cash on Delivery,11,6.75,20,"5G, laptop, headphones, gaming",0,Occasional_Buyer
C1527,58,Male,Port Debraview,2022-05-31,T2527,2025-04-04 07:14:59,219.32,Beauty,Card,5,7.99,14,"laptop, home_decor",1,High_Spender
C1528,24,Male,Lake Nicolemouth,2023-01-01,T2528,2025-04-02 19:02:32,194.62,Fitness,Wallet,12,10.64,5,"laptop, fashion, home_decor",1,High_Spender
C1529,21,Female,Lake Carrie,2024-10-19,T2529,2025-04-18 01:22:14,18.79,Home,UPI,1,7.8,22,"fitness, home_decor, fashion",0,Occasional_Buyer
C1530,62,Male,Port Phyllis,2022-12-20,T2530,2025-04-16 10:58:46,3.22,Home,Cash on Delivery,11,9.03,16,"5G, organic, camera, bluetooth",0,Occasional_Buyer
C1531,28,Male,Conniemouth,2023-12-19,T2531,2025-04-16 09:30:18,108.17,Beauty,UPI,11,12.49,18,"eco_friendly, smartphone",1,Loyal_Engaged
C1532,46,Female,Marioland,2024-06-04,T2532,2025-04-09 22:34:53,140.64,Fitness,Cash on Delivery,6,16.15,20,"fashion, fitness, 5G, eco_friendly",1,High_Spender
C1533,53,Male,East Eric,2022-05-16,T2533,2025-03-29 08:21:14,275.02,Home,UPI,7,12.28,12,"bluetooth, smartphone, organic, laptop",1,High_Spender
C1534,42,Other,South Thomas,2024-12-01,T2534,2025-04-24 02:12:48,176.46,Fitness,Wallet,8,12.58,17,"laptop, bluetooth, home_decor, gaming",1,High_Spender
C1535,38,Male,Port John,2022-12-14,T2535,2025-04-15 15:51:25,73.41,Home,Cash on Delivery,2,9.45,12,"5G, bluetooth, gaming, fitness",1,Occasional_Buyer
C1536,53,Male,Bonnieview,2025-03-10,T2536,2025-04-19 09:59:23,60.41,Fashion,Card,7,7.33,3,"home_decor, gaming, fashion, organic",1,Occasional_Buyer
C1537,27,Male,Christopherhaven,2022-11-26,T2537,2025-04-15 17:23:17,2.26,Beauty,Card,6,9.02,21,"home_decor, gaming, organic",0,Occasional_Buyer
C1538,54,Male,West Shannonhaven,2023-10-14,T2538,2025-04-05 09:59:50,22.66,Fitness,UPI,9,9.83,4,"organic, fitness, bluetooth",0,Occasional_Buyer
C1539,26,Male,Marvinshire,2023-04-19,T2539,2025-04-09 00:58:05,49.24,Grocery,UPI,8,6.52,15,"home_decor, bluetooth, organic",0,Occasional_Buyer
C1540,41,Female,New Darrell,2023-02-28,T2540,2025-04-07 06:28:52,79.22,Fashion,UPI,14,12.45,18,"organic, fitness, bluetooth, gaming",1,Loyal_Engaged
C1541,52,Other,New Sara,2023-03-26,T2541,2025-04-19 11:38:23,65.18,Grocery,Cash on Delivery,11,14.56,10,"gaming, camera, eco_friendly, smartphone",1,Loyal_Engaged
C1542,52,Male,Kristenland,2024-07-06,T2542,2025-04-23 12:03:33,108.58,Beauty,Card,14,10.37,5,"fashion, bluetooth",1,Occasional_Buyer
C1543,53,Female,Pacetown,2024-07-08,T2543,2025-04-06 15:35:23,26.25,Home,Wallet,4,13.25,23,"bluetooth, organic",0,Occasional_Buyer
C1544,35,Female,Thompsonshire,2023-12-16,T2544,2025-03-30 09:58:30,66.58,Grocery,Cash on Delivery,14,13.63,21,"5G, fashion, home_decor, smartphone",1,Loyal_Engaged
C1545,56,Female,Martinfurt,2024-09-03,T2545,2025-04-06 07:19:48,7.38,Fashion,UPI,13,6.9,16,"gaming, eco_friendly",0,Occasional_Buyer
C1546,49,Male,Archerhaven,2024-06-03,T2546,2025-04-14 00:01:53,42.71,Fitness,Card,9,4.79,13,"eco_friendly, bluetooth",0,Occasional_Buyer
C1547,41,Male,East Markmouth,2022-06-04,T2547,2025-04-05 15:55:42,110.96,Electronics,UPI,1,8.5,14,"organic, gaming",1,Occasional_Buyer
C1548,40,Male,West Arthurstad,2025-02-10,T2548,2025-04-05 22:27:32,94.58,Grocery,Wallet,11,10.29,13,"eco_friendly, headphones",1,Occasional_Buyer
C1549,49,Female,South Danielle,2025-02-20,T2549,2025-04-07 02:50:49,373.73,Electronics,Wallet,6,6.41,13,"5G, headphones, fitness",1,High_Spender
C1550,54,Female,Jeffreytown,2024-05-03,T2550,2025-03-28 23:29:02,26.05,Beauty,Card,8,14.27,24,"home_decor, eco_friendly, laptop, smartphone",0,Occasional_Buyer
C1551,29,Male,Lake Michaelhaven,2022-10-22,T2551,2025-04-24 02:53:51,55.16,Grocery,Cash on Delivery,11,15.85,23,"5G, headphones, bluetooth",1,Loyal_Engaged
C1552,30,Male,South Destinyberg,2022-09-12,T2552,2025-04-11 05:06:58,31.98,Grocery,Wallet,11,10.54,20,"organic, smartphone, 5G, laptop",0,Occasional_Buyer
C1553,40,Other,Montesberg,2022-12-05,T2553,2025-04-06 20:44:06,46.47,Fitness,Wallet,4,7.05,12,"fitness, fashion, home_decor",0,Occasional_Buyer
C1554,42,Female,Mcmillanmouth,2023-05-26,T2554,2025-04-08 09:38:03,155.56,Home,Wallet,2,11.46,18,"5G, eco_friendly, fitness",1,High_Spender
C1555,52,Other,Lake John,2024-05-10,T2555,2025-04-20 00:44:23,92.21,Fashion,Wallet,11,7.05,10,"organic, headphones",1,Occasional_Buyer
C1556,58,Female,Taylorburgh,2024-05-29,T2556,2025-04-14 19:11:04,171.27,Fashion,UPI,2,13.43,8,"headphones, laptop, 5G",1,High_Spender
C1557,47,Male,North Angelashire,2024-11-09,T2557,2025-04-12 01:47:03,18.2,Fashion,UPI,10,9.31,21,"camera, laptop",0,Occasional_Buyer
C1558,34,Female,Port Adam,2022-08-16,T2558,2025-04-20 04:28:41,165.31,Beauty,Cash on Delivery,1,12.18,15,"camera, fashion, organic, eco_friendly",1,High_Spender
C1559,37,Female,Wilsonton,2024-10-11,T2559,2025-03-29 06:49:33,4.93,Home,Card,5,12.71,17,"fitness, home_decor, laptop",0,Occasional_Buyer
C1560,42,Male,East Richardtown,2024-05-15,T2560,2025-04-18 04:28:01,175.57,Electronics,Card,13,11.61,15,"organic, camera, 5G",1,High_Spender
C1561,39,Female,Cardenasfort,2023-05-09,T2561,2025-04-19 10:57:07,31.93,Fashion,Card,6,15.36,3,"laptop, gaming",0,Occasional_Buyer
C1562,30,Female,Vazquezmouth,2022-05-18,T2562,2025-03-30 08:28:13,30.22,Electronics,Wallet,4,10.53,23,"eco_friendly, fashion",0,Occasional_Buyer
C1563,36,Male,Wellsland,2022-07-22,T2563,2025-04-21 06:07:16,57.41,Home,UPI,4,8.49,4,"5G, fashion, fitness",1,Occasional_Buyer
C1564,53,Female,West Cindy,2022-07-20,T2564,2025-03-29 03:38:05,226.0,Beauty,UPI,5,3.69,15,"gaming, laptop",1,High_Spender
C1565,29,Female,East Jennifer,2024-08-19,T2565,2025-04-03 14:20:44,3.92,Home,Cash on Delivery,14,3.15,4,"organic, smartphone",0,Occasional_Buyer
C1566,58,Other,East Paulamouth,2024-08-23,T2566,2025-04-19 05:58:33,34.74,Fitness,Card,5,11.96,13,"laptop, organic",0,Occasional_Buyer
C1567,36,Male,Port Brandonfurt,2024-04-02,T2567,2025-04-05 22:09:03,155.35,Fashion,UPI,14,9.45,15,"laptop, fashion, home_decor, fitness",1,High_Spender
C1568,29,Male,North Kevin,2022-11-06,T2568,2025-04-05 08:42:08,40.34,Beauty,Cash on Delivery,14,7.55,12,"laptop, camera, organic",0,Occasional_Buyer
C1569,26,Female,East Bryan,2023-10-09,T2569,2025-04-12 12:04:48,17.77,Fitness,Card,14,6.66,24,"fashion, eco_friendly, fitness",0,Occasional_Buyer
C1570,24,Male,Lake Rebekahville,2023-01-16,T2570,2025-03-29 06:05:27,44.24,Fashion,Wallet,14,12.22,17,"headphones, organic, laptop, fitness",0,Loyal_Engaged
C1571,45,Female,East Scottmouth,2023-03-03,T2571,2025-03-27 12:21:01,38.96,Home,UPI,9,7.05,3,"headphones, 5G",0,Occasional_Buyer
C1572,31,Female,New Danielhaven,2024-12-26,T2572,2025-03-31 23:52:37,197.6,Home,UPI,8,14.89,16,"fashion, smartphone, home_decor, bluetooth",1,High_Spender
C1573,48,Male,West Victoria,2024-04-16,T2573,2025-04-01 14:25:53,114.82,Grocery,Card,9,17.05,12,"home_decor, organic",1,Occasional_Buyer
C1574,36,Female,North Rachel,2022-06-26,T2574,2025-04-10 22:37:25,56.27,Grocery,Wallet,13,7.3,20,"camera, 5G",1,Occasional_Buyer
C1575,64,Female,Paulaberg,2023-07-14,T2575,2025-03-30 10:06:23,356.34,Home,Wallet,14,12.01,13,"eco_friendly, fashion, camera",1,Loyal_Engaged
C1576,33,Male,Reedburgh,2023-11-07,T2576,2025-04-14 19:02:31,50.08,Home,UPI,3,11.32,9,"gaming, headphones, organic",0,Occasional_Buyer
C1577,22,Other,Costaborough,2023-01-21,T2577,2025-04-17 04:31:14,4.8,Electronics,Card,14,7.04,17,"bluetooth, organic, headphones",0,Occasional_Buyer
C1578,52,Female,West Kevinport,2024-03-01,T2578,2025-04-21 12:05:52,24.33,Electronics,Cash on Delivery,3,7.05,5,"eco_friendly, fashion, smartphone",0,Occasional_Buyer
C1579,29,Female,Brownchester,2024-09-16,T2579,2025-04-14 21:26:39,45.83,Fitness,UPI,1,9.63,4,"bluetooth, home_decor",0,Occasional_Buyer
C1580,42,Female,Robertsville,2023-02-17,T2580,2025-04-01 09:39:52,13.65,Grocery,Wallet,14,6.58,24,"home_decor, camera",0,Occasional_Buyer
C1581,38,Female,New Danatown,2023-07-31,T2581,2025-03-28 09:24:04,235.85,Grocery,Cash on Delivery,10,13.27,10,"5G, home_decor",1,High_Spender
C1582,53,Other,Port Melissastad,2022-11-01,T2582,2025-04-02 17:41:53,116.49,Home,Card,13,9.26,10,"eco_friendly, headphones, fitness, organic",1,Occasional_Buyer
C1583,40,Female,East Catherineland,2023-07-11,T2583,2025-04-23 13:49:20,24.99,Home,Wallet,6,6.64,13,"smartphone, camera, fashion",0,Occasional_Buyer
C1584,33,Female,Georgemouth,2022-12-20,T2584,2025-04-21 02:10:58,71.48,Fitness,Cash on Delivery,4,9.73,18,"fashion, camera, gaming",1,Occasional_Buyer
C1585,56,Female,Michaelaport,2022-05-02,T2585,2025-04-17 06:56:32,102.25,Beauty,UPI,11,11.4,4,"camera, fashion, fitness, headphones",1,Occasional_Buyer
C1586,62,Male,Patrickland,2023-02-01,T2586,2025-04-20 09:55:07,226.8,Beauty,Wallet,14,7.83,24,"fashion, smartphone",1,High_Spender
C1587,59,Female,Carsonland,2023-07-26,T2587,2025-04-19 08:33:04,170.72,Beauty,Card,8,4.02,7,"home_decor, headphones, fashion",1,High_Spender
C1588,56,Male,South Terrimouth,2024-06-07,T2588,2025-04-04 05:28:13,57.92,Grocery,Wallet,2,10.38,9,"smartphone, gaming, camera, eco_friendly",1,Occasional_Buyer
C1589,31,Male,East Meredithtown,2022-06-22,T2589,2025-03-29 20:27:30,119.21,Electronics,UPI,11,6.35,22,"home_decor, gaming, 5G",1,Occasional_Buyer
C1590,48,Male,Burnettchester,2023-07-27,T2590,2025-04-23 16:32:30,66.07,Beauty,Card,2,7.62,15,"camera, organic, laptop, gaming",1,Occasional_Buyer
C1591,22,Other,Jodiside,2024-05-07,T2591,2025-04-06 11:23:57,64.36,Fashion,UPI,7,11.41,4,"smartphone, laptop, headphones, gaming",1,Occasional_Buyer
C1592,52,Female,North Vickiemouth,2025-02-20,T2592,2025-04-13 16:45:35,9.75,Fitness,Cash on Delivery,13,8.24,5,"camera, fitness, eco_friendly",0,Occasional_Buyer
C1593,40,Female,New Patriciaberg,2023-08-17,T2593,2025-04-14 08:39:26,10.79,Beauty,Wallet,5,9.58,11,"eco_friendly, home_decor, fashion, smartphone",0,Occasional_Buyer
C1594,46,Female,South Taylorbury,2024-12-02,T2594,2025-04-19 04:17:43,60.32,Fashion,UPI,13,14.36,12,"5G, eco_friendly, gaming",1,Loyal_Engaged
C1595,60,Female,East Ericatown,2024-07-07,T2595,2025-03-29 00:13:52,25.05,Beauty,Cash on Delivery,1,8.94,15,"organic, headphones",0,Occasional_Buyer
C1596,28,Other,North Jasonfort,2024-02-14,T2596,2025-03-29 16:30:13,1.7,Electronics,Card,7,16.06,23,"fitness, 5G, bluetooth, fashion",0,Occasional_Buyer
C1597,35,Female,South Shannonburgh,2023-02-24,T2597,2025-04-18 17:35:32,102.65,Electronics,Card,7,12.22,15,"bluetooth, camera, eco_friendly",1,Occasional_Buyer
C1598,64,Male,North Markview,2024-10-31,T2598,2025-04-21 08:59:58,2.64,Beauty,Cash on Delivery,10,7.21,7,"laptop, 5G, headphones",0,Occasional_Buyer
C1599,29,Male,Shannonbury,2022-06-29,T2599,2025-04-17 21:48:11,72.36,Fashion,Cash on Delivery,6,8.57,9,"5G, headphones",1,Occasional_Buyer
C1600,26,Female,Lake Thomasmouth,2024-09-12,T2600,2025-04-09 03:06:15,61.98,Fitness,Card,4,6.21,19,"5G, organic",1,Occasional_Buyer
C1601,27,Female,Timothyside,2025-01-31,T2601,2025-04-09 20:36:37,277.42,Fashion,UPI,12,11.91,17,"bluetooth, headphones, gaming",1,High_Spender
C1602,61,Male,Gabrielamouth,2022-07-30,T2602,2025-04-19 02:26:38,52.96,Fitness,Cash on Delivery,13,13.97,7,"headphones, fashion",0,Loyal_Engaged
C1603,34,Male,Williamshire,2022-08-22,T2603,2025-04-12 14:56:46,5.26,Beauty,UPI,8,8.92,9,"smartphone, headphones, bluetooth",0,Occasional_Buyer
C1604,55,Female,South Roberto,2024-07-09,T2604,2025-03-31 08:49:25,64.18,Fitness,Card,12,4.42,4,"camera, smartphone",1,Occasional_Buyer
C1605,24,Male,New Rodney,2022-07-20,T2605,2025-04-01 12:58:13,147.16,Home,UPI,11,11.08,20,"smartphone, laptop",1,High_Spender
C1606,63,Female,Port Tina,2024-08-24,T2606,2025-03-31 17:37:22,460.81,Grocery,UPI,2,7.41,12,"camera, fitness",1,High_Spender
C1607,30,Other,Kevinhaven,2023-11-26,T2607,2025-03-26 16:23:30,45.02,Grocery,Cash on Delivery,2,7.87,3,"headphones, laptop, home_decor, bluetooth",0,Occasional_Buyer
C1608,57,Male,Cooperland,2022-05-15,T2608,2025-04-13 17:38:13,30.89,Electronics,UPI,2,10.93,16,"organic, fitness, gaming",0,Occasional_Buyer
C1609,59,Male,Taylorberg,2024-08-15,T2609,2025-04-03 22:49:16,189.71,Home,UPI,3,13.7,21,"fashion, bluetooth, smartphone",1,High_Spender
C1610,26,Female,South Margaretberg,2024-06-09,T2610,2025-04-04 15:16:23,16.98,Grocery,UPI,6,12.22,18,"fitness, 5G",0,Occasional_Buyer
C1611,44,Female,Martinezfort,2022-04-29,T2611,2025-04-17 20:01:23,76.45,Beauty,Card,1,11.29,21,"home_decor, fashion, eco_friendly",1,Occasional_Buyer
C1612,19,Female,Rollinsshire,2022-10-07,T2612,2025-04-12 23:14:20,41.63,Fitness,Card,11,9.53,8,"gaming, eco_friendly",0,Occasional_Buyer
C1613,22,Other,Port Elizabethchester,2023-12-21,T2613,2025-04-02 23:21:39,3.36,Fitness,Wallet,2,6.04,14,"5G, fitness, smartphone, fashion",0,Occasional_Buyer
C1614,46,Male,Port Sheri,2024-08-27,T2614,2025-04-08 16:57:53,34.13,Fashion,Card,10,11.04,5,"eco_friendly, fashion, headphones, laptop",0,Occasional_Buyer
C1615,54,Female,Monicaberg,2022-12-16,T2615,2025-04-07 06:53:14,24.66,Fashion,Card,2,12.15,9,"fashion, fitness, gaming, laptop",0,Occasional_Buyer
C1616,55,Female,Travistown,2022-12-07,T2616,2025-04-19 11:33:15,92.69,Fitness,Wallet,14,8.21,5,"gaming, headphones",1,Occasional_Buyer
C1617,36,Female,Alexhaven,2025-01-19,T2617,2025-04-23 06:00:53,237.75,Beauty,Wallet,12,8.9,19,"headphones, laptop, bluetooth",1,High_Spender
C1618,25,Male,Lake Lauriemouth,2025-01-14,T2618,2025-04-11 11:32:12,24.96,Fitness,Cash on Delivery,1,13.33,17,"smartphone, fitness",0,Occasional_Buyer
C1619,62,Female,New Lorraine,2023-08-02,T2619,2025-04-22 14:31:53,133.48,Fashion,Cash on Delivery,3,8.82,21,"eco_friendly, camera",1,High_Spender
C1620,18,Female,Sarahland,2024-08-04,T2620,2025-04-09 12:36:58,4.56,Grocery,Card,10,9.19,21,"smartphone, home_decor, gaming, laptop",0,Occasional_Buyer
C1621,39,Male,Lake Laurahaven,2023-03-30,T2621,2025-03-30 13:04:52,61.8,Electronics,UPI,7,9.73,13,"fitness, bluetooth, 5G, gaming",1,Occasional_Buyer
C1622,34,Male,Anthonychester,2022-05-14,T2622,2025-04-04 01:46:12,5.85,Fashion,Cash on Delivery,13,12.0,23,"home_decor, organic, eco_friendly",0,Occasional_Buyer
C1623,24,Female,Lorifort,2025-02-06,T2623,2025-04-12 00:56:35,217.49,Beauty,Cash on Delivery,1,10.88,22,"camera, fitness, organic",1,High_Spender
C1624,42,Male,Floydfurt,2022-07-18,T2624,2025-04-11 09:08:27,116.31,Grocery,Card,7,10.66,4,"fashion, home_decor, smartphone",1,Occasional_Buyer
C1625,62,Male,Douglasfort,2023-12-13,T2625,2025-04-15 08:12:28,85.82,Grocery,UPI,5,14.55,9,"bluetooth, eco_friendly, 5G",1,Occasional_Buyer
C1626,21,Male,East Francisco,2023-04-09,T2626,2025-04-08 18:24:33,138.93,Grocery,Wallet,9,8.77,21,"gaming, fitness",1,High_Spender
C1627,53,Female,East Victoria,2022-10-06,T2627,2025-04-08 20:06:03,83.42,Home,Wallet,2,7.15,9,"5G, organic, eco_friendly",1,Occasional_Buyer
C1628,23,Female,Andrewtown,2022-09-28,T2628,2025-03-25 20:53:36,277.76,Home,Card,1,13.07,12,"eco_friendly, headphones, fashion",1,High_Spender
C1629,48,Female,West Michele,2023-01-23,T2629,2025-03-28 23:49:48,100.13,Grocery,Card,9,10.69,14,"headphones, laptop, camera, eco_friendly",1,Occasional_Buyer
C1630,36,Male,Lonnieberg,2024-08-10,T2630,2025-04-09 00:37:21,206.86,Beauty,UPI,8,8.23,20,"headphones, 5G",1,High_Spender
C1631,61,Female,Harristown,2024-07-02,T2631,2025-04-21 11:31:40,58.24,Fitness,Card,10,8.92,8,"fashion, home_decor, headphones",1,Occasional_Buyer
C1632,56,Female,Kellyborough,2023-06-04,T2632,2025-04-08 03:53:11,9.96,Beauty,Card,6,6.18,22,"5G, fashion, eco_friendly, headphones",0,Occasional_Buyer
C1633,44,Female,Johnnyborough,2022-09-28,T2633,2025-03-30 07:01:26,60.09,Home,Card,5,10.7,23,"home_decor, fashion, headphones",1,Occasional_Buyer
C1634,27,Other,Rebeccaville,2023-11-03,T2634,2025-04-23 10:19:42,10.85,Fashion,UPI,8,5.62,10,"5G, laptop, home_decor, camera",0,Occasional_Buyer
C1635,43,Male,Lake Dylanberg,2022-06-21,T2635,2025-04-22 23:45:57,71.82,Home,Card,8,12.05,7,"fashion, camera",1,Occasional_Buyer
C1636,36,Female,South Steven,2023-09-20,T2636,2025-04-20 02:14:45,52.7,Fitness,Cash on Delivery,14,8.43,5,"laptop, 5G, gaming, home_decor",0,Occasional_Buyer
C1637,56,Male,Michaelland,2023-06-29,T2637,2025-04-20 10:59:55,77.95,Electronics,UPI,5,5.82,4,"eco_friendly, home_decor",1,Occasional_Buyer
C1638,20,Female,Brownborough,2024-10-19,T2638,2025-04-13 23:54:08,0.81,Home,Cash on Delivery,12,13.29,24,"fashion, headphones, laptop, eco_friendly",0,Loyal_Engaged
C1639,62,Male,Mcdowellhaven,2022-09-11,T2639,2025-04-03 14:33:50,17.34,Beauty,UPI,7,16.77,8,"fashion, home_decor, 5G, organic",0,Occasional_Buyer
C1640,30,Male,Gloriaberg,2023-07-21,T2640,2025-04-19 13:53:56,54.08,Beauty,Cash on Delivery,13,11.31,9,"headphones, organic, eco_friendly",1,Occasional_Buyer
C1641,45,Male,Port Johnshire,2022-11-05,T2641,2025-03-30 21:30:32,240.47,Grocery,UPI,13,9.14,10,"camera, organic, laptop",1,High_Spender
C1642,37,Female,Joshuaton,2024-05-10,T2642,2025-04-04 03:55:13,38.71,Grocery,Wallet,1,7.12,6,"eco_friendly, organic, camera",0,Occasional_Buyer
C1643,45,Male,Aliciaborough,2024-01-13,T2643,2025-04-02 18:46:16,44.18,Grocery,Card,4,10.79,14,"fashion, home_decor, camera, smartphone",0,Occasional_Buyer
C1644,25,Female,South Vickichester,2022-05-22,T2644,2025-04-20 01:24:09,100.34,Electronics,Card,2,11.91,14,"eco_friendly, headphones",1,Occasional_Buyer
C1645,58,Male,Port Kathleen,2023-02-10,T2645,2025-04-10 14:46:40,74.07,Fitness,UPI,10,10.02,19,"eco_friendly, camera",1,Occasional_Buyer
C1646,56,Male,Lake John,2023-10-13,T2646,2025-03-27 02:25:50,28.41,Fashion,Cash on Delivery,3,12.69,24,"fashion, eco_friendly",0,Occasional_Buyer
C1647,18,Female,Emilyland,2023-11-04,T2647,2025-04-05 01:45:44,42.32,Beauty,Wallet,12,14.54,24,"laptop, smartphone",0,Loyal_Engaged
C1648,20,Male,Breannaton,2023-01-01,T2648,2025-03-27 13:35:28,19.64,Beauty,Cash on Delivery,1,6.22,21,"organic, 5G, eco_friendly",0,Occasional_Buyer
C1649,30,Male,Collinsborough,2023-08-25,T2649,2025-04-05 14:06:13,270.56,Fitness,Card,11,10.88,11,"camera, 5G, headphones, home_decor",1,High_Spender
C1650,45,Female,Brianside,2022-10-30,T2650,2025-04-21 05:41:10,11.2,Electronics,Card,11,4.29,14,"eco_friendly, headphones",0,Occasional_Buyer
C1651,42,Male,South Jessicaland,2022-09-04,T2651,2025-04-12 06:07:22,37.2,Grocery,Cash on Delivery,2,7.56,23,"gaming, camera",0,Occasional_Buyer
C1652,50,Male,Yolandamouth,2023-06-23,T2652,2025-04-13 23:15:14,2.09,Fitness,UPI,13,12.16,19,"camera, fitness, bluetooth, 5G",0,Loyal_Engaged
C1653,55,Male,South David,2024-06-04,T2653,2025-04-17 05:49:19,20.06,Fashion,UPI,1,9.86,12,"5G, fashion, headphones",0,Occasional_Buyer
C1654,23,Other,Mcbridemouth,2024-11-21,T2654,2025-04-06 07:54:45,121.3,Grocery,Cash on Delivery,8,5.17,21,"laptop, fashion",1,High_Spender
C1655,61,Female,Jessicastad,2024-05-30,T2655,2025-04-10 04:10:33,17.97,Fashion,Card,4,13.15,13,"laptop, home_decor, fashion, fitness",0,Occasional_Buyer
C1656,62,Female,Lopezshire,2023-01-03,T2656,2025-04-05 22:50:12,6.68,Home,Cash on Delivery,3,8.37,22,"fitness, smartphone, home_decor",0,Occasional_Buyer
C1657,49,Female,West Stephenchester,2023-05-28,T2657,2025-04-20 15:26:33,51.47,Fashion,Card,1,12.55,24,"bluetooth, eco_friendly, gaming",0,Occasional_Buyer
C1658,62,Male,Bairdshire,2022-09-01,T2658,2025-04-06 15:54:53,0.8,Grocery,Cash on Delivery,2,11.54,15,"camera, smartphone",0,Occasional_Buyer
C1659,64,Male,Johnsonmouth,2023-05-12,T2659,2025-04-03 07:24:58,7.09,Home,UPI,3,7.5,6,"fashion, organic, headphones, home_decor",0,Occasional_Buyer
C1660,38,Female,Jacquelineberg,2025-01-20,T2660,2025-04-12 11:04:58,131.87,Grocery,Wallet,3,12.61,17,"fashion, smartphone",1,High_Spender
C1661,33,Male,Kellyhaven,2023-01-06,T2661,2025-04-15 05:37:11,118.09,Beauty,Card,6,10.96,14,"smartphone, headphones, 5G, fashion",1,Occasional_Buyer
C1662,38,Male,Stephanieland,2022-12-23,T2662,2025-04-24 14:09:50,197.34,Grocery,Wallet,10,10.53,12,"smartphone, fitness, eco_friendly",1,High_Spender
C1663,28,Male,Hannahshire,2024-05-11,T2663,2025-04-19 21:46:44,154.21,Home,UPI,8,8.6,24,"gaming, laptop, fashion",1,High_Spender
C1664,54,Male,Kyleburgh,2022-08-11,T2664,2025-04-20 04:35:39,91.95,Fashion,Cash on Delivery,6,6.69,9,"organic, camera",1,Occasional_Buyer
C1665,53,Other,West Thomas,2024-10-01,T2665,2025-04-13 07:49:46,4.3,Beauty,UPI,2,8.74,4,"eco_friendly, headphones",0,Occasional_Buyer
C1666,52,Male,Gonzalezmouth,2024-02-01,T2666,2025-03-28 20:44:04,122.17,Electronics,Wallet,2,8.68,23,"headphones, gaming, camera, laptop",1,High_Spender
C1667,36,Female,Georgechester,2022-10-05,T2667,2025-04-15 13:31:57,149.41,Electronics,UPI,14,12.55,9,"laptop, fitness",1,Loyal_Engaged
C1668,37,Male,Kaylaborough,2025-01-04,T2668,2025-04-10 07:43:02,128.39,Electronics,UPI,7,5.05,10,"home_decor, bluetooth, 5G, laptop",1,High_Spender
C1669,35,Other,West Karen,2023-07-22,T2669,2025-04-19 09:12:19,56.82,Electronics,Cash on Delivery,1,14.41,23,"gaming, home_decor",1,Occasional_Buyer
C1670,64,Male,Lake Sherri,2024-09-21,T2670,2025-04-13 22:00:34,21.21,Fitness,Wallet,1,14.58,21,"home_decor, headphones, smartphone",0,Occasional_Buyer
C1671,58,Male,Lake Tylerville,2023-12-31,T2671,2025-03-30 02:18:04,149.32,Electronics,Wallet,7,8.08,8,"organic, 5G",1,High_Spender
C1672,31,Female,Jenniferberg,2025-02-04,T2672,2025-04-04 23:09:09,103.91,Home,Wallet,9,14.2,23,"camera, 5G, gaming, eco_friendly",1,Occasional_Buyer
C1673,32,Female,North Joseph,2022-07-24,T2673,2025-03-27 22:55:13,316.07,Electronics,Card,5,6.98,10,"smartphone, gaming, bluetooth, fitness",1,High_Spender
C1674,48,Male,Waltonport,2024-07-16,T2674,2025-04-11 19:40:36,13.54,Grocery,UPI,11,13.38,24,"fitness, smartphone",0,Loyal_Engaged
C1675,18,Male,North Timothy,2024-06-09,T2675,2025-04-17 03:58:10,20.46,Electronics,Wallet,1,7.54,22,"organic, gaming, laptop",0,Occasional_Buyer
C1676,20,Male,Deborahhaven,2024-08-12,T2676,2025-04-06 23:38:47,19.04,Fashion,UPI,5,13.1,6,"fitness, camera, laptop",0,Occasional_Buyer
C1677,33,Male,East Derrick,2022-06-22,T2677,2025-04-16 18:30:26,125.83,Home,Cash on Delivery,11,5.69,22,"headphones, fashion, eco_friendly",1,High_Spender
C1678,40,Male,Goodwinshire,2023-10-21,T2678,2025-04-04 11:55:18,16.55,Home,Cash on Delivery,1,13.25,11,"smartphone, 5G, bluetooth, camera",0,Occasional_Buyer
C1679,28,Female,Loriview,2024-08-29,T2679,2025-04-23 02:19:29,5.52,Beauty,Card,10,13.87,7,"bluetooth, fashion, 5G",0,Occasional_Buyer
C1680,29,Male,Port Davidville,2024-08-16,T2680,2025-04-03 02:15:17,523.49,Fitness,Card,12,5.59,8,"fashion, camera, home_decor",1,High_Spender
C1681,27,Male,Mendozaville,2022-06-28,T2681,2025-04-09 19:34:48,2.01,Grocery,Cash on Delivery,9,15.27,21,"eco_friendly, 5G",0,Occasional_Buyer
C1682,49,Female,Port Erin,2025-01-20,T2682,2025-04-11 13:22:33,144.26,Home,Wallet,4,13.06,14,"fitness, eco_friendly, fashion, headphones",1,High_Spender
C1683,33,Other,South Victoria,2024-09-01,T2683,2025-04-06 08:59:00,36.38,Fashion,Cash on Delivery,9,4.01,7,"5G, bluetooth, fitness, gaming",0,Occasional_Buyer
C1684,25,Female,East Nancy,2023-08-16,T2684,2025-04-18 21:55:03,147.42,Electronics,UPI,2,8.53,7,"fitness, gaming, 5G",1,High_Spender
C1685,55,Male,Jonesmouth,2023-03-22,T2685,2025-04-08 10:16:10,64.71,Home,Card,7,13.11,20,"5G, bluetooth, eco_friendly",1,Occasional_Buyer
C1686,29,Male,Smithville,2022-12-30,T2686,2025-04-12 04:23:38,185.52,Fashion,Card,12,12.17,8,"fitness, camera",1,Loyal_Engaged
C1687,41,Other,East Lori,2023-09-19,T2687,2025-04-04 19:29:35,208.5,Electronics,Cash on Delivery,13,10.34,11,"5G, laptop, gaming",1,High_Spender
C1688,45,Male,Robinborough,2024-03-14,T2688,2025-03-30 11:03:50,0.73,Fitness,Wallet,2,12.78,13,"bluetooth, organic, smartphone, headphones",0,Occasional_Buyer
C1689,25,Male,Port Ashleyport,2022-08-13,T2689,2025-03-28 06:38:08,6.27,Home,Wallet,12,7.38,16,"camera, 5G, home_decor, fashion",0,Occasional_Buyer
C1690,45,Female,Port Susan,2022-05-18,T2690,2025-04-05 04:35:32,23.05,Home,UPI,4,10.14,4,"5G, smartphone, organic",0,Occasional_Buyer
C1691,53,Female,Coreyshire,2022-09-27,T2691,2025-03-27 21:28:14,88.53,Fashion,Card,6,7.46,16,"gaming, bluetooth, organic, smartphone",1,Occasional_Buyer
C1692,43,Female,Lake Carloschester,2022-05-14,T2692,2025-03-29 09:19:58,175.34,Beauty,Cash on Delivery,14,10.4,21,"eco_friendly, camera",1,High_Spender
C1693,25,Male,Port Cassandra,2024-03-16,T2693,2025-04-05 11:41:14,49.29,Grocery,Cash on Delivery,2,13.0,12,"organic, headphones",0,Occasional_Buyer
C1694,45,Male,Williamville,2022-07-28,T2694,2025-04-20 21:09:35,74.71,Fitness,Card,2,12.34,7,"eco_friendly, 5G, fitness",1,Occasional_Buyer
C1695,45,Other,Port Johnbury,2023-02-10,T2695,2025-04-09 23:24:55,16.71,Grocery,Cash on Delivery,2,10.67,6,"laptop, organic, fitness",0,Occasional_Buyer
C1696,54,Male,Norristown,2024-05-24,T2696,2025-03-30 11:46:18,130.77,Home,Card,3,12.97,9,"fitness, bluetooth, eco_friendly",1,High_Spender
C1697,58,Female,Port Michaelmouth,2024-05-16,T2697,2025-03-28 09:01:02,273.7,Grocery,Wallet,5,13.26,15,"smartphone, headphones",1,High_Spender
C1698,53,Female,Patriciaview,2022-04-30,T2698,2025-03-29 00:35:34,25.02,Electronics,Wallet,9,15.39,12,"fashion, eco_friendly, bluetooth, 5G",0,Occasional_Buyer
C1699,44,Female,New Rodneyport,2022-11-21,T2699,2025-04-20 11:46:56,54.63,Fitness,Cash on Delivery,6,13.5,12,"fashion, 5G, camera, fitness",1,Occasional_Buyer
C1700,34,Male,Amandaport,2025-03-05,T2700,2025-04-20 10:03:54,7.2,Grocery,Wallet,12,11.97,6,"eco_friendly, bluetooth",0,Occasional_Buyer
C1701,26,Male,North Ashley,2022-06-19,T2701,2025-04-09 00:29:44,65.52,Electronics,Wallet,14,12.8,18,"headphones, fashion",1,Loyal_Engaged
C1702,50,Female,Bennetttown,2024-12-01,T2702,2025-04-17 17:36:15,55.9,Fashion,UPI,9,10.73,17,"camera, organic, gaming, home_decor",1,Occasional_Buyer
C1703,37,Female,Ashleyport,2023-01-26,T2703,2025-04-15 06:54:57,12.48,Grocery,Card,10,9.16,23,"bluetooth, organic",0,Occasional_Buyer
C1704,30,Other,Port Sheila,2022-06-07,T2704,2025-04-18 00:03:51,46.68,Fitness,Card,14,12.6,13,"fitness, gaming, fashion",0,Loyal_Engaged
C1705,45,Male,Adamsbury,2023-12-22,T2705,2025-03-29 00:33:49,32.53,Electronics,Cash on Delivery,13,12.27,21,"eco_friendly, bluetooth, smartphone",0,Loyal_Engaged
C1706,46,Male,Mooreborough,2024-11-10,T2706,2025-04-17 23:08:39,59.02,Grocery,Card,5,10.88,23,"fitness, headphones",1,Occasional_Buyer
C1707,30,Other,Donovanburgh,2023-05-18,T2707,2025-04-18 10:54:55,70.48,Fashion,UPI,11,9.42,5,"5G, eco_friendly",1,Occasional_Buyer
C1708,63,Female,South Danielle,2022-04-30,T2708,2025-04-12 21:18:24,0.68,Grocery,Cash on Delivery,6,9.25,17,"eco_friendly, headphones, smartphone",0,Occasional_Buyer
C1709,52,Female,Johnstonshire,2022-09-01,T2709,2025-04-07 23:21:03,114.51,Electronics,Cash on Delivery,10,8.77,18,"fashion, eco_friendly, home_decor",1,Occasional_Buyer
C1710,23,Male,Meltonton,2024-03-17,T2710,2025-04-14 12:49:21,99.87,Grocery,Card,12,13.77,16,"camera, eco_friendly, gaming, home_decor",1,Loyal_Engaged
C1711,35,Female,New Mark,2024-01-12,T2711,2025-04-16 19:59:54,36.49,Fitness,Wallet,8,13.54,7,"organic, 5G, smartphone, gaming",0,Occasional_Buyer
C1712,22,Female,South Johnchester,2024-12-17,T2712,2025-04-21 12:21:09,4.35,Home,Wallet,3,13.41,19,"camera, eco_friendly",0,Occasional_Buyer
C1713,64,Female,East Maryborough,2023-08-31,T2713,2025-04-10 03:29:55,112.5,Electronics,Wallet,2,6.84,20,"fashion, 5G, home_decor",1,Occasional_Buyer
C1714,42,Male,Harrisberg,2023-02-23,T2714,2025-03-30 12:20:25,248.4,Electronics,Wallet,3,8.92,21,"home_decor, 5G, organic, bluetooth",1,High_Spender
C1715,19,Male,East Melissabury,2023-02-19,T2715,2025-04-10 16:43:58,21.97,Electronics,UPI,14,9.23,3,"gaming, fitness, 5G",0,Occasional_Buyer
C1716,27,Female,Patrickberg,2022-08-16,T2716,2025-04-13 05:25:42,31.27,Electronics,Cash on Delivery,9,8.18,11,"home_decor, laptop, 5G, fitness",0,Occasional_Buyer
C1717,47,Male,Chambersport,2025-03-08,T2717,2025-03-26 09:35:09,16.25,Grocery,Wallet,6,15.59,23,"headphones, gaming, fitness, smartphone",0,Occasional_Buyer
C1718,62,Female,South Ryan,2025-02-23,T2718,2025-04-16 00:08:58,68.82,Fitness,UPI,10,11.2,16,"headphones, camera, eco_friendly, smartphone",1,Occasional_Buyer
C1719,22,Other,Albertland,2024-12-16,T2719,2025-04-20 15:43:12,13.46,Fashion,Cash on Delivery,12,10.99,22,"gaming, eco_friendly, home_decor",0,Occasional_Buyer
C1720,50,Male,Aimeefurt,2025-01-26,T2720,2025-04-22 03:57:38,35.23,Fitness,Card,4,8.6,23,"fitness, bluetooth, laptop",0,Occasional_Buyer
C1721,18,Female,West Donald,2023-06-28,T2721,2025-04-04 14:23:10,95.53,Electronics,Card,10,12.59,22,"headphones, laptop",1,Occasional_Buyer
C1722,35,Male,Larryton,2024-05-07,T2722,2025-04-11 14:44:56,65.7,Beauty,UPI,3,16.57,23,"headphones, eco_friendly, organic",1,Occasional_Buyer
C1723,49,Female,Travisport,2025-02-15,T2723,2025-03-30 16:20:42,39.08,Grocery,Cash on Delivery,13,10.24,13,"headphones, smartphone, 5G, home_decor",0,Occasional_Buyer
C1724,64,Other,East Ianhaven,2024-09-24,T2724,2025-04-05 07:15:28,43.61,Beauty,Wallet,2,9.3,4,"headphones, 5G, camera",0,Occasional_Buyer
C1725,28,Male,Port Corey,2024-02-27,T2725,2025-04-22 03:18:32,66.06,Grocery,Cash on Delivery,14,9.73,22,"bluetooth, eco_friendly, laptop",1,Occasional_Buyer
C1726,38,Male,Janicefort,2023-10-06,T2726,2025-03-27 15:21:12,0.47,Electronics,Wallet,4,9.03,7,"organic, gaming, smartphone, camera",0,Occasional_Buyer
C1727,43,Male,Lake John,2024-09-29,T2727,2025-04-04 23:23:07,6.54,Grocery,UPI,9,9.99,24,"laptop, bluetooth, headphones",0,Occasional_Buyer
C1728,42,Male,Port Devon,2025-03-19,T2728,2025-03-27 03:12:37,170.46,Electronics,Wallet,4,8.17,17,"5G, fitness, camera, bluetooth",1,High_Spender
C1729,39,Female,North Jesus,2022-06-27,T2729,2025-03-30 21:23:05,6.49,Fitness,UPI,13,7.34,14,"home_decor, 5G",0,Occasional_Buyer
C1730,44,Other,Jamesshire,2024-05-08,T2730,2025-04-06 09:26:43,98.15,Home,Cash on Delivery,12,9.94,16,"home_decor, gaming, fashion",1,Occasional_Buyer
C1731,30,Male,Garciaside,2024-12-28,T2731,2025-04-10 17:40:54,202.1,Grocery,Cash on Delivery,5,10.24,13,"laptop, eco_friendly, gaming",1,High_Spender
C1732,50,Male,Lake Jasonside,2022-05-03,T2732,2025-03-30 22:30:24,25.25,Electronics,Wallet,8,9.18,23,"smartphone, camera, bluetooth",0,Occasional_Buyer
C1733,51,Male,South Eric,2024-08-04,T2733,2025-04-08 19:00:33,37.03,Beauty,Cash on Delivery,2,14.37,11,"home_decor, 5G",0,Occasional_Buyer
C1734,58,Female,North Joelview,2022-05-31,T2734,2025-04-02 20:36:10,67.32,Electronics,Wallet,12,11.25,22,"camera, gaming",1,Occasional_Buyer
C1735,52,Male,East Amanda,2024-03-05,T2735,2025-04-15 02:20:36,170.77,Beauty,Cash on Delivery,11,12.23,10,"bluetooth, fitness, home_decor, camera",1,Loyal_Engaged
C1736,18,Female,South Tammyberg,2022-08-11,T2736,2025-04-18 02:16:17,227.65,Grocery,Card,14,12.31,14,"5G, fashion, home_decor",1,Loyal_Engaged
C1737,38,Female,Hardyshire,2024-02-19,T2737,2025-04-22 22:55:34,107.63,Fashion,Wallet,3,10.31,5,"gaming, camera, headphones",1,Occasional_Buyer
C1738,23,Female,Howellland,2022-06-16,T2738,2025-04-18 23:13:27,7.25,Beauty,UPI,6,10.66,23,"smartphone, fitness, organic",0,Occasional_Buyer
C1739,45,Male,Rodriguezland,2024-08-14,T2739,2025-04-07 16:59:12,88.49,Electronics,Card,12,7.42,17,"fashion, gaming, fitness",1,Occasional_Buyer
C1740,34,Female,Aaronberg,2024-10-18,T2740,2025-04-19 22:25:47,42.25,Grocery,UPI,7,11.97,10,"home_decor, 5G",0,Occasional_Buyer
C1741,22,Male,West Andreport,2024-08-06,T2741,2025-04-15 14:06:56,50.9,Electronics,Cash on Delivery,4,9.0,9,"bluetooth, gaming, headphones",0,Occasional_Buyer
C1742,48,Male,South William,2022-09-01,T2742,2025-04-09 03:33:33,4.03,Fashion,Card,14,8.08,19,"fitness, smartphone, 5G, organic",0,Occasional_Buyer
C1743,22,Female,North Daniellefort,2024-06-25,T2743,2025-04-17 09:04:17,16.96,Home,Cash on Delivery,1,13.91,14,"home_decor, bluetooth",0,Occasional_Buyer
C1744,55,Female,Brewerbury,2022-12-17,T2744,2025-04-14 04:48:08,125.05,Fashion,Wallet,7,6.0,22,"smartphone, eco_friendly",1,High_Spender
C1745,20,Male,Davishaven,2024-06-29,T2745,2025-04-24 13:12:27,48.4,Fitness,UPI,12,15.16,20,"organic, fitness, gaming",0,Loyal_Engaged
C1746,40,Male,Lake Cynthia,2025-01-24,T2746,2025-03-28 15:14:26,28.72,Grocery,Cash on Delivery,9,14.92,20,"fitness, home_decor",0,Occasional_Buyer
C1747,54,Male,New Devin,2024-01-23,T2747,2025-04-06 15:31:12,38.76,Fashion,UPI,1,9.33,17,"eco_friendly, smartphone, gaming, bluetooth",0,Occasional_Buyer
C1748,54,Male,South Tashastad,2023-10-05,T2748,2025-04-22 04:37:11,154.15,Home,UPI,14,15.36,5,"smartphone, home_decor, gaming",1,Loyal_Engaged
C1749,27,Male,Burtonberg,2024-07-09,T2749,2025-04-15 10:11:55,110.58,Electronics,Cash on Delivery,1,7.33,21,"home_decor, bluetooth",1,Occasional_Buyer
C1750,27,Male,South Davidhaven,2025-03-16,T2750,2025-04-07 14:02:51,25.43,Grocery,Wallet,1,12.98,17,"laptop, home_decor, fashion",0,Occasional_Buyer
C1751,36,Female,Davidville,2022-05-07,T2751,2025-04-01 11:16:47,10.0,Beauty,UPI,10,10.05,18,"headphones, organic",0,Occasional_Buyer
C1752,34,Female,New Brittanymouth,2024-07-09,T2752,2025-04-13 23:34:21,23.23,Fashion,Cash on Delivery,7,4.58,24,"laptop, fitness, headphones",0,Occasional_Buyer
C1753,38,Female,Peterfurt,2022-06-06,T2753,2025-04-13 02:44:31,202.82,Home,Wallet,11,8.11,24,"eco_friendly, fashion",1,High_Spender
C1754,31,Female,Lake Samantha,2024-03-30,T2754,2025-04-01 15:09:45,69.7,Fashion,Cash on Delivery,9,9.48,19,"organic, gaming, camera, fashion",1,Occasional_Buyer
C1755,26,Male,Davenportfort,2024-02-08,T2755,2025-04-13 17:48:17,61.0,Fitness,Wallet,3,12.34,3,"smartphone, fashion, gaming, eco_friendly",1,Occasional_Buyer
C1756,63,Other,Newmanstad,2024-01-04,T2756,2025-04-03 19:48:24,72.59,Grocery,UPI,8,8.57,13,"gaming, smartphone, home_decor",1,Occasional_Buyer
C1757,18,Female,Cervantesbury,2024-06-22,T2757,2025-04-15 00:19:00,36.46,Electronics,Card,9,9.18,8,"fitness, camera",0,Occasional_Buyer
C1758,62,Female,North Ashleyside,2022-05-30,T2758,2025-04-20 17:08:22,131.65,Home,Cash on Delivery,3,11.62,11,"organic, fitness",1,High_Spender
C1759,30,Female,South Amandamouth,2023-07-08,T2759,2025-04-22 14:00:23,59.27,Fashion,UPI,12,11.46,22,"organic, home_decor, fashion",1,Occasional_Buyer
C1760,21,Other,Donaldmouth,2023-06-12,T2760,2025-04-08 02:55:10,9.93,Grocery,Cash on Delivery,12,9.72,18,"bluetooth, gaming, laptop",0,Occasional_Buyer
C1761,18,Female,Danielsfurt,2024-03-25,T2761,2025-04-06 05:05:29,11.06,Fashion,Cash on Delivery,3,9.09,8,"fitness, bluetooth, eco_friendly",0,Occasional_Buyer
C1762,57,Male,Jimenezside,2025-02-01,T2762,2025-03-27 20:18:07,61.58,Grocery,Wallet,1,12.82,14,"gaming, fashion",1,Occasional_Buyer
C1763,49,Female,New Joshua,2023-09-10,T2763,2025-03-30 19:37:21,220.63,Fitness,Cash on Delivery,2,9.07,21,"eco_friendly, fitness, laptop",1,High_Spender
C1764,51,Female,North Mitchell,2024-01-22,T2764,2025-04-11 23:47:33,29.49,Fashion,Wallet,7,6.43,15,"headphones, fashion, smartphone, home_decor",0,Occasional_Buyer
C1765,45,Female,Alexanderfurt,2022-11-22,T2765,2025-04-12 17:18:05,162.94,Fitness,UPI,3,8.82,15,"fitness, fashion",1,High_Spender
C1766,48,Female,Candacemouth,2023-08-05,T2766,2025-03-26 07:47:13,115.55,Beauty,Cash on Delivery,7,11.64,6,"fashion, headphones, home_decor",1,Occasional_Buyer
C1767,25,Male,Gibsonshire,2023-12-17,T2767,2025-04-12 22:17:04,22.78,Beauty,UPI,5,9.55,11,"camera, home_decor",0,Occasional_Buyer
C1768,56,Male,West Michaelview,2025-01-08,T2768,2025-04-06 16:31:12,2.96,Home,Card,10,8.49,16,"5G, fashion",0,Occasional_Buyer
C1769,43,Other,Hillbury,2023-05-11,T2769,2025-04-09 14:14:54,8.59,Fitness,UPI,8,6.24,16,"home_decor, fashion",0,Occasional_Buyer
C1770,51,Female,Reginaldchester,2024-11-16,T2770,2025-04-05 12:51:57,104.3,Grocery,Cash on Delivery,5,9.57,19,"fitness, bluetooth, camera",1,Occasional_Buyer
C1771,20,Female,Colechester,2023-01-09,T2771,2025-03-28 21:06:25,17.82,Home,Card,3,10.68,7,"organic, headphones, smartphone",0,Occasional_Buyer
C1772,29,Male,Elliotttown,2022-08-24,T2772,2025-04-02 06:33:15,37.12,Fashion,Wallet,9,6.98,21,"home_decor, camera, headphones",0,Occasional_Buyer
C1773,18,Male,Vanessaport,2023-07-16,T2773,2025-03-27 17:31:27,55.72,Fashion,Card,7,9.43,4,"organic, fitness, gaming, bluetooth",1,Occasional_Buyer
C1774,61,Female,Acostafort,2024-07-07,T2774,2025-04-14 08:26:06,103.42,Grocery,Cash on Delivery,5,6.72,15,"home_decor, fashion",1,Occasional_Buyer
C1775,22,Female,North Stevemouth,2024-02-06,T2775,2025-04-05 01:09:07,9.61,Electronics,Cash on Delivery,7,9.61,13,"eco_friendly, fitness, organic, headphones",0,Occasional_Buyer
C1776,47,Female,Danielmouth,2024-07-01,T2776,2025-04-10 11:45:55,41.72,Electronics,UPI,11,15.18,4,"fitness, headphones, organic",0,Loyal_Engaged
C1777,47,Female,Lauratown,2025-02-01,T2777,2025-04-06 11:08:54,53.1,Fashion,Wallet,10,10.52,3,"smartphone, bluetooth, organic, headphones",0,Occasional_Buyer
C1778,34,Female,Hillville,2022-11-21,T2778,2025-03-31 08:01:05,62.27,Grocery,Cash on Delivery,9,5.26,23,"fitness, organic, bluetooth, fashion",1,Occasional_Buyer
C1779,64,Male,Davidberg,2023-08-23,T2779,2025-03-25 17:41:02,136.46,Electronics,Cash on Delivery,5,10.99,5,"fashion, headphones",1,High_Spender
C1780,40,Female,Johnsonfurt,2023-05-22,T2780,2025-03-29 03:05:54,15.07,Fitness,Wallet,7,13.94,14,"smartphone, gaming, fitness",0,Occasional_Buyer
C1781,32,Male,Butlerview,2022-09-13,T2781,2025-03-31 19:32:35,131.95,Fashion,Wallet,11,5.85,9,"home_decor, headphones",1,High_Spender
C1782,54,Male,Amandaburgh,2023-01-03,T2782,2025-04-14 01:48:11,94.44,Beauty,UPI,9,6.86,3,"fashion, bluetooth",1,Occasional_Buyer
C1783,38,Female,Kristenstad,2023-10-26,T2783,2025-04-13 22:19:47,64.93,Fitness,Card,1,10.78,11,"smartphone, home_decor, eco_friendly",1,Occasional_Buyer
C1784,31,Other,North Joseph,2022-09-14,T2784,2025-04-18 08:25:11,96.19,Grocery,Wallet,4,9.74,20,"organic, 5G, gaming",1,Occasional_Buyer
C1785,19,Male,Morenoview,2023-07-19,T2785,2025-04-24 13:26:52,42.48,Beauty,Cash on Delivery,1,13.63,22,"eco_friendly, smartphone",0,Occasional_Buyer
C1786,28,Female,Cookburgh,2023-06-25,T2786,2025-04-11 04:56:28,11.92,Fitness,Wallet,8,9.46,8,"fashion, camera, eco_friendly",0,Occasional_Buyer
C1787,56,Male,Julieside,2022-06-26,T2787,2025-04-01 11:44:28,87.67,Electronics,Cash on Delivery,3,12.48,11,"smartphone, eco_friendly, home_decor, 5G",1,Occasional_Buyer
C1788,55,Male,North Robertborough,2022-09-01,T2788,2025-04-12 10:01:30,59.5,Electronics,UPI,2,14.58,10,"fitness, eco_friendly, fashion, headphones",1,Occasional_Buyer
C1789,51,Male,South Marthabury,2025-01-21,T2789,2025-04-05 20:13:45,81.59,Beauty,Card,14,7.4,20,"fitness, gaming",1,Occasional_Buyer
C1790,55,Male,North Kaitlyn,2023-10-01,T2790,2025-03-26 21:23:28,33.0,Home,UPI,4,12.24,17,"fitness, smartphone",0,Occasional_Buyer
C1791,51,Female,Pamelaport,2024-07-17,T2791,2025-04-19 15:28:44,189.9,Fashion,Wallet,11,8.8,3,"bluetooth, organic, laptop",1,High_Spender
C1792,35,Male,Port John,2022-05-28,T2792,2025-04-11 22:35:11,70.82,Beauty,Cash on Delivery,3,3.35,16,"smartphone, organic, fashion, home_decor",1,Occasional_Buyer
C1793,47,Female,Jasontown,2022-11-28,T2793,2025-03-30 20:09:55,7.14,Grocery,Wallet,11,11.43,20,"laptop, bluetooth",0,Occasional_Buyer
C1794,32,Other,Kimberlyside,2024-11-14,T2794,2025-04-20 11:35:58,47.8,Fashion,Wallet,5,11.8,21,"smartphone, headphones",0,Occasional_Buyer
C1795,44,Male,Lake Tammyburgh,2022-10-31,T2795,2025-04-01 15:53:22,112.96,Fitness,Wallet,13,5.35,21,"fashion, laptop, bluetooth, 5G",1,Occasional_Buyer
C1796,51,Female,Torrestown,2024-11-11,T2796,2025-03-29 03:16:28,126.44,Grocery,Wallet,8,8.64,12,"eco_friendly, headphones, bluetooth, fashion",1,High_Spender
C1797,55,Male,West Christopherbury,2023-07-15,T2797,2025-04-06 13:04:06,54.59,Grocery,Card,10,8.13,22,"bluetooth, organic",1,Occasional_Buyer
C1798,50,Female,Terryville,2024-01-19,T2798,2025-04-21 00:38:23,180.11,Electronics,Cash on Delivery,8,12.43,23,"fitness, laptop",1,High_Spender
C1799,41,Male,Aprilchester,2023-07-05,T2799,2025-04-10 11:37:33,24.92,Fitness,Wallet,11,5.35,8,"fitness, eco_friendly, gaming",0,Occasional_Buyer
C1800,32,Male,South David,2024-04-24,T2800,2025-03-29 08:32:00,42.29,Electronics,Cash on Delivery,7,10.32,19,"organic, headphones, fitness",0,Occasional_Buyer
C1801,47,Male,Gabrielaburgh,2023-11-24,T2801,2025-04-19 01:22:49,183.09,Electronics,Card,8,2.98,16,"organic, headphones",1,High_Spender
C1802,59,Male,West Danielberg,2023-08-11,T2802,2025-04-12 03:56:01,181.27,Home,Cash on Delivery,13,11.14,15,"eco_friendly, gaming",1,High_Spender
C1803,34,Male,South Lisaberg,2025-01-04,T2803,2025-04-03 20:33:31,92.6,Electronics,Cash on Delivery,13,10.38,10,"laptop, bluetooth, camera, headphones",1,Occasional_Buyer
C1804,22,Female,North Maryhaven,2024-08-26,T2804,2025-04-16 07:47:36,156.71,Fashion,Card,5,8.47,24,"5G, bluetooth",1,High_Spender
C1805,46,Female,Schmidtchester,2022-04-30,T2805,2025-03-27 01:40:25,7.44,Grocery,Wallet,10,14.28,12,"fitness, eco_friendly",0,Occasional_Buyer
C1806,21,Female,Lake Marychester,2024-05-12,T2806,2025-04-20 08:50:46,160.2,Electronics,Cash on Delivery,10,2.13,11,"home_decor, fitness",1,High_Spender
C1807,27,Female,Gravesside,2024-05-31,T2807,2025-04-06 22:23:54,30.93,Beauty,UPI,11,9.95,7,"home_decor, camera",0,Occasional_Buyer
C1808,34,Male,West Melissa,2023-04-14,T2808,2025-04-20 18:36:35,15.71,Fashion,Cash on Delivery,12,13.59,6,"fashion, 5G",0,Loyal_Engaged
C1809,27,Male,Kathleenfort,2024-03-12,T2809,2025-04-11 13:51:00,21.89,Fitness,Wallet,11,10.39,8,"5G, smartphone, fitness, home_decor",0,Occasional_Buyer
C1810,34,Male,Morrisonberg,2023-11-29,T2810,2025-03-26 14:55:40,43.3,Grocery,UPI,13,14.1,8,"camera, gaming",0,Loyal_Engaged
C1811,37,Male,Travisstad,2023-11-26,T2811,2025-04-02 13:37:54,23.14,Beauty,Wallet,6,8.65,15,"gaming, bluetooth, organic",0,Occasional_Buyer
C1812,41,Female,Duffyside,2023-11-12,T2812,2025-04-12 20:52:22,30.92,Beauty,Cash on Delivery,8,9.5,6,"headphones, 5G",0,Occasional_Buyer
C1813,22,Female,Jenkinsborough,2022-12-29,T2813,2025-04-18 07:51:15,11.6,Fitness,Card,13,13.7,24,"fashion, 5G",0,Loyal_Engaged
C1814,51,Male,West Kerri,2023-02-04,T2814,2025-04-10 06:06:33,28.1,Beauty,Wallet,1,12.68,10,"bluetooth, organic, eco_friendly, headphones",0,Occasional_Buyer
C1815,23,Male,Christinashire,2024-05-13,T2815,2025-04-09 09:46:12,67.94,Fashion,Wallet,6,17.2,7,"camera, laptop",1,Occasional_Buyer
C1816,19,Female,Pruittport,2024-07-06,T2816,2025-03-28 08:32:55,46.65,Fitness,Card,6,10.31,4,"gaming, headphones, camera",0,Occasional_Buyer
C1817,30,Female,Port Derek,2024-05-28,T2817,2025-04-21 01:20:33,34.06,Beauty,Cash on Delivery,11,10.6,11,"headphones, eco_friendly, bluetooth, organic",0,Occasional_Buyer
C1818,60,Male,South Laurentown,2023-10-27,T2818,2025-03-31 04:11:36,109.78,Fitness,Wallet,13,8.62,13,"home_decor, organic, fitness",1,Occasional_Buyer
C1819,60,Other,Lake Pamela,2023-12-09,T2819,2025-03-31 01:37:31,179.18,Fitness,Cash on Delivery,5,9.39,22,"headphones, camera, organic, fashion",1,High_Spender
C1820,28,Other,Brooksstad,2023-01-13,T2820,2025-04-09 06:59:13,113.11,Electronics,Cash on Delivery,4,13.23,22,"camera, fashion",1,Occasional_Buyer
C1821,64,Male,Port Kendraton,2024-04-07,T2821,2025-03-31 19:12:10,32.28,Electronics,Cash on Delivery,1,10.0,13,"smartphone, laptop, organic",0,Occasional_Buyer
C1822,40,Male,West Chadland,2025-03-12,T2822,2025-03-27 21:44:41,109.14,Electronics,Card,11,7.58,9,"laptop, 5G",1,Occasional_Buyer
C1823,33,Female,Kimberlyside,2022-08-23,T2823,2025-04-24 06:53:30,13.19,Beauty,Cash on Delivery,10,8.87,16,"gaming, smartphone, 5G, fashion",0,Occasional_Buyer
C1824,48,Other,Lake Samuel,2022-08-01,T2824,2025-04-04 06:29:20,11.17,Grocery,Cash on Delivery,11,9.73,8,"headphones, gaming, fitness",0,Occasional_Buyer
C1825,28,Female,Englishfurt,2024-10-23,T2825,2025-04-01 02:37:19,33.93,Fashion,UPI,8,7.77,6,"gaming, laptop, eco_friendly",0,Occasional_Buyer
C1826,33,Male,Hillfort,2025-02-18,T2826,2025-04-07 23:04:04,131.9,Beauty,UPI,6,8.63,8,"headphones, 5G, organic, gaming",1,High_Spender
C1827,25,Male,North Tanya,2022-09-18,T2827,2025-04-14 18:21:43,22.63,Electronics,UPI,3,7.0,5,"home_decor, gaming",0,Occasional_Buyer
C1828,21,Female,Romanton,2022-07-17,T2828,2025-04-09 06:53:50,5.23,Fitness,Wallet,12,8.73,8,"organic, smartphone, home_decor",0,Occasional_Buyer
C1829,57,Female,North Debbieview,2024-07-27,T2829,2025-04-01 06:04:08,11.3,Beauty,Wallet,3,13.5,5,"gaming, organic, 5G",0,Occasional_Buyer
C1830,21,Male,Curtisshire,2024-11-04,T2830,2025-03-27 21:49:26,156.58,Fitness,UPI,12,10.15,3,"bluetooth, laptop, fitness",1,High_Spender
C1831,42,Female,Austinland,2022-04-28,T2831,2025-04-08 01:25:50,80.36,Fitness,Card,6,17.38,23,"5G, bluetooth, smartphone",1,Occasional_Buyer
C1832,20,Female,Saundershaven,2022-10-18,T2832,2025-04-17 04:10:46,23.36,Fitness,Card,12,7.71,20,"laptop, bluetooth",0,Occasional_Buyer
C1833,49,Female,Joseview,2023-08-07,T2833,2025-04-09 12:08:15,64.83,Home,UPI,7,11.46,6,"eco_friendly, 5G, laptop, smartphone",1,Occasional_Buyer
C1834,20,Female,Cruztown,2023-01-15,T2834,2025-04-21 08:23:49,59.99,Grocery,Wallet,8,10.67,8,"smartphone, bluetooth",1,Occasional_Buyer
C1835,44,Female,Rodriguezfurt,2025-01-24,T2835,2025-04-02 04:21:50,85.24,Fashion,Wallet,5,11.95,19,"home_decor, smartphone, headphones, organic",1,Occasional_Buyer
C1836,46,Male,Kellyhaven,2024-04-25,T2836,2025-04-22 02:38:06,21.24,Fashion,Card,10,8.18,20,"5G, fitness",0,Occasional_Buyer
C1837,49,Female,Christineshire,2023-01-28,T2837,2025-04-01 21:29:19,159.85,Electronics,Cash on Delivery,6,8.89,8,"camera, home_decor, eco_friendly",1,High_Spender
C1838,36,Male,North Cheryl,2023-12-24,T2838,2025-04-02 11:43:31,29.61,Home,Card,12,11.22,4,"camera, gaming",0,Occasional_Buyer
C1839,38,Female,Darrenfurt,2023-01-21,T2839,2025-04-09 10:27:17,94.77,Beauty,Cash on Delivery,1,8.49,14,"laptop, bluetooth, eco_friendly, gaming",1,Occasional_Buyer
C1840,22,Male,Port Markmouth,2023-09-08,T2840,2025-03-30 09:45:01,1.3,Beauty,Wallet,6,4.68,14,"smartphone, 5G",0,Occasional_Buyer
C1841,35,Female,Eileenburgh,2024-08-17,T2841,2025-04-08 13:00:27,37.3,Fashion,Wallet,9,13.93,6,"fashion, fitness",0,Occasional_Buyer
C1842,45,Male,Allenbury,2022-11-12,T2842,2025-04-04 11:05:34,34.67,Grocery,UPI,10,12.66,18,"5G, fitness, eco_friendly, headphones",0,Occasional_Buyer
C1843,59,Male,Briannaport,2023-02-22,T2843,2025-04-01 20:09:05,62.73,Fitness,Wallet,4,8.75,22,"laptop, smartphone, headphones, organic",1,Occasional_Buyer
C1844,39,Male,Sarahchester,2023-05-25,T2844,2025-04-12 22:52:38,6.04,Electronics,Cash on Delivery,14,10.65,12,"headphones, smartphone, fitness",0,Occasional_Buyer
C1845,38,Male,Laurafurt,2024-08-08,T2845,2025-03-28 08:11:27,124.9,Grocery,Card,14,13.02,12,"bluetooth, camera",1,Loyal_Engaged
C1846,23,Female,Stricklandfurt,2025-02-20,T2846,2025-04-01 17:43:02,19.65,Fashion,UPI,10,14.03,9,"5G, gaming, eco_friendly, home_decor",0,Occasional_Buyer
C1847,18,Female,Parkerchester,2025-02-24,T2847,2025-04-03 20:44:57,90.42,Home,Cash on Delivery,13,10.31,16,"headphones, 5G, smartphone, gaming",1,Occasional_Buyer
C1848,22,Female,West Thomas,2024-12-01,T2848,2025-03-27 06:06:58,130.05,Electronics,Card,1,8.24,9,"camera, eco_friendly, laptop, home_decor",1,High_Spender
C1849,58,Male,South Bryanview,2024-01-25,T2849,2025-04-09 03:15:26,66.02,Fashion,Card,14,14.39,14,"bluetooth, organic, home_decor",1,Loyal_Engaged
C1850,29,Male,South Anthony,2024-05-13,T2850,2025-03-30 04:20:23,108.04,Beauty,Card,11,10.28,13,"fitness, headphones, laptop, home_decor",1,Occasional_Buyer
C1851,43,Male,Angelamouth,2023-07-14,T2851,2025-03-30 02:28:53,86.74,Electronics,Wallet,9,9.56,19,"organic, 5G",1,Occasional_Buyer
C1852,63,Male,Mendozatown,2022-12-13,T2852,2025-03-27 10:47:41,35.15,Fashion,Card,4,10.79,13,"eco_friendly, camera, 5G, fashion",0,Occasional_Buyer
C1853,51,Female,West Henryburgh,2023-10-06,T2853,2025-03-28 16:52:06,132.38,Beauty,Wallet,2,13.46,23,"camera, headphones, smartphone, organic",1,High_Spender
C1854,31,Male,South Peterborough,2022-10-26,T2854,2025-03-30 05:33:19,27.93,Beauty,Card,1,9.88,5,"headphones, eco_friendly, gaming",0,Occasional_Buyer
C1855,43,Male,West Savannahport,2025-03-19,T2855,2025-04-19 18:35:09,67.74,Fitness,Card,3,12.96,21,"gaming, bluetooth, laptop, organic",1,Occasional_Buyer
C1856,62,Male,Lake Walterchester,2025-02-09,T2856,2025-04-17 08:32:53,109.44,Home,Wallet,7,9.37,24,"camera, eco_friendly, organic, bluetooth",1,Occasional_Buyer
C1857,44,Male,East Ritafurt,2024-08-08,T2857,2025-04-13 06:30:50,38.11,Fitness,Wallet,11,11.83,6,"home_decor, gaming, organic",0,Occasional_Buyer
C1858,26,Female,Meyerburgh,2022-05-07,T2858,2025-04-05 01:24:47,28.85,Fashion,Cash on Delivery,10,7.16,10,"smartphone, organic",0,Occasional_Buyer
C1859,43,Female,Melissashire,2023-10-11,T2859,2025-03-28 19:14:24,49.2,Grocery,Card,2,13.21,16,"headphones, home_decor, smartphone, bluetooth",0,Occasional_Buyer
C1860,64,Male,East Dariusstad,2023-05-25,T2860,2025-04-03 18:30:42,136.28,Fitness,Wallet,9,7.97,22,"smartphone, 5G, gaming",1,High_Spender
C1861,39,Male,Jonesshire,2024-06-29,T2861,2025-04-07 22:24:57,212.65,Grocery,Cash on Delivery,12,11.38,16,"camera, smartphone, headphones, eco_friendly",1,High_Spender
C1862,64,Male,Lake Kathyborough,2024-03-06,T2862,2025-04-01 15:08:59,63.01,Beauty,Cash on Delivery,13,5.54,18,"home_decor, laptop, 5G",1,Occasional_Buyer
C1863,47,Male,New Cassandra,2023-06-25,T2863,2025-04-10 03:23:09,86.65,Fashion,Wallet,11,10.07,17,"5G, laptop",1,Occasional_Buyer
C1864,60,Male,East Jennifertown,2023-07-10,T2864,2025-04-04 19:41:12,186.87,Home,Card,2,10.56,14,"camera, gaming",1,High_Spender
C1865,34,Other,Mariaport,2022-10-17,T2865,2025-04-18 07:01:51,8.3,Grocery,Cash on Delivery,5,7.96,18,"home_decor, fashion, camera, laptop",0,Occasional_Buyer
C1866,43,Female,North Michellechester,2022-07-02,T2866,2025-04-08 05:40:07,21.13,Fashion,Card,8,9.67,22,"bluetooth, camera",0,Occasional_Buyer
C1867,53,Female,Teresamouth,2022-05-25,T2867,2025-04-23 01:05:41,98.73,Grocery,Card,13,10.79,21,"fitness, smartphone, eco_friendly",1,Occasional_Buyer
C1868,18,Male,East Elizabeth,2023-01-20,T2868,2025-03-31 14:09:28,138.87,Fitness,Cash on Delivery,13,11.69,7,"smartphone, bluetooth",1,High_Spender
C1869,25,Male,South Michael,2024-09-08,T2869,2025-04-23 00:59:33,155.61,Fashion,Wallet,12,10.3,14,"organic, camera, eco_friendly",1,High_Spender
C1870,52,Female,Port Melissaland,2023-10-24,T2870,2025-03-26 03:09:28,42.91,Fitness,Card,10,14.0,7,"laptop, headphones, fitness, camera",0,Occasional_Buyer
C1871,32,Female,Brendabury,2023-09-22,T2871,2025-04-05 19:17:04,7.49,Electronics,UPI,8,13.47,12,"5G, organic",0,Occasional_Buyer
C1872,64,Female,South Tammie,2023-05-03,T2872,2025-04-13 09:23:34,46.07,Fashion,Wallet,3,9.91,19,"organic, home_decor",0,Occasional_Buyer
C1873,39,Male,South Kelsey,2024-10-22,T2873,2025-04-09 09:06:26,20.99,Grocery,Cash on Delivery,2,6.01,17,"gaming, eco_friendly, camera, bluetooth",0,Occasional_Buyer
C1874,31,Female,Port Ryanhaven,2024-01-09,T2874,2025-04-19 00:11:21,27.53,Electronics,UPI,9,8.54,10,"camera, 5G, headphones, bluetooth",0,Occasional_Buyer
C1875,43,Male,North Jay,2023-01-18,T2875,2025-04-18 05:03:42,118.37,Fitness,Card,3,3.31,10,"smartphone, headphones",1,Occasional_Buyer
C1876,45,Female,Garciachester,2022-07-03,T2876,2025-03-27 00:56:14,6.28,Fitness,Wallet,8,9.45,10,"headphones, 5G",0,Occasional_Buyer
C1877,40,Female,North Kristyburgh,2022-05-11,T2877,2025-03-29 16:49:18,140.63,Grocery,UPI,2,14.21,12,"smartphone, bluetooth, gaming, laptop",1,High_Spender
C1878,31,Female,Amyshire,2024-02-28,T2878,2025-04-22 09:19:12,44.64,Electronics,Wallet,3,12.37,22,"bluetooth, 5G, smartphone, fashion",0,Occasional_Buyer
C1879,41,Male,Rebeccaborough,2023-11-13,T2879,2025-04-07 14:35:45,72.52,Beauty,Card,1,10.25,15,"laptop, fashion",1,Occasional_Buyer
C1880,19,Female,Tonyaburgh,2024-12-13,T2880,2025-03-26 18:54:51,7.51,Home,Wallet,14,7.82,18,"camera, eco_friendly",0,Occasional_Buyer
C1881,62,Male,Rivasmouth,2024-06-20,T2881,2025-03-26 07:17:05,32.92,Grocery,UPI,11,10.37,11,"gaming, fitness, eco_friendly",0,Occasional_Buyer
C1882,43,Male,Josephfort,2023-06-18,T2882,2025-04-15 16:23:05,7.52,Fitness,Wallet,6,16.39,18,"smartphone, gaming, bluetooth, eco_friendly",0,Occasional_Buyer
C1883,31,Male,Sandovalton,2022-08-09,T2883,2025-04-21 01:49:35,260.66,Fashion,Cash on Delivery,13,14.46,12,"home_decor, eco_friendly, fitness, gaming",1,Loyal_Engaged
C1884,24,Female,Courtneyport,2024-10-31,T2884,2025-04-04 19:54:37,131.71,Electronics,Cash on Delivery,7,9.55,5,"bluetooth, organic, smartphone, headphones",1,High_Spender
C1885,20,Male,North Joshuashire,2023-03-13,T2885,2025-04-11 13:04:49,49.24,Beauty,UPI,4,5.55,24,"laptop, 5G, fitness, home_decor",0,Occasional_Buyer
C1886,64,Male,West Jill,2022-06-21,T2886,2025-04-07 09:35:44,20.25,Home,Wallet,1,16.62,16,"headphones, eco_friendly, camera",0,Occasional_Buyer
C1887,40,Female,East Jamesborough,2022-08-07,T2887,2025-04-12 03:49:10,216.79,Fashion,UPI,3,7.81,15,"bluetooth, fitness, 5G",1,High_Spender
C1888,63,Male,Lauraberg,2023-03-14,T2888,2025-04-04 17:43:27,33.8,Electronics,Wallet,9,11.59,6,"laptop, bluetooth",0,Occasional_Buyer
C1889,60,Female,New Kevinberg,2022-07-30,T2889,2025-03-27 07:22:34,14.04,Beauty,Card,5,5.32,6,"smartphone, fitness",0,Occasional_Buyer
C1890,64,Male,Lake Kaylee,2024-10-25,T2890,2025-04-08 01:17:09,66.26,Grocery,Cash on Delivery,6,9.03,8,"headphones, 5G",1,Occasional_Buyer
C1891,62,Male,Vasquezfurt,2022-07-17,T2891,2025-04-17 04:13:36,230.27,Beauty,Card,4,5.31,21,"laptop, bluetooth",1,High_Spender
C1892,35,Female,New Hannahside,2023-05-04,T2892,2025-04-02 14:26:05,0.31,Grocery,Wallet,1,6.51,13,"fitness, fashion, laptop, gaming",0,Occasional_Buyer
C1893,55,Male,Trevorberg,2023-10-31,T2893,2025-04-17 04:40:49,21.76,Electronics,Card,14,7.23,10,"laptop, headphones, gaming, fashion",0,Occasional_Buyer
C1894,52,Female,New Timothyview,2022-10-12,T2894,2025-04-10 07:40:01,223.03,Beauty,UPI,5,11.43,16,"organic, eco_friendly",1,High_Spender
C1895,32,Female,New Michael,2024-01-28,T2895,2025-04-05 23:22:16,15.01,Home,UPI,5,9.71,10,"5G, eco_friendly, home_decor, smartphone",0,Occasional_Buyer
C1896,42,Female,Desireehaven,2023-05-12,T2896,2025-04-16 17:32:03,9.61,Beauty,Wallet,5,18.14,16,"fashion, 5G",0,Occasional_Buyer
C1897,54,Female,Lake Joshuafurt,2024-11-12,T2897,2025-04-09 13:36:27,67.55,Electronics,Cash on Delivery,6,13.4,9,"camera, fitness, gaming, organic",1,Occasional_Buyer
C1898,45,Male,New Jamesshire,2024-09-26,T2898,2025-04-05 05:55:28,158.35,Fashion,UPI,11,13.47,23,"smartphone, fashion, gaming, headphones",1,Loyal_Engaged
C1899,27,Male,North Jamesfurt,2022-07-05,T2899,2025-04-21 11:56:18,51.87,Fashion,Cash on Delivery,2,11.51,20,"headphones, fitness",0,Occasional_Buyer
C1900,56,Female,Stanleychester,2024-08-21,T2900,2025-04-08 16:27:31,417.18,Beauty,Wallet,1,10.83,14,"laptop, gaming, eco_friendly",1,High_Spender
C1901,34,Female,Gonzalezton,2023-04-20,T2901,2025-04-15 03:50:02,90.95,Beauty,Cash on Delivery,2,13.57,16,"camera, fitness",1,Occasional_Buyer
C1902,56,Female,Paulaview,2022-06-09,T2902,2025-04-16 10:31:08,6.16,Grocery,Wallet,13,2.86,17,"headphones, smartphone, laptop",0,Occasional_Buyer
C1903,39,Female,Thompsonland,2024-08-01,T2903,2025-04-04 16:50:31,395.05,Electronics,Card,10,8.13,20,"laptop, 5G, headphones",1,High_Spender
C1904,43,Female,Liview,2022-10-27,T2904,2025-04-19 14:07:50,41.93,Grocery,Wallet,6,5.92,14,"home_decor, fashion",0,Occasional_Buyer
C1905,61,Female,South Bradshire,2022-07-09,T2905,2025-03-26 10:38:58,27.11,Home,Card,5,4.35,12,"5G, smartphone",0,Occasional_Buyer
C1906,42,Male,Tylermouth,2023-10-18,T2906,2025-03-30 05:19:35,65.29,Fashion,Wallet,5,7.69,14,"fitness, eco_friendly, 5G, organic",1,Occasional_Buyer
C1907,34,Female,West Janicebury,2024-11-25,T2907,2025-03-30 09:03:37,29.03,Fitness,UPI,12,6.56,10,"headphones, laptop, eco_friendly, fashion",0,Occasional_Buyer
C1908,30,Female,Rebeccamouth,2022-11-25,T2908,2025-04-20 13:25:01,7.23,Fitness,UPI,12,13.58,8,"headphones, 5G, eco_friendly",0,Loyal_Engaged
C1909,37,Male,Amberberg,2022-07-02,T2909,2025-04-02 06:47:41,0.11,Electronics,Cash on Delivery,6,10.27,21,"5G, bluetooth, fitness, organic",0,Occasional_Buyer
C1910,42,Female,Tracybury,2024-01-14,T2910,2025-03-26 09:55:51,47.77,Electronics,Wallet,14,3.97,3,"headphones, gaming, bluetooth",0,Occasional_Buyer
C1911,21,Female,New Rhonda,2024-06-18,T2911,2025-04-15 10:50:34,145.05,Fitness,Wallet,10,10.94,15,"organic, bluetooth, laptop, eco_friendly",1,High_Spender
C1912,27,Female,Ericland,2023-05-16,T2912,2025-04-15 15:27:01,67.95,Electronics,Wallet,7,6.96,24,"eco_friendly, bluetooth",1,Occasional_Buyer
C1913,20,Male,Samuelmouth,2023-01-28,T2913,2025-04-17 20:04:07,571.21,Fashion,Cash on Delivery,9,10.19,18,"eco_friendly, camera",1,High_Spender
C1914,58,Male,Smithland,2022-06-28,T2914,2025-04-16 15:54:13,27.04,Home,UPI,7,11.18,20,"bluetooth, gaming, home_decor, smartphone",0,Occasional_Buyer
C1915,62,Female,Robinsontown,2023-01-16,T2915,2025-04-13 18:46:05,26.33,Home,Wallet,2,7.75,14,"eco_friendly, gaming",0,Occasional_Buyer
C1916,35,Other,Lake Daniel,2024-06-26,T2916,2025-03-31 02:17:36,13.92,Grocery,Cash on Delivery,6,10.65,7,"laptop, gaming, smartphone",0,Occasional_Buyer
C1917,64,Male,South Emma,2022-12-22,T2917,2025-04-07 02:39:46,14.34,Fashion,Wallet,9,11.21,23,"smartphone, 5G, gaming, laptop",0,Occasional_Buyer
C1918,53,Male,East Ambertown,2023-07-15,T2918,2025-04-03 20:14:21,26.86,Electronics,Card,7,9.51,15,"home_decor, fashion, fitness",0,Occasional_Buyer
C1919,64,Female,Port Jennifer,2024-03-06,T2919,2025-04-08 02:23:21,125.94,Electronics,Wallet,2,7.84,10,"camera, bluetooth",1,High_Spender
C1920,39,Male,Millerland,2023-09-19,T2920,2025-04-19 11:23:13,188.95,Grocery,Card,3,10.01,8,"camera, bluetooth, organic, fitness",1,High_Spender
C1921,51,Female,Port Kristineside,2024-05-17,T2921,2025-04-10 14:47:14,295.39,Grocery,Cash on Delivery,8,9.58,5,"fitness, organic, eco_friendly",1,High_Spender
C1922,64,Other,Russellshire,2025-02-14,T2922,2025-04-16 15:23:12,21.15,Electronics,Cash on Delivery,11,10.95,22,"bluetooth, organic",0,Occasional_Buyer
C1923,25,Male,New Nicolas,2024-12-17,T2923,2025-04-07 19:36:09,170.49,Electronics,UPI,9,9.21,6,"smartphone, 5G, organic, gaming",1,High_Spender
C1924,57,Female,New Thomasview,2024-05-05,T2924,2025-04-23 16:00:14,31.83,Fashion,Wallet,4,6.42,14,"home_decor, 5G, fitness, fashion",0,Occasional_Buyer
C1925,61,Male,Lake Jillianchester,2023-04-14,T2925,2025-04-15 16:22:13,9.58,Grocery,Cash on Delivery,9,9.49,15,"gaming, home_decor, camera, 5G",0,Occasional_Buyer
C1926,36,Male,Sullivanfurt,2024-10-06,T2926,2025-03-26 06:46:50,163.23,Fashion,UPI,2,10.98,4,"home_decor, headphones",1,High_Spender
C1927,59,Female,Codytown,2024-05-18,T2927,2025-04-17 15:47:48,80.87,Beauty,Wallet,13,10.56,21,"laptop, fashion, organic, camera",1,Occasional_Buyer
C1928,58,Male,Dianashire,2023-04-17,T2928,2025-04-23 23:46:42,14.4,Electronics,Cash on Delivery,11,9.67,6,"gaming, organic, 5G",0,Occasional_Buyer
C1929,54,Other,Brownburgh,2023-02-18,T2929,2025-03-30 04:58:23,44.95,Fitness,Card,5,8.54,15,"bluetooth, organic, fitness, laptop",0,Occasional_Buyer
C1930,23,Female,New Melissa,2024-06-30,T2930,2025-04-13 09:40:39,27.09,Fitness,Cash on Delivery,11,8.38,21,"camera, gaming, home_decor, fashion",0,Occasional_Buyer
C1931,43,Male,Michaelshire,2022-05-28,T2931,2025-04-11 19:26:23,106.79,Beauty,Card,2,8.7,10,"home_decor, laptop, organic, fitness",1,Occasional_Buyer
C1932,51,Male,Port Monicaville,2023-09-30,T2932,2025-04-08 19:23:29,48.33,Electronics,UPI,11,13.23,10,"laptop, fashion, gaming",0,Loyal_Engaged
C1933,62,Male,Riversmouth,2023-10-08,T2933,2025-04-03 00:40:34,362.85,Grocery,UPI,1,7.16,18,"camera, 5G",1,High_Spender
C1934,23,Male,South Jeffrey,2022-09-02,T2934,2025-04-08 18:00:17,4.5,Fitness,Wallet,13,10.27,13,"fashion, 5G, laptop, smartphone",0,Occasional_Buyer
C1935,54,Male,Chapmanburgh,2024-11-08,T2935,2025-04-07 00:33:27,35.08,Grocery,Wallet,14,6.23,20,"home_decor, eco_friendly, headphones",0,Occasional_Buyer
C1936,50,Male,North Joshua,2022-05-31,T2936,2025-04-11 13:17:08,52.61,Fitness,Wallet,5,12.29,6,"organic, smartphone, camera",0,Occasional_Buyer
C1937,39,Female,Tylerville,2023-07-15,T2937,2025-03-26 01:33:14,55.95,Grocery,UPI,2,8.39,3,"home_decor, eco_friendly, fitness, bluetooth",1,Occasional_Buyer
C1938,38,Female,Tracychester,2023-12-04,T2938,2025-04-14 13:26:30,30.38,Fitness,Card,14,7.52,3,"gaming, laptop, bluetooth, fitness",0,Occasional_Buyer
C1939,23,Female,West Timothy,2023-05-19,T2939,2025-04-21 14:02:07,104.52,Grocery,Wallet,13,10.65,16,"bluetooth, laptop, home_decor",1,Occasional_Buyer
C1940,23,Female,South Sallyhaven,2022-04-25,T2940,2025-04-16 13:40:29,166.19,Beauty,Wallet,7,2.62,6,"fashion, camera",1,High_Spender
C1941,21,Male,North Kimberly,2023-10-26,T2941,2025-04-10 02:43:28,223.38,Fashion,UPI,8,6.1,13,"bluetooth, organic",1,High_Spender
C1942,47,Male,West Hannah,2023-09-12,T2942,2025-03-28 18:31:14,130.82,Grocery,Card,2,11.08,20,"smartphone, camera, bluetooth, gaming",1,High_Spender
C1943,28,Female,North Heidiborough,2025-03-17,T2943,2025-04-12 17:47:54,152.08,Fashion,Cash on Delivery,7,13.04,18,"bluetooth, headphones, home_decor",1,High_Spender
C1944,47,Female,North Carolynborough,2023-03-02,T2944,2025-04-09 00:52:02,63.98,Fashion,Wallet,4,11.35,19,"laptop, home_decor, headphones, camera",1,Occasional_Buyer
C1945,48,Male,East Douglasborough,2024-03-12,T2945,2025-03-28 10:38:18,139.84,Electronics,Cash on Delivery,1,10.42,4,"smartphone, camera, 5G, headphones",1,High_Spender
C1946,41,Female,Kruegerview,2022-06-11,T2946,2025-04-02 15:23:14,28.94,Beauty,Cash on Delivery,11,17.23,6,"laptop, home_decor, headphones",0,Loyal_Engaged
C1947,26,Female,Stevensport,2023-05-06,T2947,2025-04-01 02:11:59,40.66,Fashion,Wallet,3,11.47,5,"organic, fashion, bluetooth",0,Occasional_Buyer
C1948,20,Female,East Christopherfurt,2025-02-13,T2948,2025-03-26 15:43:45,30.49,Home,UPI,11,6.87,17,"gaming, fitness, 5G",0,Occasional_Buyer
C1949,48,Male,Mccarthyton,2023-01-05,T2949,2025-04-08 11:04:19,50.4,Fashion,Wallet,12,13.07,4,"5G, home_decor, headphones",0,Loyal_Engaged
C1950,57,Female,Lake Willie,2025-03-20,T2950,2025-04-18 04:31:22,26.9,Grocery,Card,1,8.08,21,"camera, home_decor, fashion",0,Occasional_Buyer
C1951,54,Female,Charlesland,2022-05-21,T2951,2025-04-06 12:31:01,260.8,Fashion,Card,5,7.88,11,"camera, gaming",1,High_Spender
C1952,53,Female,Ibarraview,2024-07-21,T2952,2025-04-19 18:21:53,30.02,Grocery,Wallet,13,5.86,12,"camera, laptop, gaming, headphones",0,Occasional_Buyer
C1953,41,Female,Johnsonmouth,2022-07-21,T2953,2025-03-28 05:36:39,8.26,Grocery,Cash on Delivery,8,8.77,23,"organic, smartphone",0,Occasional_Buyer
C1954,48,Female,Wellsview,2024-11-02,T2954,2025-04-23 20:35:19,59.86,Home,Card,1,6.31,21,"headphones, camera",1,Occasional_Buyer
C1955,23,Female,Micheleview,2022-11-03,T2955,2025-04-12 02:00:07,4.7,Fashion,Card,14,11.67,7,"5G, laptop, fitness, bluetooth",0,Occasional_Buyer
C1956,19,Male,Port Jamesmouth,2023-03-21,T2956,2025-04-11 17:30:51,9.37,Fashion,Wallet,9,9.62,16,"gaming, headphones",0,Occasional_Buyer
C1957,37,Female,Dominiqueborough,2022-10-05,T2957,2025-04-22 21:44:47,19.81,Fitness,Wallet,3,5.92,12,"bluetooth, laptop, gaming",0,Occasional_Buyer
C1958,45,Female,East Adam,2023-11-27,T2958,2025-04-24 02:34:00,49.94,Fitness,UPI,5,9.76,18,"eco_friendly, camera, gaming",0,Occasional_Buyer
C1959,28,Female,North Valerieville,2023-08-04,T2959,2025-04-19 17:15:30,45.43,Electronics,Wallet,9,12.98,8,"laptop, fashion, gaming, home_decor",0,Occasional_Buyer
C1960,21,Male,East Justinfurt,2023-07-01,T2960,2025-04-13 17:12:43,128.63,Grocery,Wallet,5,14.87,10,"home_decor, gaming, 5G",1,High_Spender
C1961,32,Male,East Michelleville,2023-12-06,T2961,2025-04-03 00:16:13,107.6,Home,Card,9,4.63,4,"camera, headphones, bluetooth, eco_friendly",1,Occasional_Buyer
C1962,23,Female,North Peterside,2023-11-24,T2962,2025-04-23 10:39:32,44.45,Fitness,Card,10,7.66,20,"camera, eco_friendly",0,Occasional_Buyer
C1963,47,Female,Port Lindseyside,2022-06-17,T2963,2025-04-21 09:36:58,32.48,Fashion,Card,8,6.13,23,"organic, eco_friendly",0,Occasional_Buyer
C1964,55,Other,East Bradleybury,2022-06-08,T2964,2025-04-18 08:29:36,30.44,Electronics,Cash on Delivery,7,11.06,23,"smartphone, home_decor",0,Occasional_Buyer
C1965,19,Female,New Jamesview,2022-12-14,T2965,2025-04-20 02:58:17,118.98,Home,Card,11,5.77,23,"bluetooth, fashion, 5G, camera",1,Occasional_Buyer
C1966,32,Female,East Angela,2022-12-22,T2966,2025-04-07 06:01:04,4.28,Beauty,Card,1,13.18,22,"gaming, bluetooth, smartphone",0,Occasional_Buyer
C1967,28,Female,Davidview,2023-10-16,T2967,2025-03-31 06:42:23,1.03,Fashion,Wallet,4,13.61,10,"headphones, 5G, smartphone",0,Occasional_Buyer
C1968,25,Female,Garciamouth,2023-07-02,T2968,2025-04-04 21:46:51,126.99,Fashion,UPI,9,12.45,7,"headphones, smartphone",1,High_Spender
C1969,43,Female,Lake Lucas,2023-01-06,T2969,2025-04-04 10:47:54,51.88,Beauty,Card,10,7.85,19,"laptop, smartphone",0,Occasional_Buyer
C1970,62,Female,Hooverstad,2024-07-24,T2970,2025-04-04 19:46:55,11.22,Grocery,UPI,8,8.04,18,"fitness, laptop, 5G",0,Occasional_Buyer
C1971,61,Male,Hollystad,2024-04-24,T2971,2025-03-28 00:01:19,21.49,Grocery,Card,4,8.63,7,"camera, 5G, eco_friendly, smartphone",0,Occasional_Buyer
C1972,22,Female,Port Richardville,2024-12-12,T2972,2025-03-31 20:17:05,215.65,Fitness,Card,12,13.32,19,"headphones, laptop, fitness",1,Loyal_Engaged
C1973,23,Female,South Jessica,2024-02-12,T2973,2025-04-09 02:14:57,157.01,Fitness,UPI,1,4.91,6,"bluetooth, 5G",1,High_Spender
C1974,43,Male,West Angelatown,2024-05-24,T2974,2025-04-03 02:21:25,98.97,Fashion,Wallet,10,11.16,3,"smartphone, 5G, laptop",1,Occasional_Buyer
C1975,21,Male,New Zachary,2024-12-08,T2975,2025-04-03 10:16:54,52.66,Fashion,Card,4,7.2,24,"gaming, smartphone, fashion, organic",0,Occasional_Buyer
C1976,36,Male,Edwardstown,2022-06-10,T2976,2025-03-28 06:59:57,58.77,Fitness,UPI,3,8.74,8,"organic, camera",1,Occasional_Buyer
C1977,37,Male,Lake David,2025-01-07,T2977,2025-04-14 18:59:00,295.9,Beauty,Card,6,12.21,3,"gaming, home_decor",1,High_Spender
C1978,50,Male,South Lorimouth,2023-11-04,T2978,2025-04-13 02:05:57,269.97,Fitness,Cash on Delivery,11,5.45,6,"headphones, eco_friendly, organic",1,High_Spender
C1979,37,Male,West Katherinefort,2024-06-11,T2979,2025-04-04 20:56:33,19.39,Fashion,Cash on Delivery,5,9.17,4,"smartphone, 5G",0,Occasional_Buyer
C1980,29,Other,Lake Amanda,2024-07-25,T2980,2025-04-07 09:10:55,133.32,Home,Cash on Delivery,5,9.61,15,"fashion, smartphone, 5G",1,High_Spender
C1981,64,Female,Lisaton,2022-09-22,T2981,2025-04-03 06:27:41,17.58,Fashion,Cash on Delivery,2,9.89,16,"home_decor, 5G, headphones",0,Occasional_Buyer
C1982,18,Male,Port Alan,2022-12-02,T2982,2025-04-09 04:18:59,19.22,Home,Wallet,12,9.69,19,"eco_friendly, fitness",0,Occasional_Buyer
C1983,43,Male,Perezport,2023-02-20,T2983,2025-04-04 08:16:38,90.18,Home,Cash on Delivery,3,11.67,13,"home_decor, headphones, camera",1,Occasional_Buyer
C1984,31,Female,Jennifershire,2024-04-12,T2984,2025-04-18 22:44:48,41.54,Fashion,UPI,11,8.64,5,"eco_friendly, gaming, home_decor",0,Occasional_Buyer
C1985,55,Male,North Heatherside,2023-08-30,T2985,2025-04-08 19:21:46,214.53,Electronics,Card,6,11.1,9,"smartphone, fashion, headphones, eco_friendly",1,High_Spender
C1986,54,Female,Martinezton,2023-12-06,T2986,2025-04-10 13:08:33,7.46,Fitness,UPI,2,10.99,12,"laptop, fashion, headphones, eco_friendly",0,Occasional_Buyer
C1987,28,Female,Lake Amybury,2023-01-31,T2987,2025-04-04 06:44:03,57.32,Grocery,Cash on Delivery,4,10.86,13,"smartphone, laptop",1,Occasional_Buyer
C1988,53,Female,West Rachelshire,2022-12-10,T2988,2025-04-23 06:32:06,200.59,Fashion,Wallet,2,11.58,12,"fitness, headphones, smartphone",1,High_Spender
C1989,30,Male,South Mason,2022-12-18,T2989,2025-04-05 05:42:58,187.57,Home,Cash on Delivery,9,10.85,10,"organic, laptop",1,High_Spender
C1990,60,Female,Dixonberg,2023-12-15,T2990,2025-04-11 15:27:52,13.62,Fashion,Cash on Delivery,3,9.73,7,"laptop, eco_friendly, fashion, bluetooth",0,Occasional_Buyer
C1991,20,Male,Lake Jocelyn,2024-04-13,T2991,2025-04-21 16:54:43,36.54,Fitness,Wallet,10,6.19,4,"laptop, gaming, fitness",0,Occasional_Buyer
C1992,50,Other,Shellyburgh,2024-10-01,T2992,2025-04-02 23:17:01,77.22,Beauty,Wallet,10,14.07,17,"camera, fashion",1,Occasional_Buyer
C1993,23,Female,Glennburgh,2024-03-27,T2993,2025-04-09 16:45:13,13.89,Home,Wallet,6,15.08,18,"bluetooth, 5G, home_decor, fitness",0,Occasional_Buyer
C1994,27,Male,Glenside,2024-12-01,T2994,2025-03-28 01:59:29,275.42,Grocery,Wallet,1,8.92,6,"gaming, smartphone, fashion",1,High_Spender
C1995,22,Male,West Kevinburgh,2022-07-22,T2995,2025-04-24 09:17:31,196.97,Grocery,Wallet,13,11.37,24,"laptop, organic, fitness, gaming",1,High_Spender
C1996,40,Male,West Shannon,2022-09-05,T2996,2025-04-01 16:41:40,14.61,Grocery,Wallet,11,8.36,18,"gaming, smartphone, fashion, 5G",0,Occasional_Buyer
C1997,27,Female,North Elizabeth,2024-03-23,T2997,2025-04-18 21:48:26,10.33,Beauty,Card,14,7.84,14,"gaming, fashion, eco_friendly",0,Occasional_Buyer
C1998,61,Male,South Erik,2022-11-13,T2998,2025-04-23 18:37:16,7.14,Electronics,Cash on Delivery,10,10.17,16,"bluetooth, gaming",0,Occasional_Buyer
C1999,19,Female,East Kristopher,2023-10-10,T2999,2025-04-16 18:59:51,192.14,Home,Cash on Delivery,3,18.42,14,"organic, home_decor, fashion, fitness",1,High_Spender
C2000,30,Male,Perezshire,2024-08-17,T3000,2025-04-11 18:41:50,17.22,Beauty,Wallet,8,14.79,23,"fashion, gaming",0,Occasional_Buyer
C2001,57,Female,New Lisafort,2023-06-03,T3001,2025-04-20 11:41:50,43.07,Home,UPI,5,14.34,18,"home_decor, eco_friendly, headphones, camera",0,Occasional_Buyer
C2002,19,Female,Lake Jeremy,2022-12-31,T3002,2025-04-08 11:27:03,47.66,Beauty,Wallet,8,11.56,18,"laptop, bluetooth",0,Occasional_Buyer
C2003,37,Female,West Jamesberg,2024-07-23,T3003,2025-04-13 12:11:22,73.11,Beauty,Card,2,7.25,24,"fitness, bluetooth",1,Occasional_Buyer
C2004,18,Female,Kelseyborough,2024-07-27,T3004,2025-04-15 15:01:36,5.96,Electronics,UPI,7,13.11,14,"gaming, smartphone",0,Occasional_Buyer
C2005,54,Male,North Ronald,2023-11-08,T3005,2025-04-20 23:39:34,20.57,Home,Card,9,1.47,4,"bluetooth, eco_friendly, camera",0,Occasional_Buyer
C2006,26,Male,Kennethside,2023-09-14,T3006,2025-04-01 23:05:10,214.46,Beauty,UPI,7,11.17,16,"smartphone, laptop",1,High_Spender
C2007,34,Female,North David,2022-06-29,T3007,2025-04-13 04:32:08,191.23,Electronics,UPI,3,13.29,13,"home_decor, camera",1,High_Spender
C2008,26,Male,Masonbury,2022-08-02,T3008,2025-04-09 09:55:40,121.6,Fashion,Wallet,7,10.45,11,"bluetooth, fashion, smartphone",1,High_Spender
C2009,28,Male,New Brettport,2022-10-24,T3009,2025-04-04 16:44:28,1.57,Fitness,Card,8,14.98,24,"camera, home_decor",0,Occasional_Buyer
C2010,32,Male,North Julia,2022-12-15,T3010,2025-04-16 20:28:58,31.68,Beauty,UPI,14,5.72,9,"organic, home_decor, headphones",0,Occasional_Buyer
C2011,41,Male,Olsonchester,2022-09-25,T3011,2025-03-29 22:42:16,79.1,Grocery,Card,1,14.8,14,"camera, gaming, bluetooth",1,Occasional_Buyer
C2012,55,Male,Martinezside,2024-12-13,T3012,2025-04-02 09:48:57,25.75,Electronics,Wallet,13,9.53,19,"fitness, smartphone, fashion",0,Occasional_Buyer
C2013,52,Female,Connormouth,2023-05-29,T3013,2025-03-29 06:34:21,192.27,Electronics,Wallet,13,14.35,11,"fashion, fitness, smartphone",1,Loyal_Engaged
C2014,47,Male,Heatherberg,2023-02-10,T3014,2025-04-17 13:05:57,80.39,Beauty,Wallet,3,13.06,8,"camera, bluetooth",1,Occasional_Buyer
C2015,48,Female,Frankstad,2023-10-03,T3015,2025-04-07 12:21:15,5.97,Electronics,Wallet,5,14.54,14,"camera, headphones",0,Occasional_Buyer
C2016,22,Male,Elizabethstad,2024-05-04,T3016,2025-03-29 01:36:16,191.76,Fashion,Cash on Delivery,12,12.93,22,"fitness, smartphone",1,Loyal_Engaged
C2017,61,Female,South Jenniferberg,2022-12-18,T3017,2025-04-19 11:57:23,253.16,Electronics,UPI,6,12.08,12,"headphones, eco_friendly, laptop, organic",1,High_Spender
C2018,31,Male,Port Davidstad,2024-01-22,T3018,2025-04-23 03:24:24,6.47,Fitness,Cash on Delivery,3,14.1,11,"organic, fashion",0,Occasional_Buyer
C2019,28,Female,Alexandrachester,2024-11-07,T3019,2025-04-06 01:43:55,60.8,Fitness,Wallet,4,10.17,14,"gaming, eco_friendly, bluetooth, 5G",1,Occasional_Buyer
C2020,26,Female,West Jonathan,2023-02-01,T3020,2025-04-22 05:54:50,28.92,Grocery,UPI,5,11.81,3,"bluetooth, laptop",0,Occasional_Buyer
C2021,51,Male,Kendrashire,2023-10-28,T3021,2025-03-28 01:49:55,39.92,Fashion,UPI,3,9.99,4,"camera, fitness, organic, home_decor",0,Occasional_Buyer
C2022,29,Other,Bateshaven,2023-10-02,T3022,2025-04-03 15:14:07,15.84,Fitness,Card,4,7.94,21,"eco_friendly, camera",0,Occasional_Buyer
C2023,52,Other,Helenhaven,2024-01-21,T3023,2025-04-05 18:38:03,69.03,Beauty,Wallet,5,11.58,3,"organic, smartphone, 5G",1,Occasional_Buyer
C2024,52,Female,Sanchezstad,2022-12-07,T3024,2025-03-26 15:21:49,253.57,Home,Cash on Delivery,2,10.59,18,"laptop, smartphone, bluetooth, organic",1,High_Spender
C2025,18,Female,Kennethmouth,2024-10-16,T3025,2025-04-06 12:32:28,55.94,Home,Card,10,13.77,18,"fashion, organic, headphones, home_decor",1,Occasional_Buyer
C2026,57,Male,East Leeside,2022-12-23,T3026,2025-03-27 08:31:42,6.92,Home,UPI,9,9.42,20,"headphones, 5G, fitness, fashion",0,Occasional_Buyer
C2027,39,Female,Jessicabury,2023-11-07,T3027,2025-04-12 23:06:41,77.41,Beauty,Cash on Delivery,10,7.72,20,"organic, 5G",1,Occasional_Buyer
C2028,46,Male,South Elizabeth,2023-01-25,T3028,2025-03-26 22:02:33,33.27,Electronics,Wallet,8,13.73,15,"bluetooth, home_decor",0,Occasional_Buyer
C2029,25,Male,Ashleyhaven,2023-05-08,T3029,2025-04-06 08:24:32,154.99,Beauty,Cash on Delivery,12,10.19,24,"eco_friendly, laptop, bluetooth",1,High_Spender
C2030,28,Other,Morenoshire,2023-01-10,T3030,2025-04-23 03:03:53,45.63,Electronics,Cash on Delivery,6,7.63,14,"smartphone, camera, fitness, gaming",0,Occasional_Buyer
C2031,58,Male,Port Johnland,2023-10-29,T3031,2025-04-23 23:20:09,17.14,Home,Cash on Delivery,10,14.17,11,"camera, bluetooth, 5G",0,Occasional_Buyer
C2032,54,Female,Lauraville,2022-09-29,T3032,2025-04-03 13:06:16,16.97,Grocery,Card,11,12.78,7,"fashion, laptop, headphones",0,Loyal_Engaged
C2033,31,Female,Terriborough,2022-12-16,T3033,2025-04-24 12:12:53,117.15,Grocery,UPI,3,15.55,11,"laptop, camera, smartphone",1,Occasional_Buyer
C2034,47,Female,New Paulstad,2023-12-16,T3034,2025-04-03 05:46:28,24.69,Electronics,Cash on Delivery,11,8.98,15,"laptop, organic",0,Occasional_Buyer
C2035,52,Other,Samanthaborough,2022-10-01,T3035,2025-04-16 07:48:37,116.62,Home,UPI,2,8.56,18,"headphones, laptop, gaming",1,Occasional_Buyer
C2036,38,Male,Danielfurt,2024-03-31,T3036,2025-04-14 15:24:31,18.44,Beauty,Card,7,6.74,12,"fashion, 5G",0,Occasional_Buyer
C2037,54,Male,Andersenchester,2023-08-30,T3037,2025-04-18 00:54:04,31.05,Grocery,Wallet,8,8.3,18,"camera, smartphone",0,Occasional_Buyer
C2038,22,Male,Estradatown,2024-12-10,T3038,2025-04-03 05:38:58,50.11,Electronics,Wallet,10,8.84,16,"home_decor, laptop, camera",0,Occasional_Buyer
C2039,36,Male,Allenbury,2024-05-19,T3039,2025-04-10 23:49:46,229.45,Beauty,Cash on Delivery,1,12.05,4,"home_decor, laptop",1,High_Spender
C2040,31,Male,North Mary,2024-05-25,T3040,2025-04-15 06:07:26,214.74,Home,Card,14,7.21,21,"eco_friendly, 5G",1,High_Spender
C2041,43,Male,Santiagostad,2023-05-17,T3041,2025-04-03 10:55:41,18.54,Fashion,Wallet,6,8.01,13,"headphones, home_decor, fitness",0,Occasional_Buyer
C2042,21,Female,Wellsville,2023-12-18,T3042,2025-04-22 19:00:35,35.48,Home,Card,7,15.09,21,"fashion, camera",0,Occasional_Buyer
C2043,42,Female,Lake Jennifershire,2025-01-10,T3043,2025-04-06 18:16:47,12.95,Home,Card,13,1.21,13,"smartphone, fitness, laptop",0,Occasional_Buyer
C2044,62,Male,South Patriciaborough,2023-07-24,T3044,2025-04-24 15:32:17,57.07,Beauty,Cash on Delivery,9,11.44,16,"laptop, bluetooth, fashion",1,Occasional_Buyer
C2045,59,Female,New Ryan,2023-09-13,T3045,2025-04-11 22:25:38,49.38,Beauty,Cash on Delivery,12,6.13,17,"home_decor, fitness, bluetooth",0,Occasional_Buyer
C2046,42,Male,Loweryhaven,2023-06-04,T3046,2025-04-07 09:22:10,184.82,Fitness,Card,3,7.58,9,"fitness, organic, gaming, eco_friendly",1,High_Spender
C2047,35,Male,North Cynthia,2025-02-02,T3047,2025-04-22 02:34:54,212.75,Fitness,Card,2,14.27,17,"fashion, home_decor, smartphone",1,High_Spender
C2048,57,Female,North Jennifer,2023-07-07,T3048,2025-04-24 02:48:21,38.7,Beauty,Cash on Delivery,5,10.21,10,"bluetooth, gaming, eco_friendly, laptop",0,Occasional_Buyer
C2049,25,Female,North Richard,2022-10-24,T3049,2025-04-09 08:46:20,54.14,Beauty,Card,13,17.97,6,"organic, fitness, 5G, laptop",1,Loyal_Engaged
C2050,56,Female,Lake Katherinefort,2023-02-20,T3050,2025-04-01 15:04:48,181.25,Fashion,Cash on Delivery,10,11.88,20,"laptop, bluetooth, fitness",1,High_Spender
C2051,57,Male,South Juliaborough,2022-10-05,T3051,2025-04-11 20:52:14,131.48,Fashion,UPI,1,7.51,16,"home_decor, fitness, 5G",1,High_Spender
C2052,31,Female,Davidshire,2022-08-10,T3052,2025-04-11 00:09:09,0.29,Home,Card,13,11.67,23,"organic, headphones, eco_friendly, laptop",0,Occasional_Buyer
C2053,49,Female,Port Natasha,2024-11-10,T3053,2025-04-22 12:39:23,30.86,Grocery,Cash on Delivery,6,13.39,20,"fashion, gaming, 5G, fitness",0,Occasional_Buyer
C2054,55,Female,Port Rachelbury,2023-05-02,T3054,2025-04-21 16:48:23,43.82,Fashion,Card,9,11.57,6,"gaming, laptop",0,Occasional_Buyer
C2055,50,Female,West Carol,2022-11-26,T3055,2025-04-12 04:59:46,20.88,Home,Cash on Delivery,10,9.35,4,"fitness, laptop, gaming",0,Occasional_Buyer
C2056,40,Female,Michaelberg,2023-10-16,T3056,2025-03-27 10:38:18,17.81,Electronics,Card,9,4.93,23,"5G, laptop, home_decor",0,Occasional_Buyer
C2057,32,Female,Christopherton,2023-12-12,T3057,2025-03-27 18:17:10,3.08,Fitness,Wallet,7,9.03,8,"laptop, camera, home_decor",0,Occasional_Buyer
C2058,50,Female,Oscarmouth,2022-07-21,T3058,2025-04-24 08:14:20,82.48,Grocery,Wallet,14,15.0,13,"headphones, eco_friendly, bluetooth, fashion",1,Loyal_Engaged
C2059,42,Other,West Seanburgh,2024-11-11,T3059,2025-03-28 08:51:33,24.36,Home,Card,11,7.61,3,"eco_friendly, fitness, bluetooth",0,Occasional_Buyer
C2060,34,Female,Port Francis,2022-07-12,T3060,2025-04-16 15:16:55,4.3,Beauty,Wallet,7,8.76,17,"fitness, eco_friendly, gaming, 5G",0,Occasional_Buyer
C2061,50,Male,Patrickchester,2023-09-21,T3061,2025-03-26 00:13:05,21.01,Electronics,Card,8,12.98,14,"fashion, gaming, home_decor",0,Occasional_Buyer
C2062,64,Female,Jenkinsland,2025-01-01,T3062,2025-03-26 16:18:40,129.52,Fitness,Card,10,11.86,20,"eco_friendly, home_decor, fashion, headphones",1,High_Spender
C2063,19,Male,Stevenchester,2022-12-25,T3063,2025-04-12 11:07:01,152.57,Electronics,UPI,14,6.07,7,"gaming, fashion, smartphone",1,High_Spender
C2064,31,Male,Harrisshire,2023-12-31,T3064,2025-04-03 05:25:19,52.79,Home,UPI,2,9.67,13,"gaming, fitness, 5G, camera",0,Occasional_Buyer
C2065,57,Female,Arnoldside,2023-08-10,T3065,2025-04-21 23:03:20,43.04,Fashion,Wallet,14,14.22,23,"organic, smartphone",0,Loyal_Engaged
C2066,57,Other,Port Anthonyville,2024-07-10,T3066,2025-04-14 18:45:11,304.81,Fitness,UPI,6,10.08,21,"bluetooth, fashion, laptop",1,High_Spender
C2067,56,Other,Martinezhaven,2022-05-21,T3067,2025-04-01 09:33:56,17.91,Electronics,UPI,5,14.29,24,"gaming, eco_friendly, 5G",0,Occasional_Buyer
C2068,23,Male,North Kevin,2025-02-25,T3068,2025-04-11 03:22:59,19.4,Fashion,Card,5,14.46,3,"headphones, fashion, smartphone",0,Occasional_Buyer
C2069,23,Female,New Stephen,2023-07-08,T3069,2025-04-06 11:06:30,27.61,Grocery,Cash on Delivery,13,7.22,19,"eco_friendly, home_decor, smartphone, camera",0,Occasional_Buyer
C2070,20,Male,East Davidstad,2023-03-11,T3070,2025-04-09 21:21:32,15.17,Home,Card,3,9.11,10,"5G, fashion",0,Occasional_Buyer
C2071,24,Other,Port Katherineland,2023-10-18,T3071,2025-04-09 20:57:31,38.16,Home,UPI,3,11.97,18,"smartphone, home_decor",0,Occasional_Buyer
C2072,25,Other,West Eric,2022-11-10,T3072,2025-04-17 23:36:36,193.38,Fitness,Card,6,5.39,13,"camera, fitness, organic",1,High_Spender
C2073,59,Female,Dannyland,2024-06-02,T3073,2025-04-19 20:43:05,76.43,Electronics,Wallet,12,9.33,21,"home_decor, fashion",1,Occasional_Buyer
C2074,32,Female,Wolfport,2023-03-26,T3074,2025-03-30 14:32:16,42.47,Grocery,Cash on Delivery,10,11.64,13,"fashion, 5G",0,Occasional_Buyer
C2075,64,Female,Ellisborough,2022-12-02,T3075,2025-04-04 15:19:51,217.95,Beauty,UPI,13,8.13,17,"smartphone, organic, fashion, fitness",1,High_Spender
C2076,46,Female,Conleyview,2023-02-06,T3076,2025-04-04 12:57:57,3.97,Fitness,UPI,10,11.76,10,"headphones, fashion, fitness",0,Occasional_Buyer
C2077,50,Male,West Brianland,2023-04-04,T3077,2025-04-15 07:16:22,18.89,Beauty,Card,7,8.2,16,"5G, bluetooth, headphones",0,Occasional_Buyer
C2078,47,Female,New Kellyfurt,2024-02-01,T3078,2025-04-03 12:36:24,66.76,Fitness,Card,14,8.17,3,"headphones, eco_friendly",1,Occasional_Buyer
C2079,56,Female,New Jamesburgh,2022-12-23,T3079,2025-04-11 02:01:45,76.48,Electronics,Card,1,12.23,12,"organic, 5G, home_decor",1,Occasional_Buyer
C2080,44,Female,Laurashire,2022-09-24,T3080,2025-03-29 11:34:59,3.23,Grocery,Card,14,14.1,9,"smartphone, fitness, gaming, camera",0,Loyal_Engaged
C2081,53,Male,Duanetown,2024-10-26,T3081,2025-03-29 13:25:29,41.27,Electronics,UPI,3,7.87,20,"organic, 5G",0,Occasional_Buyer
C2082,46,Other,Kathleenland,2023-09-16,T3082,2025-03-28 09:47:40,83.79,Home,Card,12,6.37,14,"laptop, camera",1,Occasional_Buyer
C2083,55,Male,New Terrishire,2022-07-16,T3083,2025-04-20 14:50:57,95.8,Beauty,UPI,1,9.89,4,"headphones, 5G, organic",1,Occasional_Buyer
C2084,50,Female,Jacobmouth,2023-10-14,T3084,2025-04-22 09:57:08,81.32,Fashion,Card,10,11.4,20,"camera, eco_friendly, laptop",1,Occasional_Buyer
C2085,54,Female,South James,2023-01-08,T3085,2025-04-05 16:24:07,30.92,Home,Cash on Delivery,3,7.84,23,"5G, fitness, camera",0,Occasional_Buyer
C2086,44,Female,Gregoryfort,2024-03-12,T3086,2025-04-15 10:55:25,7.85,Home,Cash on Delivery,5,14.98,9,"smartphone, fashion",0,Occasional_Buyer
C2087,50,Female,Lake Bethanyberg,2022-12-25,T3087,2025-04-18 18:07:19,44.57,Beauty,Card,9,9.56,22,"bluetooth, gaming, headphones, eco_friendly",0,Occasional_Buyer
C2088,21,Male,West Anthony,2024-07-21,T3088,2025-04-03 19:56:13,11.03,Fitness,Card,3,7.81,14,"gaming, eco_friendly",0,Occasional_Buyer
C2089,39,Male,Brettberg,2024-01-10,T3089,2025-04-14 21:40:47,235.94,Home,Wallet,10,15.8,22,"bluetooth, fitness, gaming",1,High_Spender
C2090,19,Female,Wallaceside,2022-06-09,T3090,2025-04-06 05:15:24,51.57,Grocery,Cash on Delivery,14,13.8,16,"smartphone, fashion, headphones, camera",0,Loyal_Engaged
C2091,27,Female,Victoriashire,2023-11-05,T3091,2025-03-30 15:31:07,30.53,Home,UPI,10,7.82,12,"fitness, fashion",0,Occasional_Buyer
C2092,22,Male,Diazside,2024-05-07,T3092,2025-04-09 22:52:56,116.3,Grocery,Cash on Delivery,9,13.2,11,"camera, fashion",1,Occasional_Buyer
C2093,27,Female,East Brett,2023-08-11,T3093,2025-03-28 20:20:06,55.12,Electronics,UPI,1,8.03,17,"gaming, headphones, camera, eco_friendly",1,Occasional_Buyer
C2094,50,Female,Jonesshire,2024-04-13,T3094,2025-04-21 05:13:26,29.69,Fitness,Card,6,12.3,22,"smartphone, eco_friendly",0,Occasional_Buyer
C2095,55,Female,Evansfurt,2024-09-09,T3095,2025-04-16 07:19:36,133.69,Grocery,Cash on Delivery,9,15.33,12,"smartphone, eco_friendly, laptop",1,High_Spender
C2096,30,Female,East Albertland,2023-10-06,T3096,2025-04-08 16:08:00,161.48,Home,Cash on Delivery,12,6.37,21,"headphones, 5G, eco_friendly",1,High_Spender
C2097,48,Male,Allenfort,2024-03-03,T3097,2025-04-21 01:32:39,89.43,Fitness,Wallet,5,8.39,21,"laptop, gaming, organic, smartphone",1,Occasional_Buyer
C2098,64,Male,Collinschester,2022-12-09,T3098,2025-04-08 04:46:31,3.85,Fitness,Wallet,11,8.45,14,"organic, home_decor, headphones",0,Occasional_Buyer
C2099,53,Female,Petersenfurt,2024-02-14,T3099,2025-04-15 15:08:11,66.84,Grocery,Cash on Delivery,14,10.8,14,"fashion, headphones",1,Occasional_Buyer
C2100,62,Female,North Rodney,2022-12-28,T3100,2025-04-17 20:57:22,115.28,Grocery,Cash on Delivery,10,11.42,11,"camera, eco_friendly, fitness, laptop",1,Occasional_Buyer
C2101,41,Female,New Phyllis,2023-04-10,T3101,2025-04-13 10:22:20,11.74,Fashion,Cash on Delivery,2,9.73,22,"home_decor, fashion, headphones",0,Occasional_Buyer
C2102,32,Female,Lake Sarah,2023-05-01,T3102,2025-03-31 00:49:49,20.77,Fashion,UPI,5,4.95,6,"fitness, home_decor, fashion, headphones",0,Occasional_Buyer
C2103,46,Female,Lake Donnaland,2022-06-11,T3103,2025-04-12 11:39:01,171.3,Fitness,Card,1,6.31,3,"bluetooth, eco_friendly, fitness",1,High_Spender
C2104,25,Other,South Danielle,2023-01-16,T3104,2025-04-09 13:28:27,1.63,Beauty,Wallet,9,7.35,18,"eco_friendly, bluetooth, camera",0,Occasional_Buyer
C2105,22,Female,Nelsonport,2024-04-18,T3105,2025-04-18 00:17:50,111.78,Beauty,Card,10,11.68,3,"home_decor, headphones",1,Occasional_Buyer
C2106,46,Female,Henrystad,2022-06-04,T3106,2025-04-11 21:30:42,51.36,Fashion,Wallet,13,5.81,15,"camera, fashion, home_decor",0,Occasional_Buyer
C2107,64,Male,Port Derekport,2023-07-29,T3107,2025-03-26 23:07:17,47.36,Home,Wallet,10,7.26,5,"fashion, organic, smartphone, headphones",0,Occasional_Buyer
C2108,21,Male,Ericksonland,2023-10-31,T3108,2025-04-05 09:26:53,0.57,Electronics,Wallet,9,6.6,14,"bluetooth, headphones, home_decor",0,Occasional_Buyer
C2109,29,Female,East Theresa,2025-01-25,T3109,2025-04-18 22:42:36,136.92,Fitness,Cash on Delivery,6,11.02,11,"home_decor, fashion, camera",1,High_Spender
C2110,62,Male,South Leah,2024-08-25,T3110,2025-04-09 08:11:46,35.68,Electronics,Wallet,11,13.4,6,"gaming, camera, home_decor, organic",0,Loyal_Engaged
C2111,19,Other,New Joshua,2023-07-20,T3111,2025-04-13 16:08:02,62.26,Fashion,Card,9,10.46,4,"headphones, bluetooth, fashion, home_decor",1,Occasional_Buyer
C2112,44,Female,Whiteton,2024-07-20,T3112,2025-03-31 13:05:12,90.48,Grocery,Wallet,14,15.98,24,"fitness, 5G, smartphone, gaming",1,Loyal_Engaged
C2113,48,Female,New Joseville,2024-05-06,T3113,2025-03-27 22:55:37,97.02,Fitness,Card,3,10.46,24,"laptop, fashion, eco_friendly, headphones",1,Occasional_Buyer
C2114,53,Male,Kristyfort,2025-03-23,T3114,2025-03-26 18:22:50,249.85,Fashion,Wallet,4,9.72,11,"gaming, organic, 5G",1,High_Spender
C2115,53,Male,Ryanbury,2023-03-18,T3115,2025-04-09 01:56:12,60.63,Home,Wallet,13,7.65,22,"5G, camera, eco_friendly",1,Occasional_Buyer
C2116,43,Male,Andersonmouth,2024-07-31,T3116,2025-03-28 16:17:33,40.83,Fitness,Cash on Delivery,6,10.61,15,"camera, laptop, fitness",0,Occasional_Buyer
C2117,60,Male,Leslieshire,2023-03-19,T3117,2025-04-18 22:36:54,245.82,Fitness,Card,4,7.52,16,"camera, laptop",1,High_Spender
C2118,44,Male,New Brandontown,2022-08-10,T3118,2025-03-27 12:09:55,82.2,Beauty,Wallet,1,7.06,5,"5G, fitness, fashion",1,Occasional_Buyer
C2119,22,Female,North Brianside,2022-10-19,T3119,2025-04-20 13:38:18,28.32,Grocery,Wallet,7,6.98,20,"fitness, camera, organic, home_decor",0,Occasional_Buyer
C2120,37,Female,Parkerland,2024-10-07,T3120,2025-04-21 11:21:41,10.82,Fitness,Card,5,9.33,11,"organic, camera, gaming, home_decor",0,Occasional_Buyer
C2121,28,Female,West Amyshire,2024-12-10,T3121,2025-04-12 07:13:04,147.89,Grocery,Wallet,14,8.5,17,"bluetooth, eco_friendly, gaming, headphones",1,High_Spender
C2122,27,Female,Arroyobury,2023-04-02,T3122,2025-04-22 23:24:58,35.98,Fashion,UPI,8,17.96,24,"organic, headphones, bluetooth",0,Occasional_Buyer
C2123,57,Male,Brownland,2023-05-01,T3123,2025-04-21 14:33:43,86.42,Home,Cash on Delivery,9,10.63,12,"organic, eco_friendly, laptop, fashion",1,Occasional_Buyer
C2124,55,Female,South Kevinland,2024-08-11,T3124,2025-04-24 13:49:24,50.91,Home,Card,5,10.58,19,"bluetooth, fitness, headphones",0,Occasional_Buyer
C2125,23,Female,New Jennifer,2024-12-19,T3125,2025-04-01 18:23:32,17.74,Fitness,Cash on Delivery,8,8.34,15,"headphones, laptop",0,Occasional_Buyer
C2126,25,Male,Patriciaview,2022-11-20,T3126,2025-04-18 03:48:48,73.64,Fitness,UPI,13,19.2,3,"laptop, eco_friendly, organic",1,Loyal_Engaged
C2127,40,Female,Brownbury,2022-06-28,T3127,2025-04-15 15:50:21,5.01,Fashion,UPI,1,7.23,13,"bluetooth, gaming, smartphone, organic",0,Occasional_Buyer
C2128,64,Male,Randallberg,2022-08-01,T3128,2025-04-11 07:23:18,42.67,Beauty,UPI,1,8.58,7,"camera, fitness",0,Occasional_Buyer
C2129,43,Female,East Heatherchester,2024-09-02,T3129,2025-04-01 15:40:52,63.28,Beauty,Card,7,13.0,11,"smartphone, laptop",1,Occasional_Buyer
C2130,63,Other,Sergioport,2022-11-12,T3130,2025-04-09 15:05:24,45.82,Beauty,UPI,6,10.61,9,"gaming, fitness, 5G, smartphone",0,Occasional_Buyer
C2131,60,Male,Jessicabury,2025-03-03,T3131,2025-04-13 21:53:30,110.48,Grocery,Card,5,6.18,9,"bluetooth, smartphone, home_decor",1,Occasional_Buyer
C2132,29,Female,Douglasburgh,2024-09-27,T3132,2025-04-01 17:16:26,140.79,Beauty,Card,14,10.08,4,"organic, headphones, bluetooth",1,High_Spender
C2133,43,Female,South John,2024-01-08,T3133,2025-04-21 02:00:54,118.01,Home,Wallet,5,12.04,21,"organic, headphones, eco_friendly, camera",1,Occasional_Buyer
C2134,30,Other,New Cynthialand,2024-04-21,T3134,2025-04-17 18:59:05,3.17,Grocery,Card,14,11.54,22,"bluetooth, fashion, fitness",0,Occasional_Buyer
C2135,57,Female,Lake Keithton,2023-08-16,T3135,2025-04-01 17:16:21,17.27,Fashion,UPI,9,11.98,20,"fitness, camera, eco_friendly",0,Occasional_Buyer
C2136,35,Female,Stewartfort,2024-06-30,T3136,2025-04-11 23:44:35,61.53,Home,Card,1,16.56,12,"gaming, home_decor",1,Occasional_Buyer
C2137,42,Male,Lake Jason,2023-01-10,T3137,2025-04-14 18:51:13,218.45,Home,Card,8,10.81,7,"fashion, organic, bluetooth, gaming",1,High_Spender
C2138,50,Male,Lake David,2023-07-14,T3138,2025-04-23 22:52:17,144.12,Electronics,Cash on Delivery,2,12.39,18,"5G, laptop, headphones, bluetooth",1,High_Spender
C2139,64,Male,West David,2022-12-18,T3139,2025-04-20 04:11:48,147.88,Fashion,UPI,7,2.73,7,"5G, headphones, gaming",1,High_Spender
C2140,57,Other,Jessicaberg,2023-10-30,T3140,2025-03-28 16:25:24,28.9,Fashion,Card,6,15.6,17,"organic, home_decor, laptop",0,Occasional_Buyer
C2141,60,Female,Davidport,2024-12-10,T3141,2025-04-12 06:12:28,44.89,Electronics,Wallet,10,10.19,24,"organic, home_decor",0,Occasional_Buyer
C2142,29,Female,East Stephanie,2025-01-10,T3142,2025-04-12 09:14:44,50.9,Grocery,Card,2,7.4,18,"home_decor, smartphone",0,Occasional_Buyer
C2143,61,Other,Gonzalezbury,2024-11-28,T3143,2025-04-18 17:49:38,13.7,Beauty,Card,12,9.41,6,"bluetooth, headphones, organic, fitness",0,Occasional_Buyer
C2144,53,Male,East Jonathanborough,2023-09-18,T3144,2025-03-27 15:06:37,2.52,Beauty,Cash on Delivery,13,11.99,16,"fashion, headphones, 5G, camera",0,Occasional_Buyer
C2145,21,Male,Kennethtown,2024-06-06,T3145,2025-04-20 02:14:08,234.85,Beauty,UPI,3,13.1,19,"5G, organic",1,High_Spender
C2146,22,Male,Lake Michael,2025-02-28,T3146,2025-04-18 20:54:04,22.03,Beauty,UPI,4,9.71,19,"fashion, headphones, bluetooth",0,Occasional_Buyer
C2147,54,Male,South Michael,2024-05-21,T3147,2025-04-01 07:44:13,21.95,Beauty,Wallet,7,11.8,23,"fitness, headphones",0,Occasional_Buyer
C2148,25,Male,West Susanfurt,2024-11-07,T3148,2025-04-18 20:49:11,6.96,Electronics,Wallet,8,9.21,18,"5G, bluetooth, smartphone",0,Occasional_Buyer
C2149,59,Female,Port Jeffrey,2023-08-21,T3149,2025-04-09 00:25:56,211.05,Fashion,Wallet,13,11.47,11,"organic, fitness, gaming, laptop",1,High_Spender
C2150,45,Male,East Patricia,2024-06-06,T3150,2025-04-03 12:53:42,69.35,Grocery,Card,11,10.62,4,"fashion, bluetooth",1,Occasional_Buyer
C2151,48,Male,Cameronfort,2022-05-11,T3151,2025-04-16 00:12:51,87.98,Home,Card,2,10.9,13,"fashion, eco_friendly, organic",1,Occasional_Buyer
C2152,26,Male,Lake Tricia,2023-09-28,T3152,2025-04-02 03:54:25,194.05,Beauty,Wallet,8,9.07,17,"gaming, smartphone",1,High_Spender
C2153,46,Male,New Jasmine,2022-05-18,T3153,2025-04-14 00:22:14,33.93,Electronics,UPI,11,11.21,5,"eco_friendly, 5G, headphones",0,Occasional_Buyer
C2154,31,Other,North John,2022-11-14,T3154,2025-04-12 02:10:51,77.72,Grocery,UPI,9,7.52,18,"headphones, gaming, organic, 5G",1,Occasional_Buyer
C2155,57,Female,Kennethstad,2023-08-08,T3155,2025-04-04 22:31:51,3.17,Grocery,Wallet,7,10.58,23,"laptop, eco_friendly",0,Occasional_Buyer
C2156,58,Other,Johnview,2025-03-06,T3156,2025-04-05 09:35:41,16.54,Grocery,Cash on Delivery,1,8.1,21,"bluetooth, fashion",0,Occasional_Buyer
C2157,39,Male,Jamesmouth,2023-03-22,T3157,2025-04-06 14:20:57,142.34,Electronics,UPI,6,7.02,24,"bluetooth, organic, smartphone",1,High_Spender
C2158,28,Male,Carlsonside,2022-05-05,T3158,2025-04-07 20:39:13,116.46,Home,UPI,8,7.88,8,"smartphone, headphones, eco_friendly, camera",1,Occasional_Buyer
C2159,40,Female,Woodsmouth,2023-11-03,T3159,2025-04-09 12:21:41,34.54,Beauty,Wallet,5,9.38,16,"laptop, smartphone, fitness",0,Occasional_Buyer
C2160,18,Male,Clarkview,2024-05-13,T3160,2025-04-04 22:20:31,37.83,Grocery,UPI,12,8.41,7,"gaming, smartphone, fashion",0,Occasional_Buyer
C2161,63,Male,Branchview,2024-01-12,T3161,2025-04-01 03:26:47,61.01,Electronics,Card,2,11.19,7,"organic, headphones, smartphone",1,Occasional_Buyer
C2162,54,Male,Adriantown,2023-02-15,T3162,2025-04-06 15:35:08,0.02,Fashion,Card,5,10.24,8,"laptop, home_decor",0,Occasional_Buyer
C2163,38,Male,Mikefurt,2023-04-21,T3163,2025-04-16 08:31:00,22.09,Electronics,UPI,8,13.04,20,"5G, home_decor",0,Occasional_Buyer
C2164,43,Male,Davidshire,2023-06-15,T3164,2025-03-29 19:04:23,18.68,Electronics,Card,2,9.75,24,"home_decor, 5G, bluetooth, fitness",0,Occasional_Buyer
C2165,63,Male,Michaelton,2023-07-03,T3165,2025-04-18 19:38:07,23.07,Electronics,Cash on Delivery,1,10.54,20,"laptop, fitness",0,Occasional_Buyer
C2166,53,Female,Johnfort,2022-06-13,T3166,2025-03-27 14:17:01,131.15,Grocery,UPI,4,15.6,21,"camera, 5G",1,High_Spender
C2167,40,Male,South Edgarfort,2024-11-01,T3167,2025-04-20 11:32:55,26.24,Electronics,Wallet,4,8.68,4,"gaming, camera, bluetooth, headphones",0,Occasional_Buyer
C2168,18,Male,Lake Kathyview,2022-12-16,T3168,2025-03-30 19:22:46,17.01,Fashion,Card,9,9.14,19,"camera, eco_friendly, fitness",0,Occasional_Buyer
C2169,57,Female,Tinaland,2023-02-09,T3169,2025-04-13 00:51:06,56.14,Grocery,Cash on Delivery,3,13.61,3,"home_decor, 5G, camera",1,Occasional_Buyer
C2170,32,Male,Lake Juan,2023-02-02,T3170,2025-04-11 22:13:30,160.58,Fashion,Cash on Delivery,4,7.13,11,"camera, home_decor, fashion",1,High_Spender
C2171,38,Male,Port Charles,2024-06-09,T3171,2025-04-10 01:51:18,22.1,Fitness,Card,3,13.95,15,"fitness, fashion",0,Occasional_Buyer
C2172,64,Female,Rayberg,2024-06-27,T3172,2025-04-02 07:07:46,6.54,Electronics,Cash on Delivery,2,9.29,6,"fitness, organic",0,Occasional_Buyer
C2173,26,Male,Whitemouth,2024-01-24,T3173,2025-04-07 09:28:51,35.25,Beauty,UPI,4,7.5,7,"smartphone, camera",0,Occasional_Buyer
C2174,26,Male,Port Madeline,2023-08-11,T3174,2025-04-02 12:48:28,110.16,Beauty,Cash on Delivery,14,12.72,20,"organic, camera",1,Loyal_Engaged
C2175,27,Female,Marieport,2024-10-29,T3175,2025-04-08 22:27:48,64.0,Grocery,Card,8,9.25,12,"bluetooth, gaming, 5G",1,Occasional_Buyer
C2176,43,Male,Rossside,2024-06-17,T3176,2025-04-03 01:13:01,135.77,Beauty,Cash on Delivery,1,15.47,6,"smartphone, bluetooth, eco_friendly",1,High_Spender
C2177,58,Female,Franciscostad,2024-02-05,T3177,2025-04-13 06:02:15,256.7,Grocery,Card,8,10.24,15,"laptop, bluetooth, eco_friendly, organic",1,High_Spender
C2178,52,Female,Phillipsfurt,2023-11-14,T3178,2025-03-28 20:25:52,125.87,Electronics,Card,8,10.22,15,"fashion, headphones, eco_friendly",1,High_Spender
C2179,42,Male,East Huntershire,2024-05-14,T3179,2025-03-28 12:28:01,74.07,Home,Cash on Delivery,3,8.24,19,"laptop, eco_friendly, headphones, home_decor",1,Occasional_Buyer
C2180,43,Female,Barnettberg,2023-08-23,T3180,2025-04-16 00:43:14,54.39,Home,Card,14,9.56,10,"eco_friendly, bluetooth, organic, camera",1,Occasional_Buyer
C2181,28,Female,Karentown,2024-10-01,T3181,2025-04-14 02:27:06,3.27,Fashion,Card,10,9.18,6,"fashion, laptop, fitness",0,Occasional_Buyer
C2182,55,Male,Matthewville,2024-02-09,T3182,2025-04-05 11:03:26,332.44,Electronics,Wallet,10,13.99,5,"bluetooth, eco_friendly",1,High_Spender
C2183,19,Female,Eddiemouth,2022-07-06,T3183,2025-04-09 07:21:59,38.69,Beauty,UPI,12,10.87,13,"headphones, camera, fashion, bluetooth",0,Occasional_Buyer
C2184,24,Male,Lake Bryan,2024-11-07,T3184,2025-04-20 18:44:51,13.21,Electronics,Card,12,12.12,14,"camera, gaming",0,Loyal_Engaged
C2185,35,Female,East Elizabethtown,2025-01-07,T3185,2025-04-15 01:01:30,87.9,Fitness,UPI,6,10.3,11,"gaming, camera",1,Occasional_Buyer
C2186,44,Male,Port Jesus,2025-03-16,T3186,2025-04-21 17:46:00,26.76,Home,Wallet,13,8.77,17,"fashion, home_decor, bluetooth",0,Occasional_Buyer
C2187,51,Female,West Rachelhaven,2025-03-05,T3187,2025-04-18 09:55:36,70.51,Beauty,Wallet,13,11.11,15,"eco_friendly, organic, 5G",1,Occasional_Buyer
C2188,44,Male,Staceyfurt,2022-07-11,T3188,2025-03-29 12:42:16,70.7,Home,Wallet,4,14.77,7,"eco_friendly, smartphone",1,Occasional_Buyer
C2189,34,Female,Marytown,2024-07-07,T3189,2025-04-17 23:21:44,47.21,Electronics,Wallet,13,6.85,7,"camera, headphones, bluetooth, fitness",0,Occasional_Buyer
C2190,60,Male,Kevinberg,2023-09-28,T3190,2025-04-17 22:37:47,144.69,Beauty,UPI,1,11.26,21,"home_decor, fitness",1,High_Spender
C2191,61,Male,Port Tammymouth,2024-01-17,T3191,2025-04-13 08:42:15,24.63,Fashion,Cash on Delivery,14,14.49,13,"5G, headphones",0,Loyal_Engaged
C2192,41,Female,Josephfort,2023-12-10,T3192,2025-03-27 15:30:15,47.63,Electronics,Cash on Delivery,1,7.56,11,"smartphone, headphones, fashion",0,Occasional_Buyer
C2193,42,Female,North Shane,2023-09-23,T3193,2025-04-04 18:55:51,61.72,Fashion,UPI,5,12.77,5,"5G, organic, smartphone, bluetooth",1,Occasional_Buyer
C2194,24,Female,Gardnermouth,2025-02-22,T3194,2025-04-05 12:36:33,87.16,Beauty,Card,12,12.77,20,"organic, gaming, bluetooth, home_decor",1,Loyal_Engaged
C2195,23,Female,Bartonfurt,2022-06-05,T3195,2025-04-07 11:27:38,122.59,Home,UPI,8,6.12,15,"smartphone, headphones",1,High_Spender
C2196,41,Female,Hubertown,2022-08-10,T3196,2025-04-23 03:30:47,40.18,Fitness,Card,1,13.33,14,"eco_friendly, camera",0,Occasional_Buyer
C2197,50,Female,Port Hannahborough,2024-08-06,T3197,2025-04-24 13:58:17,83.09,Grocery,Card,2,8.22,11,"home_decor, laptop, fashion, smartphone",1,Occasional_Buyer
C2198,46,Male,Johnfort,2025-03-14,T3198,2025-04-15 05:58:04,13.06,Home,Cash on Delivery,7,11.08,12,"fitness, 5G, organic, smartphone",0,Occasional_Buyer
C2199,60,Female,New Justinmouth,2024-07-18,T3199,2025-03-31 22:53:39,215.83,Fashion,Wallet,8,13.07,15,"headphones, home_decor, fashion, camera",1,High_Spender
C2200,39,Female,Brockstad,2024-04-06,T3200,2025-03-31 16:07:19,38.64,Electronics,Cash on Delivery,12,13.6,22,"camera, bluetooth",0,Loyal_Engaged
C2201,43,Other,North Richard,2024-05-10,T3201,2025-04-05 05:49:04,104.6,Beauty,Cash on Delivery,14,5.39,22,"organic, bluetooth, 5G, eco_friendly",1,Occasional_Buyer
C2202,45,Female,West Gary,2022-09-22,T3202,2025-04-05 21:06:44,1.64,Home,UPI,3,15.37,15,"5G, fitness, organic",0,Occasional_Buyer
C2203,38,Male,East Calebburgh,2023-01-10,T3203,2025-03-31 22:55:41,18.37,Fitness,UPI,11,14.25,24,"5G, gaming, fitness",0,Loyal_Engaged
C2204,24,Male,New Jeremiahtown,2023-02-03,T3204,2025-04-05 09:11:10,53.41,Beauty,Card,12,13.16,11,"smartphone, fitness, eco_friendly",1,Loyal_Engaged
C2205,34,Female,Lake Patrickborough,2025-03-15,T3205,2025-04-10 05:47:12,168.46,Fashion,UPI,13,11.08,12,"smartphone, laptop",1,High_Spender
C2206,37,Female,West Micheleport,2022-10-16,T3206,2025-04-11 14:18:08,59.94,Beauty,Card,8,8.69,21,"fashion, laptop",1,Occasional_Buyer
C2207,58,Female,South Adamfort,2022-07-04,T3207,2025-04-10 07:51:18,212.59,Beauty,Card,1,6.75,8,"fitness, camera, organic, smartphone",1,High_Spender
C2208,37,Female,West Mark,2024-09-15,T3208,2025-04-23 12:33:27,52.9,Electronics,Wallet,9,5.13,9,"laptop, 5G, fitness",0,Occasional_Buyer
C2209,39,Female,Lisaside,2023-07-14,T3209,2025-03-27 09:31:18,53.94,Grocery,Wallet,12,11.93,17,"gaming, headphones",1,Occasional_Buyer
C2210,45,Male,New Davidmouth,2025-02-19,T3210,2025-04-04 11:03:13,10.2,Fashion,Cash on Delivery,2,13.15,24,"gaming, fashion, eco_friendly",0,Occasional_Buyer
C2211,57,Female,Lake Ann,2024-03-11,T3211,2025-04-17 04:53:34,129.82,Electronics,Wallet,14,9.75,21,"organic, fitness",1,High_Spender
C2212,24,Male,Spencerfurt,2023-04-24,T3212,2025-04-18 00:14:27,22.69,Grocery,Card,13,8.62,16,"fashion, headphones, home_decor, organic",0,Occasional_Buyer
C2213,18,Male,Timothyfurt,2024-12-16,T3213,2025-04-22 18:34:22,183.9,Electronics,UPI,2,10.21,18,"smartphone, fashion, gaming",1,High_Spender
C2214,49,Female,Lake Phillipchester,2024-11-23,T3214,2025-04-20 02:00:23,193.37,Grocery,Wallet,4,8.08,16,"fashion, home_decor, smartphone",1,High_Spender
C2215,30,Female,New Melissa,2024-03-21,T3215,2025-04-02 00:11:01,229.61,Grocery,Wallet,12,10.06,22,"camera, fashion, bluetooth, 5G",1,High_Spender
C2216,47,Male,West Kimberly,2023-08-31,T3216,2025-04-24 00:32:20,58.76,Grocery,Wallet,10,7.91,4,"gaming, camera",1,Occasional_Buyer
C2217,40,Male,New Heatherside,2023-12-28,T3217,2025-03-27 16:38:36,90.43,Electronics,Wallet,3,11.84,11,"gaming, home_decor, bluetooth",1,Occasional_Buyer
C2218,36,Other,South John,2024-09-30,T3218,2025-04-14 23:12:04,120.59,Beauty,Card,4,13.73,5,"camera, eco_friendly",1,High_Spender
C2219,49,Male,Beltranview,2024-10-02,T3219,2025-04-06 12:44:43,11.23,Grocery,Card,6,11.53,8,"smartphone, headphones",0,Occasional_Buyer
C2220,47,Female,Tracybury,2025-03-02,T3220,2025-04-23 16:50:14,73.49,Beauty,Cash on Delivery,7,9.76,7,"5G, camera",1,Occasional_Buyer
C2221,46,Female,Susanfurt,2025-03-19,T3221,2025-04-05 05:32:54,2.79,Fashion,UPI,5,12.97,16,"headphones, smartphone, 5G, camera",0,Occasional_Buyer
C2222,62,Female,Stephanieland,2023-07-19,T3222,2025-04-14 01:38:26,55.06,Fitness,Cash on Delivery,2,10.06,17,"eco_friendly, headphones",1,Occasional_Buyer
C2223,46,Female,West Dale,2024-07-29,T3223,2025-03-29 16:59:12,13.46,Beauty,Cash on Delivery,3,12.87,20,"organic, fashion, bluetooth",0,Occasional_Buyer
C2224,47,Male,Frankberg,2024-12-30,T3224,2025-04-16 09:22:29,16.16,Fitness,Wallet,10,8.09,19,"laptop, camera",0,Occasional_Buyer
C2225,33,Female,Mcclurestad,2024-05-14,T3225,2025-04-21 14:21:33,36.34,Grocery,UPI,11,8.48,11,"5G, headphones, fashion, home_decor",0,Occasional_Buyer
C2226,57,Male,East Anna,2022-12-02,T3226,2025-04-12 20:31:38,45.31,Fitness,Wallet,3,7.03,21,"home_decor, 5G, gaming, fashion",0,Occasional_Buyer
C2227,36,Female,Kelliberg,2023-06-01,T3227,2025-04-21 07:56:44,78.08,Fitness,Card,14,8.6,11,"camera, headphones, bluetooth",1,Occasional_Buyer
C2228,35,Male,West April,2022-11-11,T3228,2025-04-01 19:10:08,6.19,Grocery,Cash on Delivery,5,12.94,18,"fashion, bluetooth",0,Occasional_Buyer
C2229,18,Female,Hansenmouth,2023-02-02,T3229,2025-04-08 14:10:01,56.04,Beauty,UPI,12,7.38,8,"headphones, home_decor, 5G, fashion",1,Occasional_Buyer
C2230,31,Male,Sandratown,2024-05-31,T3230,2025-04-21 06:16:37,16.13,Grocery,Card,11,3.09,10,"5G, home_decor, organic",0,Occasional_Buyer
C2231,64,Male,Ritachester,2023-04-19,T3231,2025-04-01 19:39:38,68.26,Fashion,Cash on Delivery,12,8.76,5,"smartphone, laptop, 5G, headphones",1,Occasional_Buyer
C2232,19,Male,West Maryton,2022-05-10,T3232,2025-04-04 19:16:16,81.16,Home,UPI,5,6.48,24,"smartphone, gaming, 5G, headphones",1,Occasional_Buyer
C2233,45,Male,Bruceshire,2023-01-18,T3233,2025-04-12 05:22:43,65.08,Electronics,Cash on Delivery,4,8.49,7,"organic, laptop, bluetooth, headphones",1,Occasional_Buyer
C2234,47,Female,Jenniferview,2023-10-23,T3234,2025-03-30 00:53:33,107.24,Grocery,UPI,8,16.32,9,"smartphone, laptop, eco_friendly, home_decor",1,Occasional_Buyer
C2235,55,Male,Loritown,2023-01-31,T3235,2025-04-23 15:45:17,32.71,Grocery,Cash on Delivery,6,7.33,3,"gaming, fitness",0,Occasional_Buyer
C2236,21,Other,Lake Maria,2022-05-04,T3236,2025-04-10 01:05:58,115.89,Fitness,Wallet,6,11.9,24,"5G, bluetooth",1,Occasional_Buyer
C2237,18,Other,Danaberg,2023-03-13,T3237,2025-04-10 03:32:12,45.36,Fashion,Cash on Delivery,1,9.76,23,"home_decor, camera, fitness",0,Occasional_Buyer
C2238,25,Female,South Karen,2025-03-23,T3238,2025-04-21 01:01:30,52.96,Fitness,Cash on Delivery,6,11.12,6,"organic, home_decor, laptop",0,Occasional_Buyer
C2239,46,Male,Saraton,2022-06-15,T3239,2025-04-18 21:36:57,83.55,Beauty,UPI,3,8.47,18,"bluetooth, organic",1,Occasional_Buyer
C2240,56,Male,West Joelville,2023-06-08,T3240,2025-03-31 13:45:27,1.48,Grocery,UPI,13,13.48,16,"camera, 5G, smartphone",0,Loyal_Engaged
C2241,20,Female,Pamelahaven,2022-08-18,T3241,2025-03-31 05:20:31,84.9,Grocery,Wallet,6,11.28,3,"5G, bluetooth, camera",1,Occasional_Buyer
C2242,49,Male,Martinborough,2022-04-29,T3242,2025-04-03 01:23:13,77.11,Fitness,UPI,10,11.36,6,"home_decor, headphones, fashion, bluetooth",1,Occasional_Buyer
C2243,27,Male,Spencertown,2024-02-13,T3243,2025-04-03 22:23:23,29.67,Grocery,Cash on Delivery,13,10.3,12,"eco_friendly, fitness",0,Occasional_Buyer
C2244,27,Female,North Deanna,2024-08-23,T3244,2025-04-05 05:02:26,7.18,Beauty,UPI,11,13.77,13,"laptop, headphones",0,Loyal_Engaged
C2245,36,Female,North Gregory,2024-05-14,T3245,2025-04-19 09:59:17,7.63,Home,UPI,13,11.68,9,"bluetooth, fitness, eco_friendly",0,Occasional_Buyer
C2246,63,Female,New Dianafurt,2022-10-29,T3246,2025-04-16 20:13:10,205.35,Electronics,UPI,6,11.11,6,"headphones, smartphone",1,High_Spender
C2247,51,Male,Ellentown,2025-03-16,T3247,2025-04-06 12:56:55,93.51,Electronics,Wallet,2,11.96,3,"headphones, bluetooth",1,Occasional_Buyer
C2248,50,Female,Mccoyhaven,2023-02-25,T3248,2025-04-02 02:50:13,10.87,Electronics,Wallet,1,4.72,3,"laptop, fashion, organic",0,Occasional_Buyer
C2249,40,Male,New Edwardton,2024-02-22,T3249,2025-04-06 19:55:25,35.29,Home,Card,11,10.56,19,"bluetooth, fashion",0,Occasional_Buyer
C2250,45,Male,South Erica,2024-12-09,T3250,2025-03-27 01:52:17,71.81,Grocery,Wallet,3,9.81,12,"5G, eco_friendly",1,Occasional_Buyer
C2251,49,Female,Alisonchester,2025-02-24,T3251,2025-04-03 01:42:29,144.42,Fitness,Wallet,5,13.51,7,"headphones, camera, laptop, bluetooth",1,High_Spender
C2252,24,Male,North Andrewberg,2022-10-21,T3252,2025-03-26 08:29:19,3.57,Fashion,Wallet,4,7.9,9,"bluetooth, organic, home_decor, smartphone",0,Occasional_Buyer
C2253,46,Male,Lake Stephanie,2025-02-22,T3253,2025-04-22 05:33:46,21.6,Grocery,Cash on Delivery,7,10.6,10,"fitness, laptop, camera, home_decor",0,Occasional_Buyer
C2254,25,Male,Rachelton,2022-07-18,T3254,2025-04-14 17:33:15,176.4,Home,Card,4,15.77,4,"camera, 5G",1,High_Spender
C2255,18,Female,Loganchester,2023-11-27,T3255,2025-04-01 00:08:31,0.74,Beauty,Cash on Delivery,8,9.92,11,"headphones, home_decor, fashion, bluetooth",0,Occasional_Buyer
C2256,20,Female,East Lauriechester,2024-06-17,T3256,2025-04-20 16:25:43,17.99,Home,Wallet,7,6.01,6,"gaming, fashion",0,Occasional_Buyer
C2257,41,Female,West Chad,2024-01-31,T3257,2025-04-07 20:13:27,255.58,Electronics,Wallet,10,16.52,14,"gaming, bluetooth, fitness, laptop",1,High_Spender
C2258,40,Female,Lake Stevenmouth,2023-02-17,T3258,2025-03-30 12:53:14,76.03,Grocery,Card,9,7.85,13,"5G, camera, organic",1,Occasional_Buyer
C2259,25,Male,Colemanstad,2022-09-18,T3259,2025-04-17 00:47:31,24.27,Electronics,Card,1,6.88,7,"laptop, headphones",0,Occasional_Buyer
C2260,64,Female,West Bobbyton,2025-01-18,T3260,2025-04-03 22:33:04,5.55,Fashion,UPI,5,7.0,14,"smartphone, camera, 5G",0,Occasional_Buyer
C2261,54,Male,South Amanda,2022-05-17,T3261,2025-04-15 08:27:17,2.29,Beauty,Wallet,13,12.18,23,"organic, laptop, smartphone, camera",0,Loyal_Engaged
C2262,20,Male,Matthewhaven,2023-02-02,T3262,2025-04-04 22:50:25,22.46,Electronics,Wallet,4,13.89,6,"laptop, organic, home_decor",0,Occasional_Buyer
C2263,50,Female,Kendraville,2025-03-21,T3263,2025-03-28 10:52:17,170.62,Fashion,Cash on Delivery,6,15.28,15,"headphones, eco_friendly",1,High_Spender
C2264,45,Other,Michaelland,2024-02-01,T3264,2025-04-09 20:04:25,43.02,Home,UPI,1,10.05,24,"fashion, laptop, headphones, eco_friendly",0,Occasional_Buyer
C2265,64,Male,Whitakerview,2022-11-17,T3265,2025-04-18 10:48:10,101.93,Electronics,Wallet,6,7.04,3,"headphones, bluetooth, 5G",1,Occasional_Buyer
C2266,25,Male,Smithborough,2024-05-02,T3266,2025-04-04 02:12:09,200.36,Electronics,Cash on Delivery,1,8.29,20,"bluetooth, headphones",1,High_Spender
C2267,51,Male,North Robertside,2023-06-21,T3267,2025-04-12 07:11:59,41.95,Fitness,Card,14,10.1,6,"gaming, laptop, home_decor",0,Occasional_Buyer
C2268,52,Male,Lake Gregoryberg,2022-05-01,T3268,2025-03-26 23:51:42,16.98,Beauty,Cash on Delivery,14,9.94,6,"gaming, home_decor, bluetooth",0,Occasional_Buyer
C2269,49,Other,Kendrafurt,2023-07-08,T3269,2025-04-13 16:55:47,58.24,Beauty,Wallet,1,13.92,10,"gaming, camera",1,Occasional_Buyer
C2270,41,Female,West Sheilahaven,2023-05-14,T3270,2025-03-30 22:54:15,190.95,Home,Cash on Delivery,8,6.05,22,"headphones, fitness",1,High_Spender
C2271,31,Female,Williamsmouth,2023-03-27,T3271,2025-04-15 05:16:52,130.52,Fitness,Cash on Delivery,2,6.65,8,"laptop, smartphone, gaming",1,High_Spender
C2272,49,Female,West Christian,2024-06-21,T3272,2025-04-11 16:12:15,5.45,Fashion,UPI,10,9.07,6,"home_decor, laptop, headphones, smartphone",0,Occasional_Buyer
C2273,63,Male,Bryanfurt,2024-04-11,T3273,2025-04-22 03:51:35,94.36,Fashion,UPI,13,11.11,6,"5G, organic, smartphone, laptop",1,Occasional_Buyer
C2274,60,Female,North David,2024-04-11,T3274,2025-04-06 10:13:18,67.87,Home,Card,14,8.67,13,"smartphone, fashion, headphones",1,Occasional_Buyer
C2275,33,Male,Rileyfort,2024-09-17,T3275,2025-03-31 00:08:19,190.41,Beauty,UPI,6,8.43,11,"organic, home_decor",1,High_Spender
C2276,21,Female,Port Richardstad,2024-03-05,T3276,2025-04-16 09:14:38,10.45,Fashion,Cash on Delivery,14,13.52,16,"fitness, headphones, eco_friendly",0,Loyal_Engaged
C2277,54,Other,Tannerside,2023-06-29,T3277,2025-03-31 02:37:51,61.09,Home,UPI,6,11.42,6,"bluetooth, gaming, fitness, home_decor",1,Occasional_Buyer
C2278,38,Female,Piercebury,2025-01-27,T3278,2025-04-04 02:55:47,169.26,Fashion,Wallet,6,7.05,15,"fashion, eco_friendly, smartphone",1,High_Spender
C2279,31,Male,Allenview,2022-10-30,T3279,2025-03-26 16:39:57,42.21,Grocery,Cash on Delivery,8,8.47,8,"gaming, fitness, home_decor",0,Occasional_Buyer
C2280,48,Female,Wyattchester,2024-11-17,T3280,2025-04-09 08:21:18,52.62,Electronics,Cash on Delivery,4,11.55,15,"bluetooth, gaming, home_decor, fitness",0,Occasional_Buyer
C2281,35,Male,Lake John,2024-07-10,T3281,2025-04-12 08:13:13,5.85,Beauty,Cash on Delivery,3,6.22,5,"laptop, 5G, headphones",0,Occasional_Buyer
C2282,24,Male,Adamberg,2023-01-26,T3282,2025-04-16 09:56:45,26.07,Grocery,Wallet,6,11.53,9,"5G, home_decor, eco_friendly, fitness",0,Occasional_Buyer
C2283,27,Male,Geraldburgh,2023-05-10,T3283,2025-04-10 18:55:14,31.38,Home,Cash on Delivery,4,8.97,3,"5G, smartphone, bluetooth, headphones",0,Occasional_Buyer
C2284,24,Male,Brightport,2023-12-12,T3284,2025-04-11 19:42:27,232.21,Home,UPI,2,11.09,13,"organic, gaming, headphones",1,High_Spender
C2285,50,Female,Port Timothy,2024-04-29,T3285,2025-04-09 08:05:38,26.58,Grocery,Wallet,6,10.36,4,"headphones, gaming",0,Occasional_Buyer
C2286,40,Female,Roblesstad,2024-01-17,T3286,2025-04-11 11:24:37,49.42,Electronics,Cash on Delivery,10,6.65,7,"smartphone, camera",0,Occasional_Buyer
C2287,38,Other,New Jamie,2022-04-24,T3287,2025-04-05 23:23:05,89.01,Electronics,UPI,5,8.09,24,"smartphone, fitness",1,Occasional_Buyer
C2288,36,Female,Caseymouth,2024-08-17,T3288,2025-03-31 22:28:16,14.16,Fitness,UPI,11,14.34,16,"camera, laptop, gaming",0,Loyal_Engaged
C2289,36,Female,Murrayshire,2023-05-12,T3289,2025-04-16 13:16:58,53.31,Fashion,Card,9,17.11,15,"gaming, eco_friendly",1,Occasional_Buyer
C2290,53,Male,Jenniferberg,2023-03-05,T3290,2025-04-05 12:32:40,107.32,Fitness,UPI,11,4.76,18,"bluetooth, camera, headphones",1,Occasional_Buyer
C2291,46,Male,South Audreyfurt,2024-12-31,T3291,2025-04-10 11:25:28,161.31,Electronics,UPI,6,13.13,17,"home_decor, headphones, camera",1,High_Spender
C2292,35,Female,Grayborough,2023-01-24,T3292,2025-04-20 10:22:38,78.74,Grocery,Card,14,10.89,5,"camera, fitness",1,Occasional_Buyer
C2293,19,Male,Port Gregoryside,2022-05-12,T3293,2025-04-16 15:02:40,88.46,Fashion,Card,3,16.25,8,"fitness, headphones",1,Occasional_Buyer
C2294,18,Female,Nelsonland,2024-01-31,T3294,2025-03-26 20:09:49,10.8,Grocery,Wallet,11,8.32,11,"smartphone, eco_friendly, laptop, fashion",0,Occasional_Buyer
C2295,64,Male,Williamtown,2024-10-17,T3295,2025-03-31 01:21:34,233.17,Fitness,UPI,5,12.69,5,"fashion, headphones",1,High_Spender
C2296,22,Male,Brianton,2024-06-29,T3296,2025-04-14 15:34:37,11.38,Home,Wallet,10,9.09,15,"bluetooth, laptop, fashion, fitness",0,Occasional_Buyer
C2297,37,Male,South Davidborough,2022-06-12,T3297,2025-04-05 10:10:37,119.22,Grocery,Wallet,8,13.84,15,"eco_friendly, camera, fitness, home_decor",1,Occasional_Buyer
C2298,28,Male,Jenningsbury,2024-04-05,T3298,2025-04-23 20:51:11,24.61,Fitness,Cash on Delivery,9,16.93,24,"eco_friendly, laptop, smartphone, fitness",0,Occasional_Buyer
C2299,59,Male,Patrickchester,2025-03-24,T3299,2025-04-18 22:55:18,216.96,Fitness,Wallet,8,10.64,9,"home_decor, bluetooth, gaming, 5G",1,High_Spender
C2300,19,Female,Parsonsbury,2024-11-30,T3300,2025-04-09 13:59:34,101.83,Fitness,Wallet,3,6.58,7,"home_decor, laptop",1,Occasional_Buyer
C2301,20,Male,Kathleenstad,2024-05-03,T3301,2025-04-18 08:18:11,112.13,Home,Wallet,9,14.24,10,"headphones, fashion, camera",1,Occasional_Buyer
C2302,40,Female,Reneeborough,2024-07-13,T3302,2025-04-12 05:17:36,19.78,Home,Wallet,3,11.7,10,"bluetooth, home_decor, gaming",0,Occasional_Buyer
C2303,29,Male,East Jared,2023-11-13,T3303,2025-04-12 01:42:39,46.82,Home,Card,8,11.13,24,"fashion, smartphone, organic, eco_friendly",0,Occasional_Buyer
C2304,37,Male,Port Erika,2025-01-20,T3304,2025-03-30 19:51:20,76.95,Fashion,UPI,10,14.75,9,"organic, home_decor, eco_friendly, smartphone",1,Occasional_Buyer
C2305,22,Male,Jimborough,2024-09-02,T3305,2025-04-10 19:01:13,117.56,Home,Cash on Delivery,9,6.59,21,"fitness, organic",1,Occasional_Buyer
C2306,54,Female,Kellyview,2022-07-06,T3306,2025-04-24 14:54:55,8.78,Home,Card,7,7.85,9,"gaming, laptop, smartphone, fashion",0,Occasional_Buyer
C2307,55,Male,Amandaville,2023-09-11,T3307,2025-04-01 07:22:13,262.39,Home,Cash on Delivery,4,11.78,6,"laptop, headphones, 5G",1,High_Spender
C2308,47,Female,Cervantesshire,2023-02-24,T3308,2025-03-30 15:47:43,176.74,Grocery,Cash on Delivery,10,7.78,12,"gaming, smartphone, fashion",1,High_Spender
C2309,26,Male,East Gary,2023-05-02,T3309,2025-04-11 05:06:01,25.22,Home,Card,9,9.05,15,"gaming, 5G, eco_friendly, fashion",0,Occasional_Buyer
C2310,51,Female,South Barbaramouth,2024-09-29,T3310,2025-03-30 20:59:19,138.42,Fashion,Wallet,3,13.82,6,"fitness, fashion, headphones, laptop",1,High_Spender
C2311,61,Male,Roberthaven,2022-12-26,T3311,2025-04-24 08:56:34,58.44,Fitness,Card,3,11.3,21,"headphones, eco_friendly",1,Occasional_Buyer
C2312,52,Female,Michaelfurt,2023-01-25,T3312,2025-04-23 22:51:07,49.56,Grocery,Cash on Delivery,2,6.46,12,"5G, headphones",0,Occasional_Buyer
C2313,39,Female,Madelinestad,2024-01-25,T3313,2025-04-04 12:09:02,30.2,Electronics,Cash on Delivery,10,11.22,9,"fashion, laptop",0,Occasional_Buyer
C2314,61,Other,Ellistown,2023-10-17,T3314,2025-04-06 14:23:57,69.58,Home,Wallet,3,13.72,7,"camera, headphones, gaming, 5G",1,Occasional_Buyer
C2315,41,Male,East Brooke,2023-06-26,T3315,2025-04-23 12:22:48,104.71,Fitness,Card,1,10.51,5,"headphones, 5G",1,Occasional_Buyer
C2316,34,Male,Timothyshire,2023-04-18,T3316,2025-04-13 19:02:00,42.34,Fitness,UPI,4,12.62,24,"gaming, home_decor, organic, bluetooth",0,Occasional_Buyer
C2317,27,Male,Lake Douglas,2025-01-16,T3317,2025-03-26 08:40:12,79.37,Grocery,Cash on Delivery,8,8.45,24,"headphones, laptop, fashion",1,Occasional_Buyer
C2318,47,Female,Davisland,2024-03-16,T3318,2025-04-22 05:34:08,96.13,Electronics,Card,5,10.78,24,"home_decor, headphones",1,Occasional_Buyer
C2319,63,Female,Rasmussenport,2025-01-02,T3319,2025-04-01 06:43:06,99.34,Beauty,Wallet,2,5.27,4,"smartphone, fashion, gaming",1,Occasional_Buyer
C2320,40,Female,Keithchester,2024-06-21,T3320,2025-04-03 20:52:38,4.27,Fashion,Wallet,3,11.89,13,"headphones, 5G, bluetooth",0,Occasional_Buyer
C2321,49,Male,Emilymouth,2023-12-14,T3321,2025-04-09 11:46:12,157.15,Beauty,UPI,1,11.08,12,"bluetooth, home_decor, laptop, gaming",1,High_Spender
C2322,34,Male,Beckshire,2024-02-12,T3322,2025-04-01 19:15:41,49.04,Fitness,Cash on Delivery,2,6.13,15,"organic, fashion",0,Occasional_Buyer
C2323,34,Male,Lisafort,2024-12-28,T3323,2025-04-03 14:29:12,24.35,Beauty,UPI,1,14.56,9,"smartphone, 5G",0,Occasional_Buyer
C2324,31,Other,Tuckerside,2025-03-15,T3324,2025-03-27 20:27:00,22.14,Fitness,UPI,2,11.71,12,"bluetooth, gaming, fashion, eco_friendly",0,Occasional_Buyer
C2325,26,Female,Shannonport,2023-11-13,T3325,2025-04-20 10:29:11,52.78,Beauty,UPI,3,7.92,6,"headphones, organic",0,Occasional_Buyer
C2326,57,Other,Lake Michael,2023-03-17,T3326,2025-04-15 05:31:00,174.31,Fitness,UPI,1,11.97,24,"5G, headphones, camera, laptop",1,High_Spender
C2327,19,Male,North Josephside,2023-12-14,T3327,2025-04-09 10:40:25,38.03,Fitness,Wallet,11,7.05,22,"bluetooth, home_decor, eco_friendly",0,Occasional_Buyer
C2328,62,Female,Lauraburgh,2023-04-08,T3328,2025-04-11 09:25:44,110.82,Grocery,Cash on Delivery,9,7.46,18,"5G, laptop",1,Occasional_Buyer
C2329,42,Female,Robertmouth,2024-06-26,T3329,2025-04-10 15:12:16,8.15,Electronics,UPI,10,7.06,22,"laptop, camera",0,Occasional_Buyer
C2330,56,Male,East Shelbyton,2024-09-15,T3330,2025-03-28 09:03:00,51.71,Fitness,Cash on Delivery,5,6.98,8,"fitness, fashion, laptop",0,Occasional_Buyer
C2331,26,Female,Petersonshire,2023-08-01,T3331,2025-04-22 00:20:02,383.19,Fashion,Wallet,8,11.31,11,"organic, 5G",1,High_Spender
C2332,39,Other,Sharonchester,2023-03-06,T3332,2025-04-13 04:29:48,117.73,Fashion,Wallet,5,10.28,15,"bluetooth, camera, organic",1,Occasional_Buyer
C2333,60,Female,Lake Gwendolynmouth,2024-01-09,T3333,2025-04-24 04:24:58,18.91,Home,Card,8,12.24,9,"organic, home_decor, laptop",0,Occasional_Buyer
C2334,63,Female,Jordanmouth,2024-08-13,T3334,2025-03-25 17:10:48,55.68,Fitness,Card,7,1.54,20,"fashion, 5G",1,Occasional_Buyer
C2335,21,Male,North Kristi,2023-09-07,T3335,2025-04-17 22:06:03,21.29,Fitness,Cash on Delivery,12,8.83,16,"smartphone, eco_friendly",0,Occasional_Buyer
C2336,43,Male,Fitzgeraldfort,2023-05-30,T3336,2025-03-25 19:03:29,42.15,Fitness,Card,4,8.87,24,"headphones, gaming, home_decor, fashion",0,Occasional_Buyer
C2337,46,Other,Ariashaven,2022-10-11,T3337,2025-03-31 16:26:07,121.16,Beauty,UPI,7,10.16,7,"bluetooth, home_decor, 5G",1,High_Spender
C2338,62,Male,Lindaport,2024-04-29,T3338,2025-04-14 16:18:33,118.0,Fitness,Cash on Delivery,6,10.08,24,"smartphone, organic, camera, bluetooth",1,Occasional_Buyer
C2339,51,Female,South Kristen,2023-06-20,T3339,2025-04-03 14:21:48,20.71,Fitness,Wallet,3,10.68,15,"smartphone, fashion, camera",0,Occasional_Buyer
C2340,40,Female,Port Jonathanview,2024-02-03,T3340,2025-04-03 16:53:35,204.31,Fashion,Wallet,9,10.27,10,"smartphone, fashion, laptop, fitness",1,High_Spender
C2341,54,Female,Phillipsport,2022-11-03,T3341,2025-04-01 06:17:34,71.83,Electronics,UPI,12,8.62,17,"5G, home_decor, camera",1,Occasional_Buyer
C2342,28,Other,East Frank,2024-03-17,T3342,2025-04-12 14:41:00,38.23,Electronics,Card,10,8.8,21,"bluetooth, organic",0,Occasional_Buyer
C2343,23,Male,Lake Ashleystad,2023-06-25,T3343,2025-03-31 19:26:39,55.76,Home,Cash on Delivery,13,9.84,11,"smartphone, 5G, laptop",1,Occasional_Buyer
C2344,35,Male,North Susan,2023-08-18,T3344,2025-04-24 03:14:41,74.32,Fashion,Cash on Delivery,9,11.51,8,"smartphone, fashion, bluetooth",1,Occasional_Buyer
C2345,38,Male,Ethanmouth,2022-06-21,T3345,2025-04-03 03:33:10,65.66,Fitness,UPI,14,10.26,16,"eco_friendly, bluetooth, laptop, 5G",1,Occasional_Buyer
C2346,59,Male,North Angelicaborough,2024-11-23,T3346,2025-04-06 04:48:23,53.31,Electronics,Card,5,7.64,12,"laptop, camera",1,Occasional_Buyer
C2347,53,Male,Markburgh,2024-09-20,T3347,2025-04-05 07:40:02,56.24,Grocery,Cash on Delivery,8,7.49,11,"camera, 5G, home_decor, laptop",1,Occasional_Buyer
C2348,58,Male,Port Kimberlyshire,2023-04-25,T3348,2025-03-31 09:28:57,15.53,Grocery,UPI,7,11.53,19,"bluetooth, gaming, fitness, organic",0,Occasional_Buyer
C2349,55,Female,East Briantown,2024-08-24,T3349,2025-03-28 05:20:11,134.02,Grocery,Cash on Delivery,9,12.27,15,"headphones, fashion",1,High_Spender
C2350,51,Other,Laurashire,2022-10-13,T3350,2025-03-31 05:59:22,62.43,Fitness,Wallet,7,13.21,19,"bluetooth, fashion, gaming, 5G",1,Occasional_Buyer
C2351,34,Male,Deniseland,2023-04-17,T3351,2025-04-22 17:05:58,11.24,Fitness,Cash on Delivery,4,8.53,21,"camera, laptop, 5G",0,Occasional_Buyer
C2352,54,Male,North Sierraville,2023-04-29,T3352,2025-04-21 10:30:40,116.25,Home,Cash on Delivery,4,4.37,15,"fitness, smartphone, fashion, home_decor",1,Occasional_Buyer
C2353,42,Other,West Shelleyland,2024-10-26,T3353,2025-03-30 06:30:02,215.58,Home,Cash on Delivery,11,11.14,11,"smartphone, bluetooth, headphones",1,High_Spender
C2354,55,Male,New Billton,2024-10-25,T3354,2025-04-22 05:09:13,235.46,Home,Card,8,7.85,3,"camera, fashion, eco_friendly, smartphone",1,High_Spender
C2355,29,Male,Heathview,2023-02-26,T3355,2025-04-15 05:56:09,36.84,Beauty,Card,6,9.69,3,"5G, fashion, laptop, fitness",0,Occasional_Buyer
C2356,40,Male,East Peter,2023-06-13,T3356,2025-04-19 08:38:39,11.65,Grocery,UPI,9,10.44,7,"bluetooth, laptop",0,Occasional_Buyer
C2357,59,Female,East Dylan,2023-09-01,T3357,2025-04-23 04:20:29,58.45,Fitness,Card,14,11.66,10,"laptop, 5G, eco_friendly, headphones",1,Occasional_Buyer
C2358,39,Male,Jessicaland,2024-01-30,T3358,2025-04-09 21:43:08,9.56,Grocery,Cash on Delivery,10,12.68,20,"home_decor, bluetooth",0,Occasional_Buyer
C2359,38,Other,South Judychester,2024-08-22,T3359,2025-04-19 13:19:08,217.43,Home,Cash on Delivery,14,13.51,6,"fashion, 5G",1,Loyal_Engaged
C2360,44,Male,Elizabethfort,2023-11-14,T3360,2025-04-03 11:34:36,16.23,Fitness,Card,7,13.96,24,"organic, fashion, eco_friendly, home_decor",0,Occasional_Buyer
C2361,48,Female,Lake Karen,2022-08-31,T3361,2025-04-19 09:04:50,23.31,Fashion,Card,7,10.31,3,"headphones, camera",0,Occasional_Buyer
C2362,23,Male,West Kylehaven,2023-12-01,T3362,2025-04-21 00:57:59,41.76,Electronics,Cash on Delivery,4,4.93,17,"camera, smartphone, headphones, laptop",0,Occasional_Buyer
C2363,44,Female,Kimberlyborough,2025-02-01,T3363,2025-04-24 16:06:28,38.65,Electronics,Cash on Delivery,3,8.17,22,"eco_friendly, bluetooth, 5G, gaming",0,Occasional_Buyer
C2364,57,Female,West Michelleport,2024-10-07,T3364,2025-04-09 00:01:12,126.65,Home,Wallet,8,14.22,6,"gaming, fitness, home_decor",1,High_Spender
C2365,51,Female,New James,2023-04-09,T3365,2025-03-27 17:04:37,48.75,Grocery,UPI,7,10.45,11,"organic, home_decor, fitness, gaming",0,Occasional_Buyer
C2366,29,Female,Tiffanytown,2023-08-26,T3366,2025-04-24 03:02:00,14.98,Fashion,Card,4,16.54,24,"smartphone, fashion, bluetooth, organic",0,Occasional_Buyer
C2367,62,Female,Seanstad,2023-10-30,T3367,2025-04-14 12:03:06,24.87,Fitness,UPI,13,8.86,22,"camera, laptop, bluetooth",0,Occasional_Buyer
C2368,24,Other,Loriton,2025-02-26,T3368,2025-04-19 22:17:04,56.92,Grocery,Cash on Delivery,4,16.94,12,"gaming, home_decor",1,Occasional_Buyer
C2369,27,Female,Aliciaview,2024-07-17,T3369,2025-04-17 08:40:55,12.76,Home,UPI,1,10.0,17,"headphones, laptop, fitness",0,Occasional_Buyer
C2370,62,Female,Michaelberg,2023-10-07,T3370,2025-03-30 21:09:22,75.67,Grocery,Card,11,8.74,5,"laptop, 5G, organic",1,Occasional_Buyer
C2371,34,Male,Sweeneyland,2025-01-19,T3371,2025-04-17 17:16:10,66.73,Home,Card,7,7.87,4,"fitness, fashion, 5G, eco_friendly",1,Occasional_Buyer
C2372,43,Male,Gouldstad,2022-06-12,T3372,2025-03-31 00:54:14,100.34,Beauty,UPI,1,11.98,24,"laptop, 5G, gaming",1,Occasional_Buyer
C2373,38,Male,Mercadoton,2022-05-20,T3373,2025-04-12 22:20:00,222.07,Electronics,Card,10,5.76,7,"laptop, 5G, fitness, eco_friendly",1,High_Spender
C2374,45,Female,Port Jerry,2024-08-17,T3374,2025-04-07 17:41:33,194.67,Electronics,Wallet,10,8.35,3,"bluetooth, fitness, organic",1,High_Spender
C2375,63,Male,North Colin,2024-11-26,T3375,2025-04-21 11:02:00,233.61,Grocery,Cash on Delivery,4,9.84,13,"headphones, smartphone, fitness, eco_friendly",1,High_Spender
C2376,19,Male,Vanessafurt,2023-11-15,T3376,2025-04-06 03:21:32,22.45,Fashion,Cash on Delivery,11,3.23,14,"5G, eco_friendly, gaming, fashion",0,Occasional_Buyer
C2377,60,Female,Hunterton,2023-05-31,T3377,2025-04-02 04:46:43,11.29,Fitness,Card,14,9.71,5,"headphones, 5G",0,Occasional_Buyer
C2378,18,Female,Walkerland,2024-07-09,T3378,2025-04-04 17:52:49,28.79,Home,Cash on Delivery,3,15.16,18,"home_decor, fashion, 5G",0,Occasional_Buyer
C2379,53,Other,North Colintown,2022-08-23,T3379,2025-04-07 11:37:24,180.37,Fitness,Wallet,11,11.3,16,"smartphone, bluetooth, fashion, organic",1,High_Spender
C2380,43,Male,East Elizabethfort,2022-10-18,T3380,2025-03-31 06:19:10,286.2,Electronics,Card,3,8.03,14,"fashion, eco_friendly",1,High_Spender
C2381,46,Female,New Morgan,2023-02-20,T3381,2025-04-18 18:03:02,156.9,Fashion,Wallet,12,8.57,22,"headphones, home_decor",1,High_Spender
C2382,38,Male,Gonzalesfort,2022-08-19,T3382,2025-03-31 08:10:40,9.32,Fashion,Wallet,1,11.01,18,"home_decor, 5G",0,Occasional_Buyer
C2383,28,Male,Wrightburgh,2022-09-13,T3383,2025-04-03 20:45:44,235.65,Fitness,Cash on Delivery,4,8.47,23,"fitness, headphones, smartphone, fashion",1,High_Spender
C2384,57,Male,Kellyborough,2022-08-22,T3384,2025-04-15 19:22:58,44.04,Electronics,Cash on Delivery,14,11.41,10,"bluetooth, smartphone, headphones",0,Occasional_Buyer
C2385,28,Male,Hansenside,2023-03-20,T3385,2025-04-12 00:35:33,0.75,Fitness,UPI,1,8.38,19,"home_decor, gaming, bluetooth",0,Occasional_Buyer
C2386,53,Male,Port Catherineland,2023-05-08,T3386,2025-04-14 14:53:16,46.73,Grocery,Wallet,14,6.93,19,"laptop, gaming",0,Occasional_Buyer
C2387,56,Female,Whitetown,2024-07-27,T3387,2025-03-26 13:22:47,3.77,Fashion,Cash on Delivery,13,13.54,9,"bluetooth, laptop",0,Loyal_Engaged
C2388,57,Male,Martinfurt,2025-03-18,T3388,2025-03-26 08:23:04,62.8,Fashion,Wallet,13,12.13,17,"fashion, bluetooth",1,Loyal_Engaged
C2389,52,Female,Hillton,2023-05-03,T3389,2025-03-30 23:17:13,33.07,Grocery,UPI,8,4.33,11,"eco_friendly, organic",0,Occasional_Buyer
C2390,51,Female,West Jameshaven,2023-03-23,T3390,2025-04-23 08:01:50,51.31,Electronics,Wallet,1,8.99,6,"organic, fashion, laptop, 5G",0,Occasional_Buyer
C2391,64,Male,Lake Kristie,2024-07-23,T3391,2025-04-03 19:30:28,75.98,Fashion,Card,12,13.13,10,"fitness, camera",1,Loyal_Engaged
C2392,41,Female,North Kimberly,2023-03-27,T3392,2025-03-28 04:03:00,162.48,Beauty,UPI,14,9.5,12,"headphones, fashion, camera, fitness",1,High_Spender
C2393,39,Male,West Christopher,2024-12-18,T3393,2025-04-09 12:48:22,86.75,Beauty,UPI,6,8.26,17,"fitness, home_decor, camera",1,Occasional_Buyer
C2394,22,Female,Brendashire,2023-02-18,T3394,2025-04-11 09:38:37,45.54,Beauty,Wallet,7,9.24,20,"home_decor, gaming, fitness",0,Occasional_Buyer
C2395,50,Male,Lake Nicholasmouth,2022-09-05,T3395,2025-04-03 00:25:23,136.93,Home,Wallet,10,10.33,16,"headphones, bluetooth, camera",1,High_Spender
C2396,53,Male,Cooperbury,2023-12-31,T3396,2025-04-20 02:47:18,188.8,Home,Cash on Delivery,14,9.46,7,"organic, fashion, laptop",1,High_Spender
C2397,64,Male,Kaylaton,2022-11-02,T3397,2025-04-17 21:14:03,10.2,Electronics,Card,12,9.75,11,"camera, bluetooth, smartphone",0,Occasional_Buyer
C2398,37,Female,Lake Dianafort,2024-01-12,T3398,2025-03-26 00:11:42,60.73,Grocery,UPI,2,9.55,15,"bluetooth, gaming, headphones, smartphone",1,Occasional_Buyer
C2399,36,Other,Nguyenmouth,2023-04-28,T3399,2025-04-08 10:04:28,26.78,Fitness,UPI,4,7.08,21,"smartphone, organic",0,Occasional_Buyer
C2400,52,Male,North Ashley,2023-02-26,T3400,2025-04-03 22:09:02,3.86,Electronics,UPI,11,6.92,13,"camera, fitness, home_decor, gaming",0,Occasional_Buyer
C2401,60,Female,Port Natasha,2024-04-03,T3401,2025-04-16 22:00:21,88.34,Fitness,Cash on Delivery,14,6.73,14,"smartphone, eco_friendly, gaming, fashion",1,Occasional_Buyer
C2402,34,Female,Lake Dawn,2024-01-14,T3402,2025-03-28 13:37:29,158.89,Electronics,Card,3,10.27,5,"gaming, smartphone, laptop, fashion",1,High_Spender
C2403,62,Other,East Hannah,2024-04-23,T3403,2025-03-29 20:48:41,14.23,Home,UPI,13,11.75,4,"bluetooth, smartphone, organic, headphones",0,Occasional_Buyer
C2404,60,Female,East Brian,2022-07-12,T3404,2025-04-15 21:17:40,133.88,Beauty,UPI,13,7.18,24,"fitness, eco_friendly, fashion",1,High_Spender
C2405,51,Female,Amybury,2024-12-27,T3405,2025-03-28 01:27:32,153.6,Grocery,Cash on Delivery,9,5.5,17,"laptop, fitness, bluetooth",1,High_Spender
C2406,26,Female,Port Jeff,2023-03-01,T3406,2025-04-02 02:42:29,196.59,Home,Wallet,14,7.39,7,"smartphone, home_decor, laptop, gaming",1,High_Spender
C2407,43,Female,Lake Melinda,2024-08-11,T3407,2025-04-11 01:46:48,24.66,Grocery,UPI,7,14.21,9,"bluetooth, organic, 5G",0,Occasional_Buyer
C2408,19,Male,Fowlerville,2022-06-05,T3408,2025-04-19 21:56:10,187.43,Fitness,Card,2,9.06,6,"eco_friendly, gaming, home_decor, camera",1,High_Spender
C2409,26,Male,West Nicoleport,2022-06-16,T3409,2025-04-03 16:06:18,30.93,Electronics,Card,11,9.36,7,"gaming, laptop, fashion, bluetooth",0,Occasional_Buyer
C2410,26,Male,Lake Nicole,2024-05-26,T3410,2025-04-12 16:44:03,64.3,Fashion,Card,12,7.61,18,"headphones, bluetooth",1,Occasional_Buyer
C2411,57,Female,Meyerhaven,2024-11-11,T3411,2025-03-29 23:05:37,4.15,Fashion,Card,6,11.72,17,"fashion, 5G",0,Occasional_Buyer
C2412,34,Female,Lake Stanleymouth,2023-04-23,T3412,2025-04-08 01:39:04,3.59,Grocery,Cash on Delivery,9,9.63,18,"fashion, home_decor, eco_friendly, camera",0,Occasional_Buyer
C2413,18,Male,Samuelton,2022-05-05,T3413,2025-04-10 19:45:03,101.94,Beauty,UPI,12,7.82,6,"home_decor, eco_friendly, fashion, fitness",1,Occasional_Buyer
C2414,42,Female,West Codyfort,2022-05-21,T3414,2025-04-22 02:27:07,47.03,Beauty,Cash on Delivery,3,6.91,8,"eco_friendly, fitness",0,Occasional_Buyer
C2415,60,Female,Port Mindy,2022-10-28,T3415,2025-03-29 12:28:23,23.69,Grocery,Card,14,11.13,20,"organic, bluetooth, headphones",0,Occasional_Buyer
C2416,57,Male,Rodriguezbury,2025-01-17,T3416,2025-04-13 04:45:02,16.9,Home,Card,11,10.79,5,"eco_friendly, fashion, smartphone, home_decor",0,Occasional_Buyer
C2417,59,Other,Lake Matthew,2024-09-26,T3417,2025-04-22 20:51:12,88.68,Fashion,Card,6,6.29,24,"smartphone, 5G, fitness",1,Occasional_Buyer
C2418,42,Male,Devinfort,2024-08-10,T3418,2025-04-03 16:53:22,0.03,Home,Cash on Delivery,14,13.68,7,"camera, headphones, home_decor",0,Loyal_Engaged
C2419,56,Male,New Mauriceton,2023-09-01,T3419,2025-03-28 09:40:03,131.15,Fitness,Card,3,8.07,4,"fashion, home_decor",1,High_Spender
C2420,52,Female,Port Jackie,2023-11-08,T3420,2025-04-19 22:52:13,6.61,Fashion,UPI,3,3.33,18,"gaming, laptop, organic, smartphone",0,Occasional_Buyer
C2421,20,Female,Elliottside,2022-09-21,T3421,2025-03-25 20:56:42,17.0,Fitness,Card,4,14.59,8,"smartphone, gaming",0,Occasional_Buyer
C2422,54,Male,Owensfort,2022-05-10,T3422,2025-04-22 01:10:49,39.05,Electronics,UPI,9,9.69,17,"smartphone, laptop, bluetooth, camera",0,Occasional_Buyer
C2423,61,Female,East Michelestad,2022-07-18,T3423,2025-04-01 14:00:25,53.07,Home,UPI,11,11.3,20,"camera, smartphone",0,Occasional_Buyer
C2424,61,Female,Port Diane,2024-09-01,T3424,2025-04-20 22:53:03,35.08,Grocery,Card,13,15.02,8,"eco_friendly, organic, home_decor, 5G",0,Loyal_Engaged
C2425,47,Male,East Veronica,2024-05-06,T3425,2025-03-29 00:10:09,30.94,Fashion,Cash on Delivery,8,6.99,15,"home_decor, headphones, laptop",0,Occasional_Buyer
C2426,55,Male,Lake Kellyside,2022-11-11,T3426,2025-04-15 17:29:03,265.75,Home,Wallet,1,11.44,15,"headphones, smartphone",1,High_Spender
C2427,51,Female,South April,2022-11-23,T3427,2025-03-28 17:44:45,82.08,Grocery,Wallet,13,13.53,3,"fashion, laptop, gaming",1,Loyal_Engaged
C2428,29,Male,South Justin,2022-08-21,T3428,2025-04-22 23:47:39,1.9,Electronics,UPI,12,7.2,18,"smartphone, camera",0,Occasional_Buyer
C2429,36,Other,Mcknightfort,2024-03-18,T3429,2025-04-07 19:48:00,44.99,Fashion,Cash on Delivery,11,14.38,6,"eco_friendly, gaming, home_decor",0,Loyal_Engaged
C2430,54,Female,New Nicole,2023-08-13,T3430,2025-04-10 01:06:32,166.36,Fitness,Wallet,1,5.77,19,"laptop, headphones",1,High_Spender
C2431,61,Other,West Alexandrashire,2024-12-12,T3431,2025-04-18 09:02:42,28.7,Electronics,Card,7,9.71,20,"laptop, home_decor",0,Occasional_Buyer
C2432,34,Male,New Kendra,2024-09-30,T3432,2025-04-04 06:54:50,7.95,Beauty,Card,3,6.77,18,"smartphone, home_decor, headphones",0,Occasional_Buyer
C2433,27,Other,Lake Nathanbury,2023-05-29,T3433,2025-03-27 15:50:53,113.63,Grocery,UPI,14,12.09,3,"gaming, 5G, smartphone",1,Loyal_Engaged
C2434,64,Male,Shellytown,2022-06-14,T3434,2025-03-28 22:55:15,74.52,Fashion,Cash on Delivery,11,7.1,8,"camera, organic, eco_friendly, smartphone",1,Occasional_Buyer
C2435,29,Male,Ianburgh,2024-07-25,T3435,2025-03-26 22:57:13,67.58,Fashion,Cash on Delivery,7,8.15,13,"camera, fitness, 5G",1,Occasional_Buyer
C2436,33,Male,Russellshire,2023-06-10,T3436,2025-03-30 16:40:01,4.41,Electronics,Wallet,9,7.36,8,"fitness, headphones, gaming, laptop",0,Occasional_Buyer
C2437,41,Male,Carolynmouth,2023-11-07,T3437,2025-03-26 15:04:08,12.11,Fashion,Wallet,3,6.39,19,"gaming, fitness",0,Occasional_Buyer
C2438,36,Female,New Vanessafurt,2023-05-13,T3438,2025-04-06 00:04:10,77.95,Grocery,Card,3,7.7,6,"gaming, 5G, eco_friendly",1,Occasional_Buyer
C2439,25,Female,Lake Anna,2023-12-30,T3439,2025-04-19 16:56:50,18.64,Electronics,UPI,2,9.86,16,"smartphone, organic, fitness",0,Occasional_Buyer
C2440,48,Male,Travismouth,2023-01-23,T3440,2025-04-05 16:44:41,56.11,Fitness,Cash on Delivery,10,9.7,16,"fashion, bluetooth",1,Occasional_Buyer
C2441,38,Female,New Jacqueline,2024-06-27,T3441,2025-04-15 10:04:10,62.98,Electronics,Wallet,1,9.35,22,"gaming, bluetooth, 5G, eco_friendly",1,Occasional_Buyer
C2442,34,Male,New Kevin,2023-05-29,T3442,2025-04-18 06:02:42,26.67,Electronics,Wallet,9,8.0,10,"laptop, headphones, fashion, 5G",0,Occasional_Buyer
C2443,40,Female,Joyview,2022-11-05,T3443,2025-04-02 21:58:03,237.18,Fitness,UPI,6,8.93,24,"headphones, laptop, 5G, eco_friendly",1,High_Spender
C2444,54,Male,West Pamela,2023-09-23,T3444,2025-04-18 21:04:08,147.85,Beauty,UPI,6,5.24,4,"headphones, camera",1,High_Spender
C2445,33,Female,Port Tara,2024-02-04,T3445,2025-04-21 00:30:19,102.52,Grocery,Card,8,7.9,7,"smartphone, headphones",1,Occasional_Buyer
C2446,23,Female,Annamouth,2025-02-07,T3446,2025-03-29 02:36:15,6.5,Beauty,UPI,11,9.33,6,"camera, gaming",0,Occasional_Buyer
C2447,25,Female,Kimberlyhaven,2024-11-07,T3447,2025-04-01 13:01:11,8.98,Beauty,Card,5,10.88,12,"gaming, headphones, organic",0,Occasional_Buyer
C2448,42,Male,Barnesborough,2024-04-30,T3448,2025-03-26 15:34:51,54.31,Beauty,Card,9,10.52,22,"camera, organic, 5G, gaming",1,Occasional_Buyer
C2449,35,Male,Lake Danielport,2025-01-07,T3449,2025-04-23 23:49:32,14.02,Home,UPI,11,6.32,23,"5G, fashion, headphones, smartphone",0,Occasional_Buyer
C2450,42,Female,Stephenton,2024-06-14,T3450,2025-04-05 12:04:51,306.31,Beauty,UPI,5,11.28,5,"fitness, camera, laptop, bluetooth",1,High_Spender
C2451,29,Male,Jessechester,2023-04-10,T3451,2025-04-04 08:07:07,13.81,Home,UPI,2,10.37,18,"gaming, bluetooth, 5G, smartphone",0,Occasional_Buyer
C2452,32,Male,Lopezview,2024-12-17,T3452,2025-03-26 07:34:37,53.47,Fitness,UPI,6,14.32,12,"fitness, eco_friendly, bluetooth",1,Occasional_Buyer
C2453,43,Male,New Laurenshire,2022-08-21,T3453,2025-04-12 10:35:44,36.22,Grocery,UPI,9,5.52,17,"fashion, laptop, organic",0,Occasional_Buyer
C2454,58,Female,Timothyburgh,2023-12-12,T3454,2025-04-12 10:49:39,81.6,Beauty,Card,3,9.59,6,"home_decor, fitness, bluetooth, camera",1,Occasional_Buyer
C2455,62,Female,Nicholasside,2023-06-25,T3455,2025-04-10 14:06:51,11.05,Fashion,Wallet,10,13.09,3,"smartphone, gaming",0,Occasional_Buyer
C2456,43,Female,West Marisa,2022-12-08,T3456,2025-04-02 09:09:12,45.01,Fitness,Cash on Delivery,4,9.11,24,"organic, camera, fashion, bluetooth",0,Occasional_Buyer
C2457,64,Male,Fitzgeraldport,2024-12-06,T3457,2025-04-05 23:35:25,25.69,Home,Cash on Delivery,10,7.26,17,"fashion, organic, 5G, camera",0,Occasional_Buyer
C2458,49,Male,East Katherine,2022-11-27,T3458,2025-04-11 14:07:37,174.96,Grocery,Card,11,7.55,12,"5G, organic, camera, gaming",1,High_Spender
C2459,27,Female,New Robertstad,2024-02-09,T3459,2025-04-15 18:18:36,3.31,Electronics,Card,8,12.35,22,"organic, fitness, headphones",0,Occasional_Buyer
C2460,33,Female,West Brenda,2023-01-23,T3460,2025-04-14 10:33:06,196.02,Grocery,Wallet,6,5.36,24,"gaming, eco_friendly",1,High_Spender
C2461,24,Male,Lake Teresamouth,2025-01-28,T3461,2025-04-11 22:53:29,143.18,Grocery,UPI,13,9.0,20,"fashion, home_decor, gaming",1,High_Spender
C2462,34,Female,Fergusonhaven,2022-08-15,T3462,2025-04-05 17:16:24,28.26,Beauty,Card,7,7.37,18,"smartphone, home_decor, fitness",0,Occasional_Buyer
C2463,40,Male,Zacharyland,2022-12-14,T3463,2025-04-24 12:10:30,124.58,Beauty,Cash on Delivery,7,7.6,23,"fashion, home_decor, fitness, smartphone",1,High_Spender
C2464,43,Other,Kimburgh,2024-01-11,T3464,2025-04-04 06:43:23,2.54,Home,UPI,4,11.32,11,"smartphone, organic",0,Occasional_Buyer
C2465,38,Male,North David,2024-01-26,T3465,2025-04-04 02:31:32,272.57,Home,Card,12,8.81,21,"gaming, headphones, home_decor",1,High_Spender
C2466,39,Other,Kennethland,2022-08-03,T3466,2025-04-21 19:38:25,59.82,Beauty,UPI,6,10.7,19,"headphones, fashion, fitness, home_decor",1,Occasional_Buyer
C2467,24,Female,New Christopher,2023-07-06,T3467,2025-03-26 06:55:37,28.91,Beauty,Cash on Delivery,12,6.27,12,"smartphone, home_decor, headphones, gaming",0,Occasional_Buyer
C2468,31,Female,Harringtonmouth,2022-10-01,T3468,2025-04-07 09:22:29,36.03,Fashion,UPI,9,12.49,21,"5G, headphones",0,Occasional_Buyer
C2469,32,Male,East Fernandomouth,2023-11-20,T3469,2025-04-05 12:51:27,5.5,Fashion,Card,3,10.64,10,"camera, fashion",0,Occasional_Buyer
C2470,24,Female,West Bradville,2022-07-15,T3470,2025-04-03 13:23:34,363.37,Fitness,Card,8,13.71,21,"gaming, laptop",1,High_Spender
C2471,26,Male,Estradaland,2024-08-14,T3471,2025-04-14 03:31:32,3.21,Beauty,Cash on Delivery,7,8.78,7,"fashion, bluetooth, fitness",0,Occasional_Buyer
C2472,25,Male,Michellebury,2025-02-05,T3472,2025-04-24 11:20:10,85.12,Electronics,Wallet,4,11.35,4,"camera, 5G, gaming, home_decor",1,Occasional_Buyer
C2473,40,Female,North Heather,2024-04-03,T3473,2025-04-02 08:10:19,46.78,Fashion,Wallet,10,12.35,17,"bluetooth, gaming, headphones",0,Occasional_Buyer
C2474,46,Other,Lake Marystad,2024-04-25,T3474,2025-04-21 02:18:12,237.94,Home,UPI,13,11.29,19,"fitness, headphones, camera",1,High_Spender
C2475,35,Female,Ryanhaven,2022-10-16,T3475,2025-04-22 00:26:48,22.59,Grocery,Card,3,15.09,12,"smartphone, camera, fashion",0,Occasional_Buyer
C2476,48,Female,Smithberg,2023-02-13,T3476,2025-04-02 12:39:49,60.76,Fitness,Card,14,5.01,23,"fashion, 5G, gaming",1,Occasional_Buyer
C2477,47,Male,Wilsonton,2022-09-13,T3477,2025-04-08 15:06:58,52.68,Fashion,Cash on Delivery,7,10.52,23,"camera, bluetooth",0,Occasional_Buyer
C2478,56,Male,Davischester,2025-03-08,T3478,2025-04-06 00:44:00,97.09,Grocery,Cash on Delivery,10,8.78,24,"organic, eco_friendly, laptop, bluetooth",1,Occasional_Buyer
C2479,52,Male,West Justinfurt,2024-04-28,T3479,2025-03-29 17:58:23,5.63,Grocery,Card,9,8.57,4,"headphones, bluetooth, fitness, laptop",0,Occasional_Buyer
C2480,35,Female,Timothyville,2023-08-25,T3480,2025-04-15 07:53:08,17.23,Fashion,Cash on Delivery,12,14.48,11,"laptop, bluetooth, headphones, eco_friendly",0,Loyal_Engaged
C2481,59,Other,Warrenview,2023-12-12,T3481,2025-04-13 04:18:00,19.32,Electronics,Wallet,10,8.14,4,"fitness, fashion, organic",0,Occasional_Buyer
C2482,56,Female,East Deanburgh,2024-09-02,T3482,2025-04-16 16:25:33,107.2,Electronics,Wallet,3,12.56,20,"organic, 5G, fitness, fashion",1,Occasional_Buyer
C2483,34,Male,Lake Marialand,2023-03-15,T3483,2025-04-17 01:49:28,16.77,Fitness,UPI,10,6.84,14,"bluetooth, smartphone, home_decor",0,Occasional_Buyer
C2484,31,Male,South Sandra,2024-08-04,T3484,2025-04-10 04:10:28,68.17,Electronics,Cash on Delivery,9,13.06,17,"5G, bluetooth, fashion, organic",1,Occasional_Buyer
C2485,48,Female,North Kevinborough,2023-07-01,T3485,2025-04-17 14:06:21,19.39,Fitness,UPI,13,9.93,23,"laptop, smartphone, fitness, gaming",0,Occasional_Buyer
C2486,41,Male,Amberview,2023-08-10,T3486,2025-04-06 02:41:55,158.22,Home,Cash on Delivery,8,9.15,22,"organic, 5G",1,High_Spender
C2487,52,Female,Trevorton,2023-12-28,T3487,2025-04-10 19:19:24,228.04,Fashion,Cash on Delivery,12,5.39,8,"organic, gaming, home_decor",1,High_Spender
C2488,61,Female,Heatherhaven,2023-02-04,T3488,2025-04-19 12:06:24,58.47,Grocery,Wallet,3,9.16,20,"fashion, 5G, camera, headphones",1,Occasional_Buyer
C2489,62,Female,Robertfurt,2024-10-11,T3489,2025-04-14 02:54:04,34.75,Fitness,Card,8,7.94,15,"headphones, smartphone",0,Occasional_Buyer
C2490,51,Male,Maryside,2023-05-06,T3490,2025-04-23 17:00:38,21.33,Electronics,Cash on Delivery,12,15.24,6,"headphones, smartphone",0,Loyal_Engaged
C2491,20,Male,North Brandi,2024-05-27,T3491,2025-04-19 03:46:22,4.09,Fitness,Cash on Delivery,4,10.15,14,"gaming, fitness, eco_friendly",0,Occasional_Buyer
C2492,54,Male,South John,2022-08-15,T3492,2025-04-12 19:36:17,25.01,Beauty,Cash on Delivery,6,8.21,11,"eco_friendly, gaming, smartphone",0,Occasional_Buyer
C2493,60,Male,South Brandifort,2023-10-05,T3493,2025-03-28 16:15:25,84.96,Fitness,Card,12,8.08,4,"eco_friendly, gaming, headphones, bluetooth",1,Occasional_Buyer
C2494,57,Male,Port Jessica,2024-08-16,T3494,2025-03-27 01:52:42,61.02,Electronics,UPI,10,5.92,18,"camera, fitness, 5G",1,Occasional_Buyer
C2495,43,Female,Port Heidiport,2024-01-07,T3495,2025-04-24 09:39:43,230.65,Beauty,UPI,2,14.57,3,"bluetooth, fashion",1,High_Spender
C2496,40,Female,Davidhaven,2022-05-22,T3496,2025-03-28 00:58:16,40.37,Beauty,Cash on Delivery,8,13.77,6,"headphones, fashion, camera",0,Occasional_Buyer
C2497,61,Male,Lisamouth,2024-08-11,T3497,2025-04-24 11:55:37,94.7,Electronics,Cash on Delivery,13,9.8,17,"fitness, home_decor, fashion, smartphone",1,Occasional_Buyer
C2498,56,Male,North Roger,2025-03-15,T3498,2025-04-03 15:03:46,53.76,Beauty,UPI,9,16.54,22,"smartphone, camera, fashion, fitness",1,Occasional_Buyer
C2499,32,Male,East Jamesfurt,2023-08-26,T3499,2025-04-17 09:54:08,57.49,Fashion,UPI,7,9.96,3,"fitness, headphones, gaming, camera",1,Occasional_Buyer
C2500,21,Male,New Kevinport,2024-08-07,T3500,2025-03-28 06:42:35,24.93,Grocery,Wallet,8,13.29,22,"camera, smartphone, fitness",0,Occasional_Buyer
C2501,46,Female,Hodgeschester,2023-06-19,T3501,2025-04-05 17:05:31,48.55,Fashion,Cash on Delivery,7,11.7,17,"smartphone, 5G, eco_friendly, bluetooth",0,Occasional_Buyer
C2502,39,Male,Woodfort,2025-01-14,T3502,2025-04-07 22:41:45,50.91,Fashion,UPI,11,8.28,5,"gaming, headphones",0,Occasional_Buyer
C2503,42,Male,Mezabury,2023-07-05,T3503,2025-04-03 21:17:11,98.11,Electronics,Wallet,10,10.55,15,"fashion, eco_friendly, bluetooth, camera",1,Occasional_Buyer
C2504,30,Male,Ericafurt,2024-02-14,T3504,2025-04-24 03:27:48,225.93,Electronics,Card,4,11.12,20,"fashion, 5G",1,High_Spender
C2505,35,Female,Antonioburgh,2024-06-26,T3505,2025-04-14 17:29:02,31.96,Grocery,Cash on Delivery,1,6.09,15,"eco_friendly, smartphone, fitness",0,Occasional_Buyer
C2506,50,Female,Amandaville,2023-09-13,T3506,2025-03-28 15:07:27,3.45,Fitness,UPI,3,10.86,12,"eco_friendly, smartphone, gaming, fashion",0,Occasional_Buyer
C2507,33,Male,Michaeltown,2022-09-01,T3507,2025-04-07 17:41:24,54.86,Fashion,Cash on Delivery,7,13.42,22,"bluetooth, fashion, organic, 5G",1,Occasional_Buyer
C2508,62,Female,Garciaside,2024-06-13,T3508,2025-04-10 23:01:09,62.9,Beauty,Wallet,11,7.93,9,"bluetooth, camera, organic, headphones",1,Occasional_Buyer
C2509,59,Female,South Philip,2023-09-16,T3509,2025-04-16 12:19:34,14.76,Grocery,UPI,11,9.37,10,"fitness, 5G",0,Occasional_Buyer
C2510,61,Other,Walkermouth,2023-02-25,T3510,2025-04-03 01:55:25,114.32,Fashion,Card,7,6.67,3,"camera, headphones",1,Occasional_Buyer
C2511,19,Male,New Andreaville,2023-08-27,T3511,2025-03-30 19:13:29,335.6,Fitness,Card,11,8.55,20,"eco_friendly, camera",1,High_Spender
C2512,52,Female,Ramosstad,2025-02-17,T3512,2025-03-26 09:35:31,233.17,Beauty,Wallet,13,8.78,14,"gaming, laptop, 5G",1,High_Spender
C2513,59,Other,Jeremyside,2023-08-07,T3513,2025-03-27 18:12:36,17.56,Fashion,Card,3,14.73,20,"organic, eco_friendly, 5G",0,Occasional_Buyer
C2514,51,Other,Collinsfurt,2023-10-13,T3514,2025-04-22 12:07:27,166.59,Home,Card,1,9.05,14,"gaming, fashion, smartphone",1,High_Spender
C2515,47,Female,East Jason,2022-10-10,T3515,2025-04-12 00:08:33,97.53,Grocery,Card,10,8.41,22,"smartphone, camera, 5G, bluetooth",1,Occasional_Buyer
C2516,30,Female,Barreraview,2023-07-27,T3516,2025-03-29 08:38:26,48.39,Electronics,Card,9,9.72,11,"fashion, bluetooth, headphones, eco_friendly",0,Occasional_Buyer
C2517,30,Male,Lake Richard,2022-09-03,T3517,2025-04-15 12:32:53,62.23,Fashion,Card,12,4.88,4,"smartphone, fashion",1,Occasional_Buyer
C2518,35,Female,Howardfurt,2025-01-17,T3518,2025-04-01 18:15:32,151.56,Beauty,Card,6,2.92,16,"gaming, fashion, laptop, home_decor",1,High_Spender
C2519,49,Female,Nicolemouth,2022-08-28,T3519,2025-04-15 21:42:51,52.33,Beauty,Card,13,5.85,6,"fashion, 5G",0,Occasional_Buyer
C2520,49,Female,New Barbaraville,2024-03-28,T3520,2025-04-22 21:42:04,37.37,Grocery,UPI,13,10.97,17,"camera, home_decor, fashion",0,Occasional_Buyer
C2521,52,Male,Samanthaton,2022-07-29,T3521,2025-03-27 06:08:56,54.38,Grocery,Card,12,9.99,19,"smartphone, eco_friendly, headphones, fashion",1,Occasional_Buyer
C2522,56,Female,Wesleyview,2023-10-24,T3522,2025-03-27 19:11:06,69.23,Beauty,UPI,7,12.61,21,"fitness, 5G, bluetooth",1,Occasional_Buyer
C2523,63,Female,North Timothyburgh,2023-04-06,T3523,2025-03-31 09:22:05,16.77,Beauty,Cash on Delivery,1,5.44,8,"bluetooth, eco_friendly, laptop",0,Occasional_Buyer
C2524,46,Male,Lake Kimberlyville,2023-03-26,T3524,2025-04-03 17:39:01,184.94,Beauty,Wallet,1,9.39,11,"bluetooth, fashion",1,High_Spender
C2525,46,Female,New Kim,2022-10-23,T3525,2025-04-14 02:56:24,89.71,Fashion,Card,4,5.22,19,"smartphone, fashion, 5G",1,Occasional_Buyer
C2526,61,Female,New Anthony,2022-10-14,T3526,2025-03-29 11:07:38,80.25,Beauty,Wallet,7,10.8,17,"5G, eco_friendly, smartphone, camera",1,Occasional_Buyer
C2527,33,Female,Smithberg,2022-08-15,T3527,2025-03-30 20:51:52,8.38,Electronics,Card,14,5.87,7,"bluetooth, gaming, smartphone, home_decor",0,Occasional_Buyer
C2528,61,Male,West Michael,2022-05-21,T3528,2025-04-15 17:28:35,74.14,Beauty,UPI,11,9.27,20,"gaming, fitness",1,Occasional_Buyer
C2529,64,Male,Aaronland,2023-02-01,T3529,2025-04-22 18:07:45,10.31,Electronics,Card,11,10.62,6,"bluetooth, fitness, organic",0,Occasional_Buyer
C2530,27,Other,North Andrew,2024-08-25,T3530,2025-04-14 09:27:53,6.56,Fashion,Cash on Delivery,8,8.83,23,"home_decor, fitness, bluetooth",0,Occasional_Buyer
C2531,47,Male,Jonathanbury,2024-01-06,T3531,2025-04-11 05:52:26,59.95,Grocery,Wallet,10,3.21,4,"camera, eco_friendly",1,Occasional_Buyer
C2532,42,Female,Allisonhaven,2025-01-22,T3532,2025-04-16 16:47:42,41.24,Electronics,Wallet,9,14.99,21,"5G, eco_friendly, smartphone, home_decor",0,Occasional_Buyer
C2533,56,Female,North Daniellehaven,2024-11-24,T3533,2025-04-16 05:21:10,71.1,Fashion,Cash on Delivery,1,8.51,7,"organic, fashion",1,Occasional_Buyer
C2534,37,Female,Kellychester,2024-09-19,T3534,2025-04-20 04:58:22,7.48,Beauty,UPI,4,5.17,6,"headphones, home_decor, fitness, 5G",0,Occasional_Buyer
C2535,22,Male,North Rachel,2024-05-25,T3535,2025-04-08 09:01:27,45.11,Fashion,UPI,4,12.28,7,"smartphone, fashion, gaming, camera",0,Occasional_Buyer
C2536,18,Female,Martinezborough,2022-11-30,T3536,2025-04-17 03:36:53,15.37,Beauty,Cash on Delivery,3,12.4,21,"smartphone, eco_friendly, home_decor, 5G",0,Occasional_Buyer
C2537,47,Male,East Jesse,2024-06-04,T3537,2025-04-09 22:03:32,348.04,Fashion,Wallet,7,9.09,15,"bluetooth, camera, fitness, laptop",1,High_Spender
C2538,20,Male,Michelehaven,2022-07-13,T3538,2025-03-27 21:55:48,65.89,Grocery,Card,1,14.61,18,"smartphone, fashion",1,Occasional_Buyer
C2539,62,Male,Sharpmouth,2024-01-23,T3539,2025-04-19 06:01:15,93.04,Electronics,UPI,9,7.78,14,"5G, bluetooth",1,Occasional_Buyer
C2540,31,Male,Colemanville,2023-06-17,T3540,2025-03-27 20:06:48,31.49,Grocery,Card,13,10.53,11,"5G, camera, home_decor",0,Occasional_Buyer
C2541,47,Other,South Samantha,2024-05-12,T3541,2025-03-26 04:29:11,7.96,Home,Wallet,8,11.53,18,"camera, home_decor, organic",0,Occasional_Buyer
C2542,21,Other,West Ashleyview,2023-07-09,T3542,2025-03-28 23:50:19,297.95,Beauty,Card,2,14.54,16,"home_decor, gaming, eco_friendly",1,High_Spender
C2543,35,Male,West Aaron,2023-08-11,T3543,2025-04-09 07:46:17,26.98,Electronics,Cash on Delivery,2,4.17,24,"camera, gaming",0,Occasional_Buyer
C2544,54,Female,West Sylvia,2024-02-12,T3544,2025-04-12 17:48:54,44.11,Grocery,UPI,8,16.88,3,"fitness, eco_friendly, gaming, 5G",0,Occasional_Buyer
C2545,42,Male,New Robin,2024-07-20,T3545,2025-04-03 07:48:15,83.95,Electronics,UPI,11,13.52,22,"fitness, 5G, home_decor, smartphone",1,Loyal_Engaged
C2546,18,Female,West Maryville,2022-07-10,T3546,2025-03-28 14:57:58,2.0,Home,Cash on Delivery,14,11.35,23,"camera, headphones, fashion",0,Occasional_Buyer
C2547,63,Female,Blairbury,2024-06-30,T3547,2025-04-15 17:59:26,132.97,Fitness,Cash on Delivery,1,7.6,6,"camera, headphones",1,High_Spender
C2548,32,Other,South Debrafurt,2025-02-24,T3548,2025-04-15 05:03:18,61.53,Beauty,UPI,13,7.35,11,"home_decor, organic",1,Occasional_Buyer
C2549,26,Male,Davisfort,2023-05-13,T3549,2025-04-04 09:50:52,26.08,Beauty,UPI,7,10.86,21,"smartphone, bluetooth, fitness, camera",0,Occasional_Buyer
C2550,32,Female,Johnsonmouth,2023-09-23,T3550,2025-04-17 17:37:27,5.09,Fashion,UPI,9,11.48,16,"organic, fitness, fashion",0,Occasional_Buyer
C2551,41,Male,Bellborough,2022-10-04,T3551,2025-03-27 06:44:03,14.19,Beauty,Wallet,12,11.09,24,"gaming, bluetooth, organic, fitness",0,Occasional_Buyer
C2552,21,Other,Elizabethmouth,2024-02-12,T3552,2025-04-04 09:35:32,180.33,Beauty,Wallet,3,10.48,14,"headphones, fashion",1,High_Spender
C2553,29,Male,Lake Amber,2024-02-18,T3553,2025-04-13 15:21:45,92.68,Grocery,Wallet,7,11.3,6,"fitness, headphones",1,Occasional_Buyer
C2554,54,Female,South Dawnmouth,2023-05-23,T3554,2025-03-28 10:39:36,23.0,Beauty,Card,6,3.44,9,"organic, eco_friendly, gaming, bluetooth",0,Occasional_Buyer
C2555,54,Female,West Amberton,2024-12-21,T3555,2025-04-10 04:38:28,5.43,Beauty,Wallet,7,9.2,19,"5G, camera, fashion, laptop",0,Occasional_Buyer
C2556,60,Female,Port Kathy,2023-09-28,T3556,2025-04-14 13:02:06,93.85,Home,UPI,7,5.85,3,"eco_friendly, bluetooth, smartphone",1,Occasional_Buyer
C2557,23,Male,Morganville,2023-02-04,T3557,2025-04-06 04:55:25,67.97,Home,Wallet,10,9.88,16,"headphones, fitness, laptop, organic",1,Occasional_Buyer
C2558,56,Other,Courtneyberg,2024-04-02,T3558,2025-04-06 05:39:36,41.47,Electronics,UPI,1,13.92,17,"eco_friendly, 5G",0,Occasional_Buyer
C2559,63,Male,North Michaelshire,2024-05-12,T3559,2025-04-16 17:49:30,36.16,Electronics,Cash on Delivery,14,7.27,14,"bluetooth, fitness, gaming",0,Occasional_Buyer
C2560,41,Female,Tiffanyton,2024-02-05,T3560,2025-04-19 12:47:09,19.55,Beauty,Card,3,7.87,14,"eco_friendly, laptop, fitness",0,Occasional_Buyer
C2561,28,Male,Jennifermouth,2024-07-04,T3561,2025-04-17 03:17:18,88.6,Beauty,Card,10,7.45,8,"laptop, fashion",1,Occasional_Buyer
C2562,30,Male,New William,2023-05-27,T3562,2025-03-26 02:48:47,282.33,Fashion,Cash on Delivery,1,7.85,15,"eco_friendly, gaming",1,High_Spender
C2563,51,Female,Lake Arthur,2023-06-21,T3563,2025-04-11 11:17:01,15.46,Electronics,UPI,5,11.66,18,"5G, smartphone",0,Occasional_Buyer
C2564,42,Male,South Bobby,2023-12-18,T3564,2025-04-06 08:53:26,72.73,Grocery,Card,3,12.36,16,"smartphone, organic, eco_friendly",1,Occasional_Buyer
C2565,24,Male,East Matthewborough,2024-06-08,T3565,2025-03-29 18:28:42,44.16,Beauty,Wallet,1,14.41,9,"eco_friendly, 5G, camera",0,Occasional_Buyer
C2566,21,Male,East Margaret,2024-03-23,T3566,2025-04-12 03:53:53,47.35,Grocery,UPI,2,6.98,18,"gaming, headphones, organic",0,Occasional_Buyer
C2567,25,Male,Lambburgh,2025-01-12,T3567,2025-03-26 08:25:34,23.46,Beauty,Card,10,12.05,11,"smartphone, 5G, headphones",0,Occasional_Buyer
C2568,37,Female,Adamsview,2022-04-26,T3568,2025-03-29 17:37:08,139.5,Grocery,Cash on Delivery,5,12.55,16,"gaming, organic",1,High_Spender
C2569,46,Female,Port Matthewland,2022-08-20,T3569,2025-04-08 00:01:02,53.13,Fitness,UPI,11,14.96,9,"home_decor, eco_friendly, 5G",0,Loyal_Engaged
C2570,62,Male,Davidview,2024-09-20,T3570,2025-04-07 16:36:14,62.72,Grocery,Card,3,7.21,14,"organic, headphones, smartphone",1,Occasional_Buyer
C2571,63,Male,New Timothy,2023-08-30,T3571,2025-03-29 14:04:25,29.08,Electronics,Cash on Delivery,6,3.99,5,"gaming, eco_friendly, organic",0,Occasional_Buyer
C2572,27,Male,Reidfort,2022-05-18,T3572,2025-04-12 18:51:11,16.05,Beauty,UPI,9,9.17,16,"organic, fitness, gaming",0,Occasional_Buyer
C2573,60,Male,Lake Williamville,2024-05-14,T3573,2025-04-04 08:22:42,7.19,Electronics,Wallet,6,18.43,21,"home_decor, smartphone",0,Occasional_Buyer
C2574,51,Female,Spencerbury,2024-05-05,T3574,2025-04-24 04:56:18,100.17,Grocery,UPI,2,6.71,13,"laptop, gaming, fitness",1,Occasional_Buyer
C2575,43,Female,East Katherineburgh,2024-09-02,T3575,2025-04-08 11:10:06,17.48,Home,Wallet,2,11.46,7,"home_decor, camera, bluetooth, headphones",0,Occasional_Buyer
C2576,58,Male,Melissashire,2023-10-06,T3576,2025-03-28 22:11:27,93.71,Home,UPI,13,3.35,15,"smartphone, laptop",1,Occasional_Buyer
C2577,20,Male,New Christinastad,2022-10-15,T3577,2025-04-07 01:43:30,39.59,Home,Cash on Delivery,13,15.44,12,"organic, home_decor, 5G",0,Loyal_Engaged
C2578,23,Male,North Brendan,2022-09-29,T3578,2025-03-26 13:37:19,43.0,Beauty,Wallet,8,4.37,9,"bluetooth, headphones, eco_friendly, smartphone",0,Occasional_Buyer
C2579,22,Female,New Wendy,2023-08-28,T3579,2025-04-11 18:33:22,50.67,Fashion,Wallet,11,2.83,19,"smartphone, headphones",0,Occasional_Buyer
C2580,22,Other,South Jasontown,2024-11-29,T3580,2025-04-13 14:39:19,36.67,Fitness,UPI,8,10.3,18,"headphones, laptop, smartphone, home_decor",0,Occasional_Buyer
C2581,64,Male,Whitemouth,2023-11-06,T3581,2025-03-28 07:36:31,8.48,Grocery,Card,6,10.36,10,"camera, fitness",0,Occasional_Buyer
C2582,40,Male,East Deborah,2025-01-13,T3582,2025-04-18 22:21:28,29.64,Fashion,Wallet,10,14.26,19,"eco_friendly, smartphone, gaming",0,Occasional_Buyer
C2583,26,Female,Sotoport,2024-10-11,T3583,2025-04-20 00:39:39,87.19,Home,UPI,7,12.55,15,"camera, gaming, 5G",1,Occasional_Buyer
C2584,52,Other,Port Jacobtown,2024-06-29,T3584,2025-04-01 15:27:07,87.68,Grocery,Cash on Delivery,1,4.0,13,"organic, headphones, eco_friendly",1,Occasional_Buyer
C2585,37,Male,Lake Laura,2024-10-05,T3585,2025-04-17 22:01:45,26.97,Fashion,UPI,12,9.54,22,"5G, camera, fashion, smartphone",0,Occasional_Buyer
C2586,59,Male,Dominiqueview,2024-02-13,T3586,2025-04-21 18:05:26,49.31,Electronics,UPI,9,7.91,20,"smartphone, eco_friendly, fashion",0,Occasional_Buyer
C2587,52,Male,New Rhonda,2024-09-09,T3587,2025-04-11 13:02:45,17.2,Home,Wallet,5,5.99,7,"fitness, gaming, laptop",0,Occasional_Buyer
C2588,35,Female,North Donald,2024-08-02,T3588,2025-03-28 06:44:57,18.9,Fashion,Card,9,11.3,8,"home_decor, gaming, fashion",0,Occasional_Buyer
C2589,34,Male,Braunmouth,2024-07-10,T3589,2025-04-07 22:40:23,1.87,Beauty,Cash on Delivery,2,13.13,22,"bluetooth, fashion",0,Occasional_Buyer
C2590,41,Male,East Dawnbury,2023-07-20,T3590,2025-04-24 16:14:43,181.65,Electronics,Wallet,14,7.58,16,"fitness, bluetooth, laptop, headphones",1,High_Spender
C2591,20,Female,Sherimouth,2023-01-03,T3591,2025-03-29 14:07:21,18.93,Home,Wallet,8,9.0,14,"fitness, fashion",0,Occasional_Buyer
C2592,49,Male,Sarahberg,2024-04-04,T3592,2025-04-21 15:44:10,20.65,Fitness,Wallet,7,9.2,6,"5G, smartphone, gaming",0,Occasional_Buyer
C2593,52,Female,Lake Dennisburgh,2023-08-02,T3593,2025-04-08 13:47:36,26.24,Home,Cash on Delivery,11,8.02,9,"fitness, gaming, home_decor, smartphone",0,Occasional_Buyer
C2594,55,Male,Port Miguel,2024-06-11,T3594,2025-04-13 11:24:58,10.9,Beauty,Card,14,8.72,13,"headphones, laptop, home_decor, bluetooth",0,Occasional_Buyer
C2595,30,Male,Lake Dawn,2022-11-24,T3595,2025-04-03 23:36:15,81.57,Fitness,Cash on Delivery,4,8.01,22,"headphones, camera, gaming, smartphone",1,Occasional_Buyer
C2596,64,Female,New Jillian,2023-10-01,T3596,2025-04-12 21:26:49,6.25,Fitness,Cash on Delivery,3,10.37,4,"headphones, home_decor, fashion",0,Occasional_Buyer
C2597,42,Male,Michaelfurt,2023-08-09,T3597,2025-04-05 01:44:43,11.53,Fitness,Card,4,8.24,6,"5G, bluetooth, fitness",0,Occasional_Buyer
C2598,26,Other,Baileyshire,2023-05-03,T3598,2025-04-01 01:52:30,82.8,Grocery,Cash on Delivery,4,11.28,9,"camera, smartphone, fitness",1,Occasional_Buyer
C2599,21,Female,Port Karen,2025-01-28,T3599,2025-04-09 17:47:11,33.2,Grocery,UPI,10,8.23,3,"5G, smartphone, eco_friendly, laptop",0,Occasional_Buyer
C2600,31,Male,Fritzland,2023-06-03,T3600,2025-04-09 16:05:06,98.47,Fitness,Cash on Delivery,10,11.94,17,"home_decor, fitness",1,Occasional_Buyer
C2601,54,Female,Williamsside,2023-12-02,T3601,2025-04-10 18:32:04,65.21,Electronics,Wallet,8,8.16,22,"fashion, bluetooth, eco_friendly",1,Occasional_Buyer
C2602,51,Male,South Robert,2024-05-10,T3602,2025-03-26 13:37:09,23.66,Fitness,Cash on Delivery,13,11.82,24,"gaming, home_decor",0,Occasional_Buyer
C2603,28,Other,Porterhaven,2024-03-21,T3603,2025-03-28 07:24:33,84.18,Fashion,Wallet,13,7.45,10,"smartphone, fitness",1,Occasional_Buyer
C2604,58,Male,Rhondahaven,2024-03-05,T3604,2025-03-27 23:12:48,9.89,Fitness,Cash on Delivery,4,12.66,7,"5G, camera, fitness",0,Occasional_Buyer
C2605,20,Female,East Jermainetown,2024-02-05,T3605,2025-03-29 21:16:58,61.5,Grocery,Wallet,14,4.67,16,"5G, gaming, headphones, fitness",1,Occasional_Buyer
C2606,45,Male,Newmanchester,2025-03-17,T3606,2025-04-19 02:05:21,45.98,Grocery,Wallet,5,9.98,20,"laptop, camera, gaming, fashion",0,Occasional_Buyer
C2607,46,Male,Jonathanside,2023-02-10,T3607,2025-04-07 04:18:26,24.94,Fashion,Wallet,2,8.3,5,"organic, home_decor, eco_friendly, fashion",0,Occasional_Buyer
C2608,26,Female,West Tiffanyport,2023-08-24,T3608,2025-04-09 05:06:19,74.11,Fashion,Card,13,9.86,4,"fitness, camera",1,Occasional_Buyer
C2609,20,Female,Wagnerstad,2024-12-07,T3609,2025-04-05 07:21:31,164.04,Home,Cash on Delivery,4,6.44,24,"camera, headphones, eco_friendly",1,High_Spender
C2610,42,Male,North Martinmouth,2024-08-10,T3610,2025-04-14 02:01:50,545.34,Electronics,Cash on Delivery,7,9.42,18,"laptop, organic",1,High_Spender
C2611,51,Male,Tapiaside,2023-01-10,T3611,2025-03-27 12:28:38,74.87,Electronics,UPI,3,6.67,16,"eco_friendly, camera",1,Occasional_Buyer
C2612,29,Female,Amyshire,2023-08-08,T3612,2025-04-11 00:33:03,41.5,Electronics,UPI,14,9.29,18,"eco_friendly, headphones, gaming",0,Occasional_Buyer
C2613,59,Other,East Donald,2024-06-21,T3613,2025-04-20 07:13:35,20.41,Beauty,UPI,14,9.01,13,"5G, home_decor",0,Occasional_Buyer
C2614,26,Male,Brownstad,2023-10-31,T3614,2025-04-24 06:38:40,23.78,Grocery,Cash on Delivery,1,10.99,19,"headphones, camera",0,Occasional_Buyer
C2615,32,Female,North Garrett,2023-12-09,T3615,2025-04-08 04:31:23,52.23,Electronics,Card,13,10.2,5,"smartphone, laptop, 5G",0,Occasional_Buyer
C2616,57,Male,North Davidchester,2024-12-11,T3616,2025-04-19 10:56:48,36.62,Home,Wallet,8,15.63,7,"fashion, eco_friendly, smartphone, camera",0,Occasional_Buyer
C2617,42,Female,West Alanshire,2024-10-04,T3617,2025-04-11 11:37:42,196.1,Home,Cash on Delivery,8,8.47,5,"gaming, fitness, home_decor, camera",1,High_Spender
C2618,22,Male,Susanville,2023-07-02,T3618,2025-04-08 16:07:08,36.75,Electronics,Card,6,9.6,17,"fitness, organic, bluetooth",0,Occasional_Buyer
C2619,28,Male,New Cassandrahaven,2023-12-30,T3619,2025-04-14 15:49:07,37.4,Fashion,Card,7,19.55,7,"organic, 5G, fashion, laptop",0,Occasional_Buyer
C2620,51,Female,Williamshire,2023-07-30,T3620,2025-03-29 18:20:06,38.7,Home,Cash on Delivery,10,9.33,24,"home_decor, camera, fitness, smartphone",0,Occasional_Buyer
C2621,41,Male,West John,2022-08-24,T3621,2025-04-13 02:28:21,144.93,Fashion,Wallet,11,12.86,5,"camera, laptop, gaming",1,Loyal_Engaged
C2622,32,Female,West Normafort,2022-10-11,T3622,2025-04-11 20:10:06,84.17,Grocery,Card,2,11.73,8,"home_decor, camera, bluetooth",1,Occasional_Buyer
C2623,55,Male,Lake Erinfurt,2024-06-10,T3623,2025-04-17 23:44:14,76.19,Beauty,Cash on Delivery,5,17.0,16,"smartphone, 5G, home_decor",1,Occasional_Buyer
C2624,25,Male,West Bryan,2022-08-10,T3624,2025-04-10 07:17:45,32.53,Home,Wallet,12,5.71,4,"gaming, 5G, smartphone, bluetooth",0,Occasional_Buyer
C2625,22,Male,Smithtown,2023-10-23,T3625,2025-03-26 20:56:00,136.26,Fashion,UPI,7,5.37,20,"smartphone, home_decor, laptop",1,High_Spender
C2626,43,Female,Stevenston,2023-02-23,T3626,2025-04-18 19:22:40,3.13,Electronics,Card,9,6.65,8,"home_decor, fitness",0,Occasional_Buyer
C2627,35,Male,New Michaelland,2022-12-27,T3627,2025-03-31 09:46:28,163.71,Grocery,Card,1,10.52,7,"bluetooth, laptop, camera",1,High_Spender
C2628,23,Female,Wellsborough,2025-01-28,T3628,2025-04-20 14:05:09,57.52,Fitness,Cash on Delivery,3,6.99,16,"gaming, organic, laptop, camera",1,Occasional_Buyer
C2629,54,Female,Larryfort,2024-11-11,T3629,2025-03-31 08:37:56,40.63,Fitness,Cash on Delivery,6,3.6,19,"home_decor, fitness",0,Occasional_Buyer
C2630,30,Female,New Sherry,2022-06-11,T3630,2025-04-06 19:17:44,55.0,Electronics,Wallet,14,7.23,13,"fashion, headphones, eco_friendly, organic",1,Occasional_Buyer
C2631,45,Male,Jackfurt,2022-05-11,T3631,2025-04-08 14:03:57,88.07,Grocery,UPI,7,11.11,3,"bluetooth, camera, headphones",1,Occasional_Buyer
C2632,22,Male,West Rachelshire,2023-07-20,T3632,2025-04-08 12:38:59,1.03,Grocery,UPI,6,7.29,12,"fitness, bluetooth, 5G",0,Occasional_Buyer
C2633,30,Male,Bakerport,2023-02-03,T3633,2025-04-22 19:53:01,164.18,Grocery,Cash on Delivery,1,13.43,11,"5G, camera",1,High_Spender
C2634,34,Male,Moorestad,2024-11-19,T3634,2025-04-18 10:35:13,47.35,Grocery,Cash on Delivery,4,6.62,22,"gaming, smartphone",0,Occasional_Buyer
C2635,57,Male,Port Julie,2024-05-25,T3635,2025-04-17 17:49:16,33.6,Fitness,Wallet,6,10.04,14,"bluetooth, fashion, camera, organic",0,Occasional_Buyer
C2636,62,Female,Port Davidside,2023-02-21,T3636,2025-04-04 11:55:00,11.9,Fashion,Cash on Delivery,8,8.83,3,"eco_friendly, organic, home_decor, bluetooth",0,Occasional_Buyer
C2637,49,Male,Lake Andreahaven,2022-06-16,T3637,2025-04-12 05:47:50,46.31,Grocery,Wallet,10,10.57,20,"gaming, organic, fashion, bluetooth",0,Occasional_Buyer
C2638,46,Male,North Melanie,2024-09-29,T3638,2025-04-08 09:28:15,54.87,Fashion,Wallet,14,10.87,14,"bluetooth, laptop, camera",1,Occasional_Buyer
C2639,20,Male,Wilsonland,2024-07-10,T3639,2025-04-17 14:59:29,41.35,Grocery,UPI,4,14.76,4,"camera, smartphone",0,Occasional_Buyer
C2640,57,Female,Lake Jamiechester,2024-04-09,T3640,2025-03-30 00:40:07,90.82,Home,Wallet,7,12.07,3,"smartphone, laptop, camera, organic",1,Occasional_Buyer
C2641,51,Male,South Monique,2023-09-02,T3641,2025-04-16 00:24:55,43.7,Beauty,UPI,11,8.74,3,"headphones, laptop, eco_friendly, 5G",0,Occasional_Buyer
C2642,57,Female,Timothymouth,2024-02-12,T3642,2025-03-29 13:48:17,260.4,Home,UPI,3,11.84,3,"gaming, laptop, home_decor",1,High_Spender
C2643,44,Male,Port Hollytown,2022-09-21,T3643,2025-04-18 17:27:40,73.16,Beauty,UPI,8,12.25,24,"fashion, bluetooth, home_decor, laptop",1,Occasional_Buyer
C2644,30,Female,North David,2023-11-06,T3644,2025-04-13 23:24:26,131.8,Home,Cash on Delivery,1,16.13,14,"camera, eco_friendly, 5G, fashion",1,High_Spender
C2645,62,Female,New Paula,2022-08-18,T3645,2025-04-13 13:59:57,9.26,Grocery,UPI,4,9.53,9,"gaming, headphones, smartphone, eco_friendly",0,Occasional_Buyer
C2646,50,Male,Moralestown,2025-01-16,T3646,2025-04-08 03:58:14,40.51,Fashion,Wallet,8,9.75,6,"5G, organic, gaming",0,Occasional_Buyer
C2647,23,Male,Lake Melissa,2025-02-20,T3647,2025-04-10 12:42:49,32.86,Beauty,Cash on Delivery,10,13.94,23,"headphones, home_decor, fashion",0,Occasional_Buyer
C2648,41,Male,Karenbury,2023-11-14,T3648,2025-04-15 12:33:07,67.42,Fitness,Wallet,4,4.0,22,"5G, fashion",1,Occasional_Buyer
C2649,36,Male,Tamarahaven,2023-12-23,T3649,2025-04-08 11:27:12,157.93,Electronics,Cash on Delivery,2,9.39,6,"eco_friendly, 5G, gaming",1,High_Spender
C2650,33,Female,Castanedaton,2023-03-20,T3650,2025-04-04 09:07:57,6.53,Beauty,Wallet,2,12.08,17,"fashion, camera, gaming",0,Occasional_Buyer
C2651,57,Female,Danielview,2024-01-03,T3651,2025-03-26 18:49:06,6.03,Beauty,Card,4,13.14,3,"gaming, home_decor, eco_friendly",0,Occasional_Buyer
C2652,45,Female,Port Jason,2022-12-26,T3652,2025-04-19 12:27:41,151.94,Fitness,Card,13,3.37,8,"headphones, organic, gaming",1,High_Spender
C2653,50,Female,West Moniqueburgh,2022-11-22,T3653,2025-03-31 11:53:00,19.15,Grocery,Card,4,5.99,16,"bluetooth, 5G",0,Occasional_Buyer
C2654,58,Male,Chapmanmouth,2023-12-13,T3654,2025-04-13 06:02:01,88.39,Home,Wallet,2,2.52,16,"laptop, 5G, fashion",1,Occasional_Buyer
C2655,30,Male,Vickiview,2023-02-12,T3655,2025-04-02 14:23:40,62.62,Home,Cash on Delivery,7,12.62,12,"bluetooth, organic, gaming, camera",1,Occasional_Buyer
C2656,60,Female,Meganton,2022-10-04,T3656,2025-04-17 08:40:54,143.13,Fashion,UPI,6,10.61,9,"smartphone, headphones",1,High_Spender
C2657,62,Male,Lake Michael,2023-11-22,T3657,2025-03-31 14:03:29,10.69,Grocery,UPI,11,14.26,24,"smartphone, fashion, gaming",0,Loyal_Engaged
C2658,42,Female,Daniellebury,2024-03-19,T3658,2025-04-05 01:26:11,11.12,Fitness,Wallet,3,10.09,14,"organic, headphones",0,Occasional_Buyer
C2659,59,Male,Russellfurt,2025-02-24,T3659,2025-04-18 22:19:40,65.1,Grocery,Wallet,8,16.72,21,"eco_friendly, bluetooth",1,Occasional_Buyer
C2660,53,Male,North Laurachester,2024-12-25,T3660,2025-04-07 07:12:13,234.06,Grocery,Wallet,8,7.17,11,"smartphone, bluetooth",1,High_Spender
C2661,44,Other,Johnsonborough,2024-12-28,T3661,2025-04-01 23:58:12,42.89,Home,Wallet,1,8.9,5,"organic, laptop",0,Occasional_Buyer
C2662,55,Male,Robinsonport,2024-01-30,T3662,2025-04-12 14:26:10,31.67,Fitness,UPI,3,11.24,6,"5G, fashion, home_decor, fitness",0,Occasional_Buyer
C2663,24,Other,East Brianburgh,2024-04-10,T3663,2025-04-19 00:46:57,74.65,Electronics,Cash on Delivery,5,7.86,15,"gaming, smartphone, bluetooth, organic",1,Occasional_Buyer
C2664,22,Other,Tammyland,2024-08-07,T3664,2025-03-26 09:15:11,213.26,Beauty,UPI,2,11.25,12,"5G, fashion, camera",1,High_Spender
C2665,60,Female,East Jenniferfurt,2024-11-28,T3665,2025-03-30 02:27:05,145.08,Home,Wallet,12,9.67,16,"organic, fitness, gaming",1,High_Spender
C2666,62,Female,North Alexandra,2022-10-01,T3666,2025-04-15 00:21:11,432.0,Fitness,Card,12,9.49,8,"bluetooth, laptop, fitness",1,High_Spender
C2667,48,Female,Lake Tammy,2023-10-05,T3667,2025-04-13 00:56:22,1.83,Fashion,UPI,5,9.62,10,"fitness, bluetooth",0,Occasional_Buyer
C2668,40,Female,Lake Laura,2024-10-28,T3668,2025-03-29 06:09:18,9.58,Beauty,Card,11,12.12,21,"fitness, eco_friendly, gaming, organic",0,Loyal_Engaged
C2669,59,Male,Lake Christinehaven,2023-02-26,T3669,2025-03-26 10:53:57,75.22,Beauty,Card,10,8.97,12,"fashion, smartphone",1,Occasional_Buyer
C2670,27,Female,North Crystal,2024-02-10,T3670,2025-04-16 05:26:01,137.44,Home,Wallet,3,6.64,24,"smartphone, home_decor",1,High_Spender
C2671,49,Female,Patriciahaven,2022-05-04,T3671,2025-04-20 11:36:42,26.87,Fashion,UPI,9,10.2,7,"bluetooth, smartphone, laptop, home_decor",0,Occasional_Buyer
C2672,60,Male,South Brett,2023-01-15,T3672,2025-04-14 18:48:51,21.87,Home,Cash on Delivery,11,8.1,7,"eco_friendly, organic, gaming, fitness",0,Occasional_Buyer
C2673,47,Male,Lisachester,2023-03-30,T3673,2025-04-10 06:37:58,123.71,Grocery,UPI,1,7.0,7,"eco_friendly, bluetooth, smartphone, fitness",1,High_Spender
C2674,56,Male,Michaelhaven,2024-02-26,T3674,2025-04-15 17:21:48,4.64,Fitness,Cash on Delivery,4,4.81,11,"fashion, 5G, camera",0,Occasional_Buyer
C2675,48,Female,Lake Michael,2025-03-05,T3675,2025-04-17 15:24:31,36.88,Fashion,Cash on Delivery,10,12.79,11,"bluetooth, camera, organic, smartphone",0,Occasional_Buyer
C2676,35,Female,Longberg,2023-04-16,T3676,2025-03-31 08:18:37,56.39,Beauty,Wallet,6,11.99,17,"smartphone, eco_friendly, home_decor, 5G",1,Occasional_Buyer
C2677,53,Male,Stephanieton,2023-03-14,T3677,2025-03-29 21:19:04,65.74,Home,Cash on Delivery,9,14.22,11,"home_decor, 5G, headphones, camera",1,Occasional_Buyer
C2678,19,Other,Lake Joshuamouth,2022-12-10,T3678,2025-04-16 03:43:18,104.34,Beauty,UPI,3,10.01,16,"eco_friendly, camera, headphones",1,Occasional_Buyer
C2679,31,Female,Wellsland,2022-06-01,T3679,2025-03-30 05:08:49,35.06,Fashion,UPI,3,13.24,8,"laptop, smartphone, fitness",0,Occasional_Buyer
C2680,30,Female,Normanburgh,2023-04-09,T3680,2025-03-28 19:07:56,75.88,Beauty,Card,12,7.17,24,"eco_friendly, gaming",1,Occasional_Buyer
C2681,46,Female,Wallermouth,2023-02-14,T3681,2025-04-21 17:43:58,70.43,Home,Cash on Delivery,5,4.28,22,"eco_friendly, smartphone, headphones",1,Occasional_Buyer
C2682,29,Female,Lake Lorraine,2023-08-12,T3682,2025-04-09 22:32:03,63.46,Home,Wallet,7,7.75,10,"smartphone, bluetooth, home_decor, gaming",1,Occasional_Buyer
C2683,56,Male,Dianeburgh,2022-09-13,T3683,2025-03-28 15:41:56,81.84,Electronics,Wallet,14,9.38,4,"home_decor, fashion",1,Occasional_Buyer
C2684,19,Female,Lake Johntown,2022-12-13,T3684,2025-03-31 11:49:41,24.03,Beauty,UPI,5,11.08,7,"headphones, camera, fashion",0,Occasional_Buyer
C2685,49,Male,Port Albert,2023-01-22,T3685,2025-04-19 06:21:45,7.08,Electronics,Cash on Delivery,11,13.84,19,"smartphone, 5G, bluetooth",0,Loyal_Engaged
C2686,30,Female,East Kimberly,2024-07-25,T3686,2025-04-07 08:09:53,10.16,Electronics,Wallet,8,10.97,12,"fashion, bluetooth",0,Occasional_Buyer
C2687,63,Other,Miguelstad,2023-08-03,T3687,2025-03-26 11:26:18,20.35,Beauty,Cash on Delivery,5,16.77,16,"5G, fitness, home_decor, headphones",0,Occasional_Buyer
C2688,44,Male,Morrisberg,2023-10-24,T3688,2025-04-23 12:46:43,55.48,Fashion,Cash on Delivery,7,10.36,20,"eco_friendly, bluetooth",1,Occasional_Buyer
C2689,58,Male,Calderonfurt,2023-08-07,T3689,2025-04-09 01:03:22,146.83,Grocery,Card,6,10.3,3,"5G, home_decor, gaming, laptop",1,High_Spender
C2690,34,Female,North Anthony,2025-03-04,T3690,2025-04-23 12:32:14,96.66,Home,Wallet,14,11.01,24,"bluetooth, headphones",1,Occasional_Buyer
C2691,57,Male,Philiptown,2024-03-29,T3691,2025-04-21 21:53:26,124.49,Fitness,Card,10,11.14,4,"bluetooth, laptop",1,High_Spender
C2692,48,Female,Angelaland,2024-02-27,T3692,2025-04-20 18:40:27,34.58,Electronics,Wallet,13,11.09,6,"bluetooth, eco_friendly, home_decor",0,Occasional_Buyer
C2693,51,Male,Kendraburgh,2022-07-21,T3693,2025-04-14 08:56:52,41.49,Fashion,Cash on Delivery,2,6.3,15,"bluetooth, gaming, home_decor",0,Occasional_Buyer
C2694,41,Male,East Tommytown,2023-05-10,T3694,2025-03-29 23:47:34,40.03,Beauty,Wallet,3,12.56,18,"fitness, gaming, home_decor, smartphone",0,Occasional_Buyer
C2695,62,Other,Alisonville,2023-03-15,T3695,2025-04-04 13:40:44,17.04,Fashion,UPI,11,17.52,7,"5G, bluetooth, home_decor, smartphone",0,Loyal_Engaged
C2696,52,Female,Masonhaven,2022-09-03,T3696,2025-04-11 09:28:12,5.05,Fashion,Cash on Delivery,11,7.35,12,"smartphone, 5G, gaming, camera",0,Occasional_Buyer
C2697,23,Female,Bellton,2024-04-28,T3697,2025-04-18 19:05:46,71.51,Beauty,Wallet,4,9.88,19,"5G, gaming",1,Occasional_Buyer
C2698,36,Male,Jessicafort,2023-10-24,T3698,2025-04-07 14:55:16,362.38,Fitness,Card,5,5.88,13,"smartphone, fashion, camera, 5G",1,High_Spender
C2699,47,Female,North Sheri,2024-07-29,T3699,2025-04-01 04:00:38,14.6,Beauty,Card,9,12.26,7,"gaming, smartphone",0,Occasional_Buyer
C2700,24,Female,Combsburgh,2022-07-22,T3700,2025-04-09 00:50:30,3.82,Fitness,Cash on Delivery,6,12.25,17,"eco_friendly, organic, smartphone, headphones",0,Occasional_Buyer
C2701,27,Female,East Michaelport,2022-09-06,T3701,2025-04-09 16:05:36,120.96,Beauty,Card,1,5.49,6,"eco_friendly, fitness, fashion",1,High_Spender
C2702,58,Female,Roseshire,2022-10-30,T3702,2025-03-31 15:19:00,23.29,Electronics,Cash on Delivery,3,6.06,9,"eco_friendly, gaming, 5G",0,Occasional_Buyer
C2703,49,Female,East Charles,2023-08-07,T3703,2025-03-25 19:34:52,141.59,Fitness,Cash on Delivery,7,3.76,12,"fitness, bluetooth, laptop, smartphone",1,High_Spender
C2704,51,Male,Taylorfort,2022-05-12,T3704,2025-04-01 07:41:14,97.37,Electronics,Cash on Delivery,8,14.71,6,"fitness, headphones, organic",1,Occasional_Buyer
C2705,45,Male,Alexanderview,2023-03-06,T3705,2025-04-15 20:19:57,233.02,Fitness,Wallet,7,7.48,22,"laptop, bluetooth, headphones",1,High_Spender
C2706,32,Female,West Markfort,2024-05-12,T3706,2025-04-22 17:45:26,42.07,Fitness,Cash on Delivery,5,9.6,7,"eco_friendly, organic",0,Occasional_Buyer
C2707,47,Male,Angelaland,2023-06-30,T3707,2025-03-30 16:04:42,86.77,Beauty,Card,10,8.9,7,"laptop, gaming, fashion, organic",1,Occasional_Buyer
C2708,54,Female,South Lisa,2022-05-01,T3708,2025-03-29 06:26:49,50.02,Fitness,UPI,8,12.97,13,"home_decor, smartphone, headphones, 5G",0,Occasional_Buyer
C2709,46,Male,Smithhaven,2022-12-02,T3709,2025-04-05 05:39:13,79.67,Electronics,Wallet,9,11.98,21,"gaming, camera",1,Occasional_Buyer
C2710,39,Female,Payneberg,2024-09-14,T3710,2025-04-15 23:28:49,47.77,Beauty,Card,7,11.82,7,"gaming, bluetooth, camera, fashion",0,Occasional_Buyer
C2711,21,Female,North Juliaport,2023-03-11,T3711,2025-03-30 20:20:53,16.72,Home,Cash on Delivery,11,7.56,23,"headphones, laptop, smartphone, eco_friendly",0,Occasional_Buyer
C2712,37,Male,Codyport,2023-02-07,T3712,2025-04-04 20:37:06,56.73,Electronics,Cash on Delivery,9,12.04,10,"home_decor, bluetooth, fashion",1,Occasional_Buyer
C2713,49,Male,Kristinchester,2023-11-10,T3713,2025-04-11 04:55:34,60.16,Home,UPI,1,12.79,9,"smartphone, camera, headphones, eco_friendly",1,Occasional_Buyer
C2714,53,Male,Sharonfort,2023-02-08,T3714,2025-04-04 08:35:35,133.11,Fashion,Card,14,11.96,10,"organic, 5G, laptop, gaming",1,High_Spender
C2715,21,Female,South Ralph,2023-03-09,T3715,2025-03-27 18:17:30,106.4,Beauty,Wallet,9,6.13,15,"5G, laptop",1,Occasional_Buyer
C2716,44,Female,Lake Lisaport,2023-03-11,T3716,2025-04-04 02:34:18,87.2,Fashion,Card,3,6.61,7,"fashion, gaming, home_decor, headphones",1,Occasional_Buyer
C2717,34,Male,East Jamie,2022-05-24,T3717,2025-04-23 11:40:57,9.63,Beauty,Cash on Delivery,6,15.21,20,"gaming, laptop, fashion, fitness",0,Occasional_Buyer
C2718,29,Female,Greenberg,2022-12-27,T3718,2025-03-26 14:43:10,102.01,Beauty,Wallet,8,15.83,11,"smartphone, organic, home_decor, headphones",1,Occasional_Buyer
C2719,39,Male,Port Oliviahaven,2024-03-27,T3719,2025-03-26 06:53:57,55.5,Electronics,Cash on Delivery,3,9.79,4,"eco_friendly, camera",1,Occasional_Buyer
C2720,34,Female,West Judith,2023-06-30,T3720,2025-03-27 10:20:37,179.62,Home,Cash on Delivery,4,9.79,18,"camera, bluetooth",1,High_Spender
C2721,27,Other,South Brettfort,2024-07-03,T3721,2025-04-03 19:35:43,201.93,Beauty,Card,7,10.47,16,"smartphone, gaming, home_decor, bluetooth",1,High_Spender
C2722,18,Male,Williamton,2022-09-10,T3722,2025-04-15 19:00:12,4.54,Home,UPI,12,11.74,19,"gaming, 5G, smartphone, home_decor",0,Occasional_Buyer
C2723,39,Female,Theresafort,2022-08-29,T3723,2025-03-28 12:30:28,137.47,Beauty,Cash on Delivery,7,5.67,8,"fitness, camera, home_decor, eco_friendly",1,High_Spender
C2724,43,Male,South Codyberg,2022-05-29,T3724,2025-03-28 06:36:25,3.07,Home,Card,4,10.69,5,"gaming, smartphone, laptop",0,Occasional_Buyer
C2725,35,Male,Cliffordville,2023-04-26,T3725,2025-04-24 15:27:45,36.6,Fashion,Wallet,9,6.91,19,"gaming, organic",0,Occasional_Buyer
C2726,31,Male,Timothytown,2023-10-06,T3726,2025-04-02 21:25:56,62.52,Electronics,UPI,13,9.94,15,"smartphone, fashion, laptop",1,Occasional_Buyer
C2727,64,Male,Mariatown,2024-06-21,T3727,2025-04-18 01:41:39,12.82,Beauty,Cash on Delivery,3,7.35,8,"5G, camera",0,Occasional_Buyer
C2728,46,Female,South Jason,2023-11-25,T3728,2025-04-03 12:49:05,109.73,Grocery,Cash on Delivery,12,8.06,10,"organic, bluetooth, smartphone, eco_friendly",1,Occasional_Buyer
C2729,29,Male,Adkinschester,2023-09-09,T3729,2025-04-08 20:34:54,0.67,Home,Wallet,8,10.54,8,"home_decor, headphones",0,Occasional_Buyer
C2730,53,Female,South Michael,2023-04-24,T3730,2025-03-26 08:14:48,14.77,Home,Card,8,8.15,18,"headphones, organic",0,Occasional_Buyer
C2731,52,Male,New Angelicaside,2024-11-27,T3731,2025-03-31 06:13:41,69.55,Grocery,Cash on Delivery,13,6.7,8,"laptop, camera",1,Occasional_Buyer
C2732,29,Male,Michaelstad,2025-03-04,T3732,2025-03-29 03:54:57,100.25,Electronics,Wallet,4,14.36,19,"camera, laptop, bluetooth, smartphone",1,Occasional_Buyer
C2733,24,Female,New Danielland,2022-08-21,T3733,2025-04-11 21:54:00,198.77,Home,Cash on Delivery,7,6.75,23,"fashion, gaming",1,High_Spender
C2734,46,Other,New Rachel,2022-09-13,T3734,2025-04-03 16:45:45,97.8,Electronics,Card,4,3.07,5,"laptop, smartphone",1,Occasional_Buyer
C2735,28,Male,South Luisville,2024-09-26,T3735,2025-04-12 10:46:56,89.13,Home,UPI,13,11.71,14,"gaming, organic, fitness",1,Occasional_Buyer
C2736,50,Female,North Jessicachester,2023-03-16,T3736,2025-04-13 15:49:28,40.12,Fitness,Card,12,9.13,8,"headphones, camera",0,Occasional_Buyer
C2737,23,Female,Whitehaven,2023-02-15,T3737,2025-03-29 08:53:52,0.1,Home,Card,1,9.91,23,"gaming, smartphone, eco_friendly, home_decor",0,Occasional_Buyer
C2738,64,Female,Michaelborough,2025-01-22,T3738,2025-03-28 15:51:37,10.24,Fitness,Card,1,10.47,9,"fashion, gaming",0,Occasional_Buyer
C2739,32,Female,South Markborough,2024-01-30,T3739,2025-04-10 16:31:50,61.18,Beauty,Wallet,14,13.81,13,"5G, gaming",1,Loyal_Engaged
C2740,49,Male,Anitabury,2025-02-20,T3740,2025-04-05 23:45:46,89.95,Electronics,Cash on Delivery,1,15.59,11,"eco_friendly, gaming",1,Occasional_Buyer
C2741,28,Male,Port Cristianbury,2023-11-05,T3741,2025-04-19 21:07:56,43.23,Home,UPI,2,10.76,18,"camera, fashion",0,Occasional_Buyer
C2742,40,Female,South Christinamouth,2023-11-28,T3742,2025-03-30 20:16:00,104.95,Fashion,Wallet,6,6.47,7,"bluetooth, organic, home_decor, eco_friendly",1,Occasional_Buyer
C2743,43,Male,Morrisfort,2023-01-30,T3743,2025-04-10 17:51:13,59.03,Fashion,Card,12,10.44,17,"headphones, home_decor, gaming",1,Occasional_Buyer
C2744,51,Other,Jamesfort,2023-06-03,T3744,2025-03-30 19:11:42,6.17,Grocery,UPI,10,11.77,23,"fitness, organic, fashion, laptop",0,Occasional_Buyer
C2745,63,Male,Joshuaton,2022-12-19,T3745,2025-04-19 21:50:17,17.06,Fashion,Card,11,13.01,6,"fashion, smartphone, home_decor",0,Loyal_Engaged
C2746,51,Male,Laurenview,2025-02-18,T3746,2025-04-13 17:12:32,146.61,Fitness,Card,5,10.41,7,"headphones, gaming, camera, bluetooth",1,High_Spender
C2747,46,Female,East Anneville,2024-06-14,T3747,2025-03-29 03:19:40,103.25,Fashion,Card,11,8.32,9,"smartphone, fitness",1,Occasional_Buyer
C2748,21,Male,Riverastad,2023-02-06,T3748,2025-04-02 16:39:47,180.12,Fashion,UPI,2,7.28,5,"bluetooth, fitness, organic, eco_friendly",1,High_Spender
C2749,34,Female,Blakeport,2024-10-03,T3749,2025-04-11 10:06:18,10.0,Fashion,Cash on Delivery,8,9.65,6,"organic, smartphone, fashion, home_decor",0,Occasional_Buyer
C2750,52,Female,Janetmouth,2022-05-05,T3750,2025-04-23 12:20:37,370.21,Home,Card,9,5.5,17,"fitness, camera, smartphone, eco_friendly",1,High_Spender
C2751,30,Other,Lake Davidbury,2024-11-11,T3751,2025-04-02 19:26:16,18.8,Grocery,Cash on Delivery,7,11.18,4,"fashion, smartphone, 5G, organic",0,Occasional_Buyer
C2752,58,Female,Harrisfurt,2022-10-12,T3752,2025-03-26 06:31:17,0.95,Electronics,UPI,12,10.53,7,"gaming, organic, camera",0,Occasional_Buyer
C2753,56,Female,North Collinberg,2024-07-19,T3753,2025-04-23 18:09:49,476.89,Grocery,UPI,14,10.52,9,"organic, smartphone, eco_friendly, bluetooth",1,High_Spender
C2754,32,Female,Josephborough,2025-02-23,T3754,2025-04-22 05:47:14,26.4,Fitness,Card,12,12.15,24,"fitness, organic, laptop, eco_friendly",0,Loyal_Engaged
C2755,46,Other,Amandastad,2024-11-28,T3755,2025-04-02 03:03:48,88.21,Home,Cash on Delivery,9,14.35,19,"bluetooth, smartphone, camera, laptop",1,Occasional_Buyer
C2756,46,Male,Daisytown,2024-03-23,T3756,2025-04-08 11:11:52,15.55,Beauty,Cash on Delivery,4,9.79,10,"5G, organic, smartphone, gaming",0,Occasional_Buyer
C2757,28,Male,Lake Deborahchester,2024-03-03,T3757,2025-04-05 11:37:03,69.44,Home,Card,13,10.23,11,"bluetooth, fashion",1,Occasional_Buyer
C2758,49,Male,North Danamouth,2022-11-14,T3758,2025-04-03 15:10:24,187.5,Fashion,Wallet,7,8.89,12,"home_decor, eco_friendly, organic",1,High_Spender
C2759,19,Male,Russellmouth,2024-04-07,T3759,2025-03-31 13:42:33,30.87,Fashion,Wallet,5,11.65,13,"fashion, fitness, camera, organic",0,Occasional_Buyer
C2760,64,Female,Kellymouth,2022-06-11,T3760,2025-04-13 00:26:11,88.75,Fitness,UPI,5,9.98,3,"eco_friendly, smartphone, 5G, gaming",1,Occasional_Buyer
C2761,31,Female,Chadfort,2024-09-09,T3761,2025-04-09 18:42:29,16.65,Beauty,UPI,3,13.47,17,"smartphone, eco_friendly",0,Occasional_Buyer
C2762,37,Female,Allenside,2024-03-21,T3762,2025-04-12 08:02:15,78.42,Home,Wallet,9,13.4,10,"gaming, smartphone",1,Occasional_Buyer
C2763,39,Male,Hallfurt,2022-09-03,T3763,2025-03-29 04:54:40,32.81,Beauty,Wallet,13,10.95,21,"eco_friendly, camera, fitness",0,Occasional_Buyer
C2764,28,Female,Grossberg,2023-06-25,T3764,2025-04-22 16:18:38,18.98,Electronics,Wallet,10,9.76,14,"bluetooth, fashion",0,Occasional_Buyer
C2765,44,Male,East Keith,2022-12-15,T3765,2025-03-29 19:52:42,30.05,Grocery,Card,5,9.18,8,"eco_friendly, headphones, fitness",0,Occasional_Buyer
C2766,20,Female,East Craigtown,2023-04-04,T3766,2025-04-15 16:16:38,15.76,Home,Card,6,11.44,12,"headphones, fitness",0,Occasional_Buyer
C2767,34,Female,Lake Michaelstad,2023-02-13,T3767,2025-03-31 06:01:58,185.75,Beauty,Card,3,11.45,7,"home_decor, fitness, bluetooth",1,High_Spender
C2768,61,Male,Lake Kristin,2022-10-10,T3768,2025-04-17 09:02:53,40.49,Electronics,Card,10,9.18,9,"gaming, home_decor, headphones, organic",0,Occasional_Buyer
C2769,45,Male,Rebeccaton,2023-04-20,T3769,2025-03-31 18:35:04,22.51,Electronics,Card,7,10.87,9,"bluetooth, home_decor",0,Occasional_Buyer
C2770,46,Male,Ricardohaven,2024-07-13,T3770,2025-04-14 03:41:52,47.6,Grocery,Card,9,7.68,24,"eco_friendly, headphones, smartphone",0,Occasional_Buyer
C2771,38,Female,Kelseybury,2024-09-15,T3771,2025-04-02 13:21:22,30.92,Electronics,UPI,9,11.35,24,"gaming, 5G, smartphone, bluetooth",0,Occasional_Buyer
C2772,64,Other,Morrisview,2022-09-05,T3772,2025-04-07 10:28:02,109.14,Fitness,Cash on Delivery,14,7.93,11,"camera, laptop, headphones, smartphone",1,Occasional_Buyer
C2773,33,Female,Bridgeshaven,2023-07-28,T3773,2025-03-30 01:10:31,283.85,Electronics,UPI,13,12.32,17,"home_decor, smartphone",1,Loyal_Engaged
C2774,54,Male,Lake Denisefurt,2025-02-06,T3774,2025-04-03 02:13:35,46.11,Beauty,Cash on Delivery,10,9.05,8,"fitness, headphones, organic, laptop",0,Occasional_Buyer
C2775,37,Male,East Ivan,2023-12-14,T3775,2025-03-29 23:50:04,157.88,Fitness,UPI,14,15.02,18,"laptop, bluetooth, eco_friendly, smartphone",1,Loyal_Engaged
C2776,23,Female,Velezland,2025-02-16,T3776,2025-04-10 21:08:26,66.75,Electronics,UPI,10,10.12,9,"laptop, home_decor, organic",1,Occasional_Buyer
C2777,36,Female,East Wanda,2024-03-30,T3777,2025-04-07 05:50:44,13.69,Fashion,Card,5,10.71,17,"laptop, home_decor, bluetooth",0,Occasional_Buyer
C2778,22,Male,East Christine,2023-03-23,T3778,2025-04-10 16:57:32,93.86,Electronics,Card,7,5.8,4,"fashion, home_decor, fitness, camera",1,Occasional_Buyer
C2779,20,Male,Port Jessicashire,2024-09-08,T3779,2025-04-14 08:01:08,57.63,Fitness,Cash on Delivery,13,14.22,10,"fitness, 5G",1,Loyal_Engaged
C2780,18,Female,Lake Markbury,2024-03-12,T3780,2025-04-06 16:02:24,84.12,Electronics,Cash on Delivery,12,9.89,14,"bluetooth, headphones",1,Occasional_Buyer
C2781,55,Male,Garyside,2025-03-17,T3781,2025-04-17 15:33:17,176.35,Electronics,Card,12,15.22,13,"organic, laptop",1,Loyal_Engaged
C2782,32,Male,Pamelatown,2023-08-13,T3782,2025-04-13 02:46:11,46.45,Electronics,UPI,13,10.14,8,"laptop, home_decor, organic, headphones",0,Occasional_Buyer
C2783,51,Male,East Williamhaven,2023-11-12,T3783,2025-04-13 06:33:25,185.15,Fitness,Cash on Delivery,3,9.36,22,"5G, fashion, organic",1,High_Spender
C2784,52,Female,Andrewsview,2024-12-27,T3784,2025-04-01 21:22:55,111.12,Electronics,Wallet,6,8.47,15,"fitness, camera, eco_friendly",1,Occasional_Buyer
C2785,42,Female,South Corey,2022-10-24,T3785,2025-04-08 12:03:44,53.65,Grocery,Wallet,12,11.93,18,"eco_friendly, fitness, fashion",1,Occasional_Buyer
C2786,41,Other,Silvastad,2024-03-28,T3786,2025-04-16 07:08:32,73.95,Beauty,Wallet,8,11.56,10,"laptop, organic",1,Occasional_Buyer
C2787,29,Female,Osborneton,2022-05-26,T3787,2025-03-29 04:11:38,31.51,Grocery,Cash on Delivery,13,6.0,19,"home_decor, headphones",0,Occasional_Buyer
C2788,35,Female,Williamhaven,2024-11-07,T3788,2025-04-17 16:13:16,328.82,Fitness,Card,8,8.29,15,"fitness, laptop",1,High_Spender
C2789,32,Male,Oconnorberg,2024-12-08,T3789,2025-04-08 10:07:39,88.05,Fashion,Card,2,12.17,6,"home_decor, camera, bluetooth, fashion",1,Occasional_Buyer
C2790,61,Female,Lake Madeline,2023-05-23,T3790,2025-03-28 05:39:24,3.59,Grocery,Card,6,8.07,22,"home_decor, laptop, 5G, gaming",0,Occasional_Buyer
C2791,33,Male,North Madison,2023-01-20,T3791,2025-04-07 06:37:25,31.64,Beauty,Cash on Delivery,7,7.55,12,"headphones, bluetooth, organic, laptop",0,Occasional_Buyer
C2792,44,Female,Colonview,2022-05-24,T3792,2025-03-28 01:25:45,78.11,Home,Cash on Delivery,12,10.59,24,"gaming, smartphone, camera, headphones",1,Occasional_Buyer
C2793,25,Male,Jackview,2023-04-27,T3793,2025-03-30 13:00:41,4.64,Beauty,Wallet,7,10.26,22,"fashion, home_decor",0,Occasional_Buyer
C2794,63,Male,Angelaside,2023-06-08,T3794,2025-04-02 03:45:17,1.93,Grocery,Cash on Delivery,3,8.61,18,"5G, organic, laptop",0,Occasional_Buyer
C2795,42,Male,New Melissa,2022-10-06,T3795,2025-04-18 06:42:48,47.83,Home,Wallet,14,15.3,19,"home_decor, organic, laptop, headphones",0,Loyal_Engaged
C2796,34,Male,Thomastown,2024-05-27,T3796,2025-04-03 07:24:26,32.36,Fitness,Wallet,14,9.55,10,"home_decor, headphones",0,Occasional_Buyer
C2797,46,Male,Jonathanland,2022-11-23,T3797,2025-04-16 04:14:54,46.14,Beauty,Card,9,6.21,13,"fashion, 5G, smartphone, camera",0,Occasional_Buyer
C2798,25,Male,Pamelafort,2023-12-11,T3798,2025-04-20 01:02:19,24.38,Fashion,Cash on Delivery,2,5.14,7,"headphones, fitness, camera, bluetooth",0,Occasional_Buyer
C2799,32,Other,Castroport,2022-08-22,T3799,2025-04-02 10:40:04,14.4,Home,Card,11,13.07,23,"eco_friendly, bluetooth, headphones",0,Loyal_Engaged
C2800,44,Male,Robertport,2022-09-08,T3800,2025-04-21 04:56:43,93.47,Home,Card,3,6.71,18,"eco_friendly, 5G, headphones",1,Occasional_Buyer
C2801,63,Female,South Suzanneland,2023-02-20,T3801,2025-04-23 20:36:07,57.82,Beauty,Cash on Delivery,11,10.09,10,"eco_friendly, smartphone",1,Occasional_Buyer
C2802,24,Female,New Ianberg,2023-09-10,T3802,2025-04-09 12:11:10,17.87,Grocery,Cash on Delivery,2,7.38,23,"eco_friendly, smartphone, organic",0,Occasional_Buyer
C2803,20,Other,Valeriehaven,2022-06-23,T3803,2025-04-17 23:21:03,30.8,Home,UPI,11,9.69,18,"bluetooth, home_decor, organic",0,Occasional_Buyer
C2804,46,Female,Lake Victor,2024-07-04,T3804,2025-04-15 00:13:27,71.68,Fitness,Wallet,9,11.04,6,"home_decor, smartphone, fashion",1,Occasional_Buyer
C2805,61,Female,Meyershire,2024-06-16,T3805,2025-04-11 08:15:50,6.0,Beauty,UPI,4,5.9,8,"organic, home_decor, bluetooth, fashion",0,Occasional_Buyer
C2806,41,Male,New Deannashire,2023-04-19,T3806,2025-04-02 04:40:05,12.76,Fitness,Wallet,2,8.63,23,"laptop, fitness, headphones",0,Occasional_Buyer
C2807,20,Male,North Lisa,2022-10-25,T3807,2025-04-10 02:32:09,6.09,Beauty,Wallet,3,7.98,10,"eco_friendly, home_decor, camera, smartphone",0,Occasional_Buyer
C2808,37,Male,Lake Brittney,2023-08-12,T3808,2025-04-02 08:19:10,133.84,Fitness,Wallet,13,7.1,11,"headphones, eco_friendly, fitness, bluetooth",1,High_Spender
C2809,63,Female,Lake Briannaside,2023-08-27,T3809,2025-04-04 16:32:07,111.68,Grocery,Card,4,8.87,15,"eco_friendly, fashion",1,Occasional_Buyer
C2810,32,Female,East Daniel,2023-06-22,T3810,2025-04-10 16:17:54,111.97,Beauty,Card,14,8.13,19,"headphones, camera, smartphone, gaming",1,Occasional_Buyer
C2811,42,Male,South Karenville,2022-05-31,T3811,2025-04-19 22:42:56,100.79,Fashion,Cash on Delivery,10,12.62,11,"camera, headphones, gaming",1,Occasional_Buyer
C2812,47,Male,Jamesburgh,2024-05-04,T3812,2025-04-24 04:03:05,88.54,Grocery,Wallet,13,7.85,15,"camera, organic, home_decor, gaming",1,Occasional_Buyer
C2813,31,Female,West Steventown,2023-08-26,T3813,2025-04-18 01:10:45,51.85,Fitness,Wallet,6,11.35,11,"headphones, organic, fashion, bluetooth",0,Occasional_Buyer
C2814,24,Male,Smithburgh,2023-12-01,T3814,2025-03-27 08:44:36,82.24,Beauty,Wallet,5,11.25,8,"camera, home_decor, organic, headphones",1,Occasional_Buyer
C2815,34,Female,East Cynthia,2023-08-14,T3815,2025-04-18 15:52:09,3.13,Grocery,Card,3,5.5,12,"organic, smartphone, gaming, home_decor",0,Occasional_Buyer
C2816,61,Female,Lake Andrewshire,2024-05-27,T3816,2025-04-05 01:56:23,77.72,Fitness,Cash on Delivery,10,8.48,7,"laptop, smartphone, fashion, gaming",1,Occasional_Buyer
C2817,37,Female,Masseyton,2022-12-02,T3817,2025-04-19 05:30:10,120.36,Electronics,Card,8,9.67,9,"gaming, home_decor, headphones, 5G",1,High_Spender
C2818,53,Female,Lake Jeremytown,2024-09-20,T3818,2025-03-27 09:59:25,55.51,Electronics,UPI,8,10.8,13,"smartphone, organic",1,Occasional_Buyer
C2819,26,Female,North Dale,2024-10-10,T3819,2025-04-21 01:53:41,35.39,Home,UPI,7,9.29,11,"fashion, smartphone, laptop, organic",0,Occasional_Buyer
C2820,55,Female,East Marissamouth,2023-12-27,T3820,2025-04-06 22:21:11,25.99,Fashion,UPI,3,13.13,12,"5G, headphones",0,Occasional_Buyer
C2821,39,Female,East Donna,2024-08-20,T3821,2025-04-03 04:54:17,82.36,Electronics,Cash on Delivery,14,10.31,13,"home_decor, smartphone, eco_friendly, organic",1,Occasional_Buyer
C2822,19,Female,Wrightshire,2024-09-23,T3822,2025-04-13 16:27:20,94.42,Fitness,UPI,1,11.34,5,"eco_friendly, fitness",1,Occasional_Buyer
C2823,41,Male,West Ericside,2023-04-14,T3823,2025-04-08 06:58:37,163.82,Grocery,Cash on Delivery,5,8.22,10,"fashion, home_decor, camera",1,High_Spender
C2824,25,Male,Mitchellton,2023-04-18,T3824,2025-04-08 00:52:30,33.52,Beauty,Card,1,11.38,19,"fitness, eco_friendly, camera, smartphone",0,Occasional_Buyer
C2825,28,Male,New Felicia,2022-09-04,T3825,2025-04-04 14:06:24,117.49,Grocery,Card,6,15.81,9,"laptop, organic, fitness",1,Occasional_Buyer
C2826,30,Male,Murrayside,2023-03-24,T3826,2025-04-20 18:23:58,65.93,Home,Cash on Delivery,11,11.58,14,"fitness, laptop",1,Occasional_Buyer
C2827,34,Female,Davisland,2024-10-03,T3827,2025-03-31 19:47:25,171.53,Grocery,Card,7,13.31,18,"home_decor, 5G, fitness, bluetooth",1,High_Spender
C2828,25,Female,Yorkfurt,2024-11-21,T3828,2025-04-19 16:25:06,60.03,Electronics,Card,12,9.13,17,"laptop, organic, gaming, fashion",1,Occasional_Buyer
C2829,38,Male,Mosesfort,2023-12-22,T3829,2025-03-28 10:48:03,58.32,Grocery,Cash on Delivery,5,12.77,23,"5G, fashion",1,Occasional_Buyer
C2830,35,Male,Brandonview,2024-05-25,T3830,2025-03-30 01:31:00,69.0,Electronics,UPI,4,13.03,15,"organic, headphones, fitness",1,Occasional_Buyer
C2831,47,Other,Joannstad,2022-07-29,T3831,2025-03-31 21:38:39,110.68,Electronics,Cash on Delivery,2,10.74,20,"gaming, 5G",1,Occasional_Buyer
C2832,35,Male,Bakerview,2022-06-07,T3832,2025-04-15 10:02:57,267.49,Fashion,Wallet,5,9.78,20,"fashion, 5G, home_decor, camera",1,High_Spender
C2833,63,Female,Jonesville,2022-08-02,T3833,2025-04-02 00:18:47,6.11,Home,Card,9,5.51,7,"laptop, fashion",0,Occasional_Buyer
C2834,64,Female,West Teresa,2024-04-30,T3834,2025-03-31 15:30:41,4.39,Fitness,Cash on Delivery,4,9.9,16,"laptop, camera, organic",0,Occasional_Buyer
C2835,48,Female,Atkinstown,2024-02-05,T3835,2025-04-08 04:03:13,221.87,Electronics,Card,14,11.7,13,"smartphone, fitness, organic",1,High_Spender
C2836,55,Male,Kristachester,2024-03-07,T3836,2025-03-30 05:35:45,60.38,Beauty,UPI,2,7.7,5,"gaming, bluetooth, smartphone",1,Occasional_Buyer
C2837,49,Male,Lake Monicafort,2024-01-24,T3837,2025-04-11 20:40:20,76.34,Home,Card,13,6.19,19,"fitness, home_decor",1,Occasional_Buyer
C2838,28,Male,South Johnny,2023-10-23,T3838,2025-04-21 18:52:02,52.69,Fitness,Cash on Delivery,6,10.31,14,"organic, eco_friendly, smartphone",0,Occasional_Buyer
C2839,62,Female,West Victoriaville,2024-10-04,T3839,2025-03-31 12:11:02,7.87,Beauty,UPI,8,10.69,5,"fashion, 5G, camera",0,Occasional_Buyer
C2840,42,Female,Lynnport,2024-06-15,T3840,2025-04-20 06:16:49,116.91,Grocery,UPI,2,5.96,4,"eco_friendly, headphones, fashion",1,Occasional_Buyer
C2841,50,Male,Wayneview,2022-12-02,T3841,2025-04-12 15:04:54,110.02,Home,UPI,9,10.12,6,"camera, fashion",1,Occasional_Buyer
C2842,55,Female,Lake Jeremyside,2023-05-20,T3842,2025-04-15 14:51:48,29.88,Beauty,Wallet,7,10.87,20,"camera, eco_friendly, fashion",0,Occasional_Buyer
C2843,58,Female,Charlesborough,2023-06-18,T3843,2025-03-30 00:58:58,29.25,Home,Cash on Delivery,14,13.96,22,"organic, gaming",0,Loyal_Engaged
C2844,25,Male,Jamesside,2022-05-05,T3844,2025-03-27 23:20:41,145.53,Home,Cash on Delivery,13,8.57,23,"5G, headphones",1,High_Spender
C2845,28,Female,Ramirezchester,2022-08-07,T3845,2025-04-15 15:34:18,6.01,Grocery,UPI,2,16.26,16,"organic, headphones, home_decor",0,Occasional_Buyer
C2846,39,Female,Harpermouth,2022-08-27,T3846,2025-03-27 18:25:29,170.36,Grocery,Card,11,10.16,10,"fashion, headphones",1,High_Spender
C2847,41,Male,Shieldsfort,2022-08-14,T3847,2025-04-22 08:45:47,23.73,Home,UPI,5,6.39,4,"bluetooth, laptop",0,Occasional_Buyer
C2848,58,Male,North Francis,2022-09-03,T3848,2025-04-19 13:27:57,71.91,Beauty,Wallet,5,9.01,21,"headphones, eco_friendly",1,Occasional_Buyer
C2849,34,Female,Coletown,2024-11-04,T3849,2025-03-29 08:54:20,219.9,Fashion,UPI,7,6.66,12,"home_decor, camera, fitness",1,High_Spender
C2850,29,Female,Lake Thomaschester,2022-12-21,T3850,2025-04-14 20:54:24,90.69,Electronics,Cash on Delivery,13,9.5,7,"home_decor, fitness",1,Occasional_Buyer
C2851,63,Female,Seanfort,2023-06-18,T3851,2025-04-10 04:10:09,42.81,Grocery,UPI,5,11.41,13,"camera, smartphone, fashion, organic",0,Occasional_Buyer
C2852,49,Female,Port Williamland,2023-06-21,T3852,2025-04-11 06:52:34,93.57,Fashion,Card,11,10.8,11,"5G, smartphone",1,Occasional_Buyer
C2853,32,Female,New Sara,2022-09-14,T3853,2025-03-27 13:13:41,33.73,Grocery,Cash on Delivery,14,6.61,18,"laptop, eco_friendly, home_decor",0,Occasional_Buyer
C2854,33,Male,Michaelmouth,2022-10-29,T3854,2025-04-02 21:26:11,25.98,Home,Card,6,6.24,7,"organic, smartphone, 5G, fitness",0,Occasional_Buyer
C2855,39,Female,Port Deborahstad,2023-06-04,T3855,2025-03-31 20:37:24,456.7,Fashion,UPI,14,11.26,17,"5G, home_decor, laptop, camera",1,High_Spender
C2856,45,Female,Burketown,2023-06-11,T3856,2025-04-14 00:31:52,111.16,Beauty,Cash on Delivery,9,11.93,16,"bluetooth, home_decor, fitness",1,Occasional_Buyer
C2857,37,Male,Kyleborough,2023-07-20,T3857,2025-04-03 13:19:02,82.79,Beauty,Wallet,3,8.53,11,"organic, fashion, bluetooth, gaming",1,Occasional_Buyer
C2858,50,Female,New Markborough,2023-06-16,T3858,2025-04-18 10:33:49,35.12,Fitness,Cash on Delivery,3,2.39,22,"home_decor, 5G, fashion, fitness",0,Occasional_Buyer
C2859,27,Female,South Bryanview,2022-11-17,T3859,2025-04-11 15:31:09,4.03,Electronics,Card,8,6.52,7,"laptop, smartphone, bluetooth",0,Occasional_Buyer
C2860,57,Male,Port Ronald,2022-10-14,T3860,2025-03-31 05:22:35,2.52,Electronics,Cash on Delivery,10,12.96,17,"fashion, home_decor, gaming",0,Occasional_Buyer
C2861,49,Other,Charleshaven,2024-05-23,T3861,2025-04-12 00:30:48,64.63,Grocery,Wallet,12,7.78,11,"fashion, home_decor, fitness",1,Occasional_Buyer
C2862,50,Male,Kruegerbury,2022-09-13,T3862,2025-03-28 05:40:40,114.85,Electronics,Wallet,6,8.96,6,"headphones, camera, smartphone",1,Occasional_Buyer
C2863,19,Male,South Thomas,2024-07-31,T3863,2025-04-19 00:47:29,61.67,Fitness,Wallet,12,11.66,23,"gaming, organic",1,Occasional_Buyer
C2864,50,Male,Burchland,2024-10-27,T3864,2025-03-30 20:37:29,147.0,Beauty,Wallet,10,9.08,23,"gaming, 5G",1,High_Spender
C2865,50,Female,North Robertville,2022-10-17,T3865,2025-04-21 01:27:31,2.72,Fashion,Card,3,14.19,6,"fashion, laptop, camera, 5G",0,Occasional_Buyer
C2866,58,Female,Smithville,2023-01-23,T3866,2025-04-19 04:13:07,36.55,Fashion,Cash on Delivery,2,8.88,22,"headphones, laptop, organic",0,Occasional_Buyer
C2867,30,Male,Barkertown,2025-02-10,T3867,2025-03-31 04:51:09,21.65,Beauty,UPI,13,7.42,23,"5G, laptop",0,Occasional_Buyer
C2868,47,Female,Port Williamborough,2024-06-11,T3868,2025-04-23 11:54:56,47.43,Home,Wallet,2,13.55,24,"laptop, camera, gaming, headphones",0,Occasional_Buyer
C2869,50,Male,South Alexander,2024-11-16,T3869,2025-03-29 21:41:58,6.01,Beauty,UPI,2,10.14,9,"eco_friendly, gaming, laptop, home_decor",0,Occasional_Buyer
C2870,30,Female,South Ericfort,2023-04-19,T3870,2025-04-07 03:05:26,246.56,Fashion,UPI,5,6.76,17,"5G, fitness",1,High_Spender
C2871,43,Female,Robertshire,2022-09-05,T3871,2025-04-17 14:02:00,20.21,Grocery,Cash on Delivery,12,11.42,24,"eco_friendly, headphones, 5G",0,Occasional_Buyer
C2872,39,Male,West Gerald,2024-05-27,T3872,2025-04-22 23:37:09,204.4,Fitness,UPI,5,9.12,19,"headphones, fitness, 5G, laptop",1,High_Spender
C2873,56,Other,Parkerburgh,2023-01-27,T3873,2025-04-03 03:24:59,44.4,Beauty,UPI,1,6.56,20,"camera, 5G, bluetooth, eco_friendly",0,Occasional_Buyer
C2874,19,Male,Victoriamouth,2023-09-04,T3874,2025-04-24 14:27:43,338.82,Home,Card,2,10.29,9,"headphones, fitness",1,High_Spender
C2875,55,Male,Aprilside,2025-02-16,T3875,2025-04-12 17:27:50,64.61,Grocery,UPI,2,9.53,21,"laptop, eco_friendly, fashion, fitness",1,Occasional_Buyer
C2876,56,Female,East Bryanton,2023-04-11,T3876,2025-04-01 01:57:39,213.7,Beauty,Cash on Delivery,4,4.94,12,"5G, headphones, fitness",1,High_Spender
C2877,43,Other,West Dawnport,2024-06-19,T3877,2025-04-08 22:44:52,0.43,Grocery,UPI,7,6.82,15,"5G, home_decor",0,Occasional_Buyer
C2878,63,Male,New Blake,2025-01-09,T3878,2025-03-27 09:23:25,110.34,Beauty,Cash on Delivery,3,15.6,4,"fitness, bluetooth",1,Occasional_Buyer
C2879,32,Male,Kaitlintown,2023-06-14,T3879,2025-04-24 11:49:44,186.69,Grocery,Wallet,5,10.24,24,"laptop, camera, eco_friendly",1,High_Spender
C2880,51,Male,Emilyfort,2024-06-04,T3880,2025-04-20 01:26:05,12.04,Electronics,UPI,11,14.04,22,"gaming, bluetooth, camera, home_decor",0,Loyal_Engaged
C2881,59,Female,West Christopherstad,2025-02-27,T3881,2025-04-23 18:04:16,8.09,Grocery,UPI,9,10.93,13,"home_decor, laptop, 5G, camera",0,Occasional_Buyer
C2882,61,Male,Lake Joel,2024-04-09,T3882,2025-04-06 17:14:58,44.21,Electronics,UPI,5,13.71,7,"smartphone, bluetooth, laptop, organic",0,Occasional_Buyer
C2883,57,Female,Alicialand,2022-10-16,T3883,2025-04-18 11:12:03,217.06,Fashion,Wallet,9,11.67,8,"organic, headphones, fashion",1,High_Spender
C2884,28,Other,East Emilymouth,2022-07-26,T3884,2025-04-13 11:39:26,62.54,Electronics,Card,1,7.16,5,"fitness, fashion",1,Occasional_Buyer
C2885,20,Female,Davismouth,2024-12-17,T3885,2025-04-13 12:25:04,59.97,Grocery,UPI,9,11.82,3,"eco_friendly, headphones, bluetooth",1,Occasional_Buyer
C2886,23,Male,Port Sarahfurt,2022-06-24,T3886,2025-03-30 18:14:37,12.17,Fitness,Cash on Delivery,14,7.14,5,"5G, laptop, bluetooth, gaming",0,Occasional_Buyer
C2887,26,Male,New Davidmouth,2025-01-21,T3887,2025-04-22 18:16:15,0.06,Fitness,Card,5,12.79,5,"eco_friendly, camera",0,Occasional_Buyer
C2888,23,Male,Jimmyside,2025-02-21,T3888,2025-04-05 12:12:23,132.92,Fashion,Card,8,10.65,24,"fitness, bluetooth, gaming",1,High_Spender
C2889,26,Female,Dawsonton,2024-02-26,T3889,2025-04-18 06:45:08,7.33,Grocery,Card,5,10.06,6,"fashion, eco_friendly, 5G",0,Occasional_Buyer
C2890,56,Male,Port Michelle,2024-07-02,T3890,2025-04-10 07:04:17,80.38,Electronics,UPI,14,8.68,9,"fitness, laptop, smartphone, headphones",1,Occasional_Buyer
C2891,48,Male,Lake Carol,2023-09-21,T3891,2025-04-16 13:33:38,196.85,Fitness,Wallet,12,12.4,17,"laptop, headphones, home_decor",1,Loyal_Engaged
C2892,49,Female,New Josephmouth,2023-07-19,T3892,2025-04-05 10:45:56,18.72,Beauty,Wallet,6,9.53,13,"bluetooth, laptop, headphones, home_decor",0,Occasional_Buyer
C2893,58,Male,Richardside,2025-03-04,T3893,2025-04-06 11:06:13,87.56,Home,UPI,8,4.27,20,"headphones, organic",1,Occasional_Buyer
C2894,29,Female,East Timothyville,2024-11-05,T3894,2025-04-18 15:13:53,6.56,Grocery,Cash on Delivery,2,4.86,14,"organic, home_decor",0,Occasional_Buyer
C2895,25,Male,Jenniferchester,2022-10-14,T3895,2025-03-29 14:17:17,74.06,Beauty,Cash on Delivery,3,6.19,6,"5G, smartphone, laptop, fitness",1,Occasional_Buyer
C2896,25,Female,South Lindseybury,2022-09-23,T3896,2025-04-05 23:55:53,14.32,Beauty,Cash on Delivery,11,12.35,13,"smartphone, camera",0,Loyal_Engaged
C2897,45,Other,East Justin,2022-10-09,T3897,2025-04-18 03:17:32,106.53,Grocery,UPI,9,12.58,8,"home_decor, fashion",1,Occasional_Buyer
C2898,37,Female,West Monica,2025-02-12,T3898,2025-04-18 20:33:22,28.67,Home,Wallet,5,10.97,21,"smartphone, headphones, bluetooth, laptop",0,Occasional_Buyer
C2899,64,Other,West Jeffrey,2023-01-24,T3899,2025-04-05 02:05:44,49.8,Fitness,UPI,5,10.94,20,"gaming, smartphone, fitness, bluetooth",0,Occasional_Buyer
C2900,24,Male,Emilymouth,2024-06-01,T3900,2025-04-18 04:13:18,73.19,Home,Wallet,9,14.34,17,"fashion, bluetooth",1,Occasional_Buyer
C2901,28,Female,South Lisabury,2023-10-14,T3901,2025-04-14 16:30:50,15.03,Fashion,Card,10,11.03,5,"smartphone, fashion, camera",0,Occasional_Buyer
C2902,37,Female,East Michaelland,2025-02-13,T3902,2025-03-31 16:12:27,108.27,Electronics,UPI,3,11.91,19,"gaming, home_decor, eco_friendly, smartphone",1,Occasional_Buyer
C2903,33,Female,Port Lisabury,2023-09-22,T3903,2025-04-14 22:39:57,28.84,Electronics,Wallet,14,9.97,3,"home_decor, headphones, eco_friendly, gaming",0,Occasional_Buyer
C2904,21,Male,Port Brian,2024-10-13,T3904,2025-04-18 05:42:50,86.86,Beauty,Card,4,8.62,4,"bluetooth, gaming",1,Occasional_Buyer
C2905,23,Male,Donaldborough,2022-06-17,T3905,2025-04-10 13:08:06,13.78,Fitness,Card,7,9.16,21,"gaming, smartphone, fitness",0,Occasional_Buyer
C2906,39,Male,New Denniston,2024-09-01,T3906,2025-04-24 00:50:38,93.21,Home,UPI,2,16.15,11,"bluetooth, fitness, camera, 5G",1,Occasional_Buyer
C2907,43,Male,Richardville,2024-12-17,T3907,2025-03-25 23:47:47,10.97,Beauty,Wallet,8,6.74,10,"gaming, home_decor, laptop, camera",0,Occasional_Buyer
C2908,20,Male,Port Duaneberg,2022-08-06,T3908,2025-04-16 05:58:56,44.32,Grocery,Card,5,10.94,14,"smartphone, fitness, fashion",0,Occasional_Buyer
C2909,58,Female,West Gloria,2022-06-17,T3909,2025-04-18 09:46:21,22.72,Beauty,UPI,1,5.45,17,"home_decor, camera, organic, fashion",0,Occasional_Buyer
C2910,59,Male,Craigton,2022-07-05,T3910,2025-04-04 22:50:57,110.39,Grocery,Card,3,8.17,9,"smartphone, eco_friendly, fashion",1,Occasional_Buyer
C2911,31,Male,South Timothy,2023-08-26,T3911,2025-04-19 11:51:52,24.31,Grocery,Cash on Delivery,9,12.32,23,"fashion, gaming, camera",0,Occasional_Buyer
C2912,28,Female,Port Jenniferside,2022-11-15,T3912,2025-04-24 13:24:37,170.77,Fashion,UPI,5,4.57,18,"eco_friendly, fitness",1,High_Spender
C2913,35,Female,Lake Krista,2024-05-17,T3913,2025-04-03 12:45:40,177.92,Fashion,Card,8,12.71,9,"fitness, camera, headphones",1,High_Spender
C2914,29,Female,New Davidhaven,2023-10-24,T3914,2025-04-23 11:06:36,17.5,Grocery,UPI,1,16.14,22,"smartphone, organic, bluetooth",0,Occasional_Buyer
C2915,40,Female,North Julianfurt,2022-10-29,T3915,2025-04-06 03:25:18,76.12,Fitness,UPI,14,11.1,23,"home_decor, fashion, smartphone, laptop",1,Occasional_Buyer
C2916,29,Male,West Jeffreytown,2023-06-19,T3916,2025-04-17 07:07:47,7.34,Fashion,Wallet,7,13.79,14,"bluetooth, 5G, home_decor",0,Occasional_Buyer
C2917,30,Female,East Larryshire,2023-09-08,T3917,2025-04-10 03:30:05,39.75,Fashion,Wallet,7,10.74,19,"smartphone, organic",0,Occasional_Buyer
C2918,42,Female,North Lancefurt,2024-10-03,T3918,2025-04-02 12:36:45,99.95,Electronics,Card,8,12.13,13,"bluetooth, organic",1,Occasional_Buyer
C2919,62,Male,Jeannebury,2022-07-13,T3919,2025-04-02 20:05:11,86.17,Beauty,UPI,3,11.36,6,"camera, laptop",1,Occasional_Buyer
C2920,36,Female,Jenniferland,2024-09-15,T3920,2025-03-27 02:05:55,78.4,Electronics,UPI,1,8.47,21,"smartphone, home_decor, eco_friendly",1,Occasional_Buyer
C2921,63,Other,West Sandraview,2023-10-23,T3921,2025-04-06 00:54:52,26.56,Fitness,Cash on Delivery,11,8.2,4,"organic, camera, fitness",0,Occasional_Buyer
C2922,53,Male,Brendamouth,2023-01-15,T3922,2025-03-27 02:52:53,37.99,Fashion,UPI,9,13.54,4,"camera, headphones, fashion",0,Occasional_Buyer
C2923,62,Male,Rollinsville,2022-08-02,T3923,2025-04-23 08:26:47,8.69,Fashion,Wallet,1,9.87,19,"5G, eco_friendly",0,Occasional_Buyer
C2924,25,Male,Robertville,2023-08-26,T3924,2025-03-30 14:30:56,101.56,Home,UPI,11,9.57,11,"fitness, laptop, home_decor",1,Occasional_Buyer
C2925,46,Male,Brettview,2022-08-04,T3925,2025-03-30 22:40:03,56.08,Fitness,Wallet,6,9.51,24,"home_decor, laptop",1,Occasional_Buyer
C2926,49,Male,Port Ryan,2023-09-30,T3926,2025-04-04 15:58:16,98.69,Beauty,Cash on Delivery,9,10.92,3,"fashion, headphones, bluetooth",1,Occasional_Buyer
C2927,61,Female,Tiffanyfort,2023-10-20,T3927,2025-04-22 06:11:44,22.9,Beauty,Card,14,6.44,12,"organic, headphones",0,Occasional_Buyer
C2928,35,Male,North Tina,2024-11-08,T3928,2025-03-28 13:38:43,31.38,Beauty,Wallet,2,9.45,17,"headphones, organic, 5G, gaming",0,Occasional_Buyer
C2929,23,Other,Thomasville,2023-02-09,T3929,2025-04-18 17:29:06,32.54,Fitness,Card,4,10.93,23,"organic, laptop",0,Occasional_Buyer
C2930,35,Female,Mosleybury,2022-12-09,T3930,2025-04-04 02:04:04,2.09,Home,Card,2,6.16,17,"fashion, bluetooth, laptop, organic",0,Occasional_Buyer
C2931,36,Female,West Loriborough,2022-11-15,T3931,2025-04-18 10:23:34,33.37,Home,Card,4,10.63,23,"camera, home_decor",0,Occasional_Buyer
C2932,39,Female,West Jesus,2023-05-28,T3932,2025-04-06 10:03:59,130.09,Electronics,Card,2,7.31,4,"eco_friendly, smartphone, fitness",1,High_Spender
C2933,54,Male,South Alexandra,2024-06-08,T3933,2025-04-14 20:06:55,182.07,Fitness,Wallet,12,10.94,16,"organic, laptop",1,High_Spender
C2934,49,Female,South Shawn,2024-09-21,T3934,2025-03-29 22:56:26,58.42,Fitness,Cash on Delivery,1,16.48,6,"laptop, headphones, fashion, organic",1,Occasional_Buyer
C2935,58,Female,West Rickyberg,2024-10-16,T3935,2025-04-15 00:01:53,48.63,Home,UPI,11,9.64,20,"organic, headphones",0,Occasional_Buyer
C2936,20,Female,Peterport,2022-11-19,T3936,2025-04-08 15:20:57,2.5,Grocery,Wallet,3,6.76,11,"5G, organic",0,Occasional_Buyer
C2937,45,Female,Lisaborough,2022-06-22,T3937,2025-04-17 15:19:28,169.09,Grocery,Cash on Delivery,8,10.71,4,"laptop, organic, headphones, camera",1,High_Spender
C2938,27,Male,North Jacob,2023-05-31,T3938,2025-04-12 19:49:22,1.05,Electronics,UPI,5,11.42,4,"headphones, fitness, organic, bluetooth",0,Occasional_Buyer
C2939,52,Other,Charleschester,2022-10-03,T3939,2025-04-13 13:20:09,231.67,Grocery,Card,4,7.19,20,"smartphone, bluetooth, gaming",1,High_Spender
C2940,46,Male,Duncanfurt,2024-08-03,T3940,2025-03-27 08:55:52,53.74,Grocery,UPI,5,4.84,19,"laptop, headphones, smartphone, fitness",1,Occasional_Buyer
C2941,32,Female,West Shawnville,2024-03-21,T3941,2025-04-03 03:13:19,33.48,Grocery,UPI,6,7.2,11,"fashion, organic, smartphone",0,Occasional_Buyer
C2942,50,Other,Lake Justinhaven,2023-03-22,T3942,2025-04-07 16:34:08,206.39,Fashion,Cash on Delivery,6,9.85,10,"gaming, headphones, smartphone",1,High_Spender
C2943,24,Male,North Timothy,2022-10-29,T3943,2025-03-28 08:18:04,1.98,Electronics,UPI,5,8.63,4,"home_decor, 5G, camera, fashion",0,Occasional_Buyer
C2944,29,Female,Lake Connorport,2023-11-19,T3944,2025-03-30 02:48:06,69.67,Home,Card,12,13.23,4,"bluetooth, 5G",1,Loyal_Engaged
C2945,47,Male,Lake Vernonbury,2024-11-19,T3945,2025-04-07 23:25:41,63.69,Grocery,Wallet,11,11.55,7,"camera, smartphone",1,Occasional_Buyer
C2946,38,Male,Geraldside,2023-01-17,T3946,2025-04-06 20:56:47,19.81,Beauty,Wallet,12,10.31,14,"smartphone, fashion, 5G",0,Occasional_Buyer
C2947,48,Female,East Michaeltown,2022-12-04,T3947,2025-03-29 10:29:08,44.81,Fashion,Cash on Delivery,6,4.77,18,"organic, home_decor, eco_friendly, smartphone",0,Occasional_Buyer
C2948,41,Female,New Wayne,2022-08-31,T3948,2025-04-12 10:42:00,84.5,Grocery,Card,9,11.89,16,"home_decor, organic, laptop",1,Occasional_Buyer
C2949,37,Other,South Jessica,2024-01-01,T3949,2025-04-01 00:06:37,103.9,Fashion,Card,5,15.94,22,"5G, smartphone, organic, gaming",1,Occasional_Buyer
C2950,54,Female,Tamarabury,2024-09-28,T3950,2025-03-31 13:43:23,0.06,Electronics,UPI,13,12.59,4,"headphones, laptop, bluetooth",0,Loyal_Engaged
C2951,21,Female,South Richard,2024-08-17,T3951,2025-04-18 00:11:17,220.98,Beauty,Cash on Delivery,6,8.03,10,"home_decor, 5G, camera",1,High_Spender
C2952,45,Female,Brandyville,2023-07-29,T3952,2025-04-07 06:04:55,14.38,Beauty,Card,4,9.59,6,"bluetooth, fashion, smartphone",0,Occasional_Buyer
C2953,61,Other,Johnsonport,2024-09-05,T3953,2025-04-10 12:35:47,21.28,Beauty,Card,13,11.38,22,"eco_friendly, fashion, fitness, home_decor",0,Occasional_Buyer
C2954,37,Male,Marymouth,2022-10-27,T3954,2025-04-01 22:47:37,24.46,Grocery,Card,3,14.16,11,"5G, laptop",0,Occasional_Buyer
C2955,41,Other,Robertfurt,2024-07-12,T3955,2025-03-28 19:17:53,3.08,Fashion,Wallet,13,7.88,22,"home_decor, organic",0,Occasional_Buyer
C2956,49,Male,Michaelview,2022-09-15,T3956,2025-04-16 09:19:10,10.5,Beauty,Wallet,12,8.6,21,"gaming, smartphone, bluetooth",0,Occasional_Buyer
C2957,58,Female,South Katie,2024-05-03,T3957,2025-04-14 07:08:21,343.52,Fitness,Wallet,6,9.87,4,"camera, smartphone, eco_friendly, gaming",1,High_Spender
C2958,53,Male,South Maryfort,2024-05-19,T3958,2025-03-28 06:01:03,30.29,Fitness,UPI,11,9.61,18,"home_decor, organic, 5G",0,Occasional_Buyer
C2959,51,Male,Charlesbury,2023-11-22,T3959,2025-04-14 22:36:20,9.8,Fashion,UPI,11,12.38,13,"smartphone, camera",0,Loyal_Engaged
C2960,53,Male,Port Michael,2024-03-31,T3960,2025-04-01 19:33:40,9.05,Grocery,UPI,5,10.79,10,"5G, bluetooth, fashion, gaming",0,Occasional_Buyer
C2961,19,Female,Lake Stacey,2022-06-27,T3961,2025-04-17 15:47:15,101.68,Grocery,Card,4,5.81,14,"organic, eco_friendly",1,Occasional_Buyer
C2962,32,Male,South Patriciafurt,2022-06-18,T3962,2025-03-27 05:06:06,154.24,Electronics,Wallet,5,8.03,5,"gaming, organic",1,High_Spender
C2963,51,Male,West Alex,2025-03-08,T3963,2025-04-09 08:19:18,23.76,Electronics,Card,7,8.12,15,"gaming, organic, bluetooth",0,Occasional_Buyer
C2964,53,Female,Tinatown,2022-09-16,T3964,2025-04-03 01:41:38,1.69,Beauty,Card,1,3.36,4,"laptop, 5G",0,Occasional_Buyer
C2965,23,Other,Martinton,2023-07-14,T3965,2025-04-11 02:08:18,20.19,Home,Cash on Delivery,14,12.79,15,"home_decor, headphones, organic",0,Loyal_Engaged
C2966,56,Male,Elaineshire,2024-07-30,T3966,2025-04-09 03:40:36,4.65,Electronics,Card,1,10.4,10,"bluetooth, smartphone",0,Occasional_Buyer
C2967,59,Male,West Emilyview,2023-08-02,T3967,2025-04-12 13:34:16,8.73,Grocery,UPI,11,8.38,17,"5G, laptop, fitness, headphones",0,Occasional_Buyer
C2968,29,Male,Benjaminberg,2024-05-31,T3968,2025-04-03 15:48:50,45.18,Home,Wallet,13,12.71,23,"smartphone, laptop, headphones, home_decor",0,Loyal_Engaged
C2969,20,Male,South Alyssahaven,2023-04-04,T3969,2025-04-14 08:14:32,20.9,Electronics,Wallet,1,10.9,11,"5G, smartphone, fitness, laptop",0,Occasional_Buyer
C2970,62,Female,Parsonstown,2023-04-08,T3970,2025-04-18 09:33:00,58.04,Fashion,Card,2,6.14,13,"headphones, gaming",1,Occasional_Buyer
C2971,35,Female,Porterborough,2022-08-19,T3971,2025-04-09 17:20:03,23.39,Fitness,UPI,9,11.83,24,"smartphone, eco_friendly, fashion",0,Occasional_Buyer
C2972,57,Female,Josephhaven,2024-07-27,T3972,2025-04-03 03:56:51,225.79,Electronics,UPI,13,14.12,23,"bluetooth, home_decor, laptop, camera",1,Loyal_Engaged
C2973,38,Male,Ericville,2024-08-11,T3973,2025-04-23 00:33:51,189.11,Electronics,UPI,5,9.58,5,"eco_friendly, organic, 5G, bluetooth",1,High_Spender
C2974,32,Female,Port Jose,2023-04-21,T3974,2025-04-10 03:24:37,66.93,Fashion,Wallet,14,9.8,9,"5G, fashion, camera, smartphone",1,Occasional_Buyer
C2975,50,Female,Hughesmouth,2024-02-15,T3975,2025-03-28 17:37:55,35.01,Grocery,UPI,9,10.32,16,"headphones, organic, gaming, camera",0,Occasional_Buyer
C2976,52,Female,South Barbarahaven,2024-06-22,T3976,2025-04-03 14:43:54,38.39,Beauty,UPI,13,6.35,17,"camera, organic, 5G",0,Occasional_Buyer
C2977,43,Female,Stephensshire,2025-02-10,T3977,2025-04-20 16:02:10,42.46,Fashion,Card,5,10.42,11,"eco_friendly, home_decor, fashion, 5G",0,Occasional_Buyer
C2978,25,Female,Shannonstad,2024-02-02,T3978,2025-03-26 03:09:39,104.03,Beauty,Cash on Delivery,14,7.33,22,"organic, home_decor, smartphone, bluetooth",1,Occasional_Buyer
C2979,53,Female,Fowlerbury,2023-05-23,T3979,2025-04-04 07:33:43,48.07,Electronics,UPI,7,9.98,13,"smartphone, eco_friendly, organic",0,Occasional_Buyer
C2980,47,Male,East Markchester,2025-02-06,T3980,2025-03-28 23:49:20,155.44,Grocery,Card,14,10.5,9,"smartphone, bluetooth",1,High_Spender
C2981,40,Other,Morrisonstad,2023-06-01,T3981,2025-04-21 23:42:15,230.73,Home,Card,14,11.59,14,"gaming, organic, camera, headphones",1,High_Spender
C2982,59,Female,Port Lukeport,2023-04-30,T3982,2025-04-16 02:39:33,32.75,Electronics,UPI,6,11.7,21,"fitness, 5G, camera, gaming",0,Occasional_Buyer
C2983,61,Female,Lake Kevinville,2022-07-07,T3983,2025-04-16 20:31:00,65.8,Fashion,Cash on Delivery,2,7.22,20,"headphones, laptop, camera",1,Occasional_Buyer
C2984,31,Male,Smithside,2023-10-09,T3984,2025-04-10 16:48:09,7.99,Home,Wallet,3,10.56,15,"fashion, headphones",0,Occasional_Buyer
C2985,31,Female,East Anneview,2024-12-27,T3985,2025-04-05 19:15:32,17.9,Fitness,Cash on Delivery,5,12.87,13,"camera, smartphone, organic, laptop",0,Occasional_Buyer
C2986,19,Female,West Danielville,2023-10-23,T3986,2025-04-04 16:08:36,42.68,Home,UPI,4,6.54,3,"bluetooth, fitness, organic, camera",0,Occasional_Buyer
C2987,54,Male,North Amberton,2022-11-07,T3987,2025-04-21 01:37:34,18.47,Fashion,Cash on Delivery,14,15.24,8,"organic, camera, bluetooth, 5G",0,Loyal_Engaged
C2988,22,Male,New Lauramouth,2024-03-30,T3988,2025-04-04 16:58:37,167.36,Home,Card,11,7.08,23,"camera, laptop, fashion",1,High_Spender
C2989,55,Female,West Amanda,2024-12-19,T3989,2025-03-31 12:50:50,13.79,Fashion,Card,6,14.88,4,"laptop, fashion",0,Occasional_Buyer
C2990,62,Female,Thompsonport,2024-05-29,T3990,2025-03-31 22:10:48,48.65,Electronics,Cash on Delivery,8,7.14,15,"organic, fitness, fashion, smartphone",0,Occasional_Buyer
C2991,58,Female,Wintershaven,2023-08-13,T3991,2025-04-21 07:00:11,74.45,Grocery,Wallet,8,9.83,15,"camera, organic, fashion, headphones",1,Occasional_Buyer
C2992,64,Male,Braystad,2023-05-21,T3992,2025-04-14 07:44:36,94.18,Fitness,Cash on Delivery,3,9.42,21,"home_decor, headphones, smartphone, camera",1,Occasional_Buyer
C2993,31,Female,South Joshua,2022-05-20,T3993,2025-04-11 01:16:02,38.64,Grocery,UPI,4,5.9,11,"organic, camera, home_decor, gaming",0,Occasional_Buyer
C2994,56,Male,East Michelleborough,2023-06-25,T3994,2025-04-24 11:02:19,162.67,Grocery,Wallet,1,12.09,21,"headphones, fashion, bluetooth",1,High_Spender
C2995,42,Male,Thomasfurt,2025-01-15,T3995,2025-04-06 19:51:45,67.21,Grocery,Cash on Delivery,2,12.25,3,"gaming, organic, fitness, bluetooth",1,Occasional_Buyer
C2996,37,Male,Pruitthaven,2023-11-02,T3996,2025-04-16 01:30:22,46.32,Fashion,Cash on Delivery,13,11.86,10,"eco_friendly, home_decor, smartphone",0,Occasional_Buyer
C2997,19,Male,Brettberg,2023-04-23,T3997,2025-03-30 23:45:44,5.57,Fashion,Wallet,9,9.25,16,"5G, fashion, bluetooth, camera",0,Occasional_Buyer
C2998,56,Male,Lake Frankland,2024-06-07,T3998,2025-04-19 18:24:14,49.99,Fitness,Cash on Delivery,12,7.89,18,"fitness, headphones, bluetooth",0,Occasional_Buyer
C2999,23,Male,Douglasburgh,2024-07-14,T3999,2025-04-20 12:59:34,137.51,Fashion,UPI,10,13.3,6,"fashion, home_decor, bluetooth",1,High_Spender
C3000,34,Male,Nicoleburgh,2023-06-11,T4000,2025-03-27 07:04:23,76.27,Beauty,Card,10,10.64,20,"5G, fashion, fitness",1,Occasional_Buyer
C3001,42,Male,Williamsport,2023-10-10,T4001,2025-03-28 07:55:00,142.78,Fashion,UPI,2,7.73,16,"laptop, smartphone, home_decor",1,High_Spender
C3002,45,Female,Raybury,2023-08-25,T4002,2025-04-20 19:27:24,54.5,Fashion,Cash on Delivery,12,10.64,11,"bluetooth, camera",1,Occasional_Buyer
C3003,19,Female,North Zacharyfort,2024-06-05,T4003,2025-04-07 18:03:09,10.09,Fashion,Card,6,4.98,17,"camera, home_decor, bluetooth, fitness",0,Occasional_Buyer
C3004,52,Male,North Thomastown,2022-09-03,T4004,2025-04-13 18:32:14,1.1,Electronics,Wallet,14,10.32,5,"laptop, organic",0,Occasional_Buyer
C3005,54,Female,Lake Susan,2024-07-22,T4005,2025-04-22 18:46:17,28.9,Fitness,UPI,7,11.97,6,"bluetooth, eco_friendly, laptop, organic",0,Occasional_Buyer
C3006,22,Male,East Lauraport,2022-05-30,T4006,2025-03-31 07:34:30,95.78,Beauty,Wallet,6,9.46,20,"headphones, smartphone, home_decor, fitness",1,Occasional_Buyer
C3007,18,Female,Christinaland,2025-02-03,T4007,2025-03-29 21:30:40,124.95,Fashion,Card,8,12.13,16,"smartphone, home_decor, fashion",1,High_Spender
C3008,57,Male,Bernardshire,2024-12-20,T4008,2025-03-26 01:12:34,28.05,Fitness,Cash on Delivery,9,12.44,17,"fashion, home_decor, gaming",0,Occasional_Buyer
C3009,29,Male,Port Jesse,2022-08-04,T4009,2025-03-27 15:55:46,54.76,Home,Card,8,10.83,10,"headphones, camera",1,Occasional_Buyer
C3010,53,Female,East Williammouth,2024-09-30,T4010,2025-03-26 07:11:40,43.73,Electronics,Card,5,15.3,12,"headphones, laptop, gaming",0,Occasional_Buyer
C3011,62,Female,West Kristen,2022-05-05,T4011,2025-03-31 13:48:26,42.28,Fashion,Wallet,8,14.06,14,"headphones, eco_friendly",0,Occasional_Buyer
C3012,40,Female,West Veronica,2024-07-06,T4012,2025-04-15 07:34:15,21.05,Beauty,UPI,10,11.88,23,"fashion, headphones, eco_friendly, fitness",0,Occasional_Buyer
C3013,64,Female,Lake Lori,2022-06-16,T4013,2025-04-01 00:28:15,11.73,Electronics,Card,10,11.07,11,"camera, eco_friendly, bluetooth, gaming",0,Occasional_Buyer
C3014,48,Other,South Melissa,2022-09-27,T4014,2025-04-04 00:03:19,17.52,Beauty,Cash on Delivery,9,9.23,10,"bluetooth, 5G, organic",0,Occasional_Buyer
C3015,28,Male,Hendrixfurt,2022-11-19,T4015,2025-04-09 02:30:01,4.55,Electronics,Card,14,8.06,19,"eco_friendly, camera, smartphone, headphones",0,Occasional_Buyer
C3016,27,Male,Rangelbury,2024-07-16,T4016,2025-04-16 14:37:12,17.66,Home,Wallet,8,12.39,11,"camera, bluetooth",0,Occasional_Buyer
C3017,20,Male,Serranoton,2022-05-25,T4017,2025-04-24 09:09:08,0.74,Fitness,UPI,2,9.4,15,"headphones, gaming, organic",0,Occasional_Buyer
C3018,31,Male,Diazfurt,2023-07-30,T4018,2025-04-03 06:48:29,78.95,Electronics,Cash on Delivery,2,6.96,16,"bluetooth, laptop, gaming",1,Occasional_Buyer
C3019,33,Female,North Wendy,2023-11-16,T4019,2025-04-11 19:07:29,30.43,Grocery,Wallet,12,7.59,7,"camera, organic, 5G, laptop",0,Occasional_Buyer
C3020,27,Female,Waltonshire,2023-06-13,T4020,2025-04-05 16:32:39,289.38,Home,Card,3,7.99,11,"bluetooth, smartphone",1,High_Spender
C3021,46,Male,South Jesseshire,2024-02-04,T4021,2025-04-22 15:21:41,17.23,Grocery,Card,7,15.26,18,"bluetooth, laptop, camera, gaming",0,Occasional_Buyer
C3022,27,Other,South Judith,2023-08-18,T4022,2025-04-23 10:14:58,33.95,Home,UPI,9,12.54,21,"eco_friendly, 5G",0,Occasional_Buyer
C3023,29,Female,New Heather,2024-03-06,T4023,2025-04-13 03:09:08,35.43,Grocery,Wallet,8,10.1,9,"gaming, smartphone, headphones, 5G",0,Occasional_Buyer
C3024,47,Male,West Briannatown,2023-08-30,T4024,2025-04-24 15:54:52,0.68,Grocery,Wallet,9,11.24,14,"bluetooth, home_decor",0,Occasional_Buyer
C3025,58,Male,Gabrielstad,2024-11-12,T4025,2025-03-28 08:03:15,146.21,Beauty,UPI,6,11.59,4,"organic, laptop, eco_friendly",1,High_Spender
C3026,18,Male,Port Michele,2022-05-17,T4026,2025-04-05 17:09:05,2.6,Electronics,Cash on Delivery,1,7.39,20,"fitness, laptop, smartphone",0,Occasional_Buyer
C3027,22,Male,South Robertofort,2024-08-19,T4027,2025-04-12 11:56:14,225.31,Electronics,Wallet,14,6.5,20,"fitness, camera, 5G",1,High_Spender
C3028,37,Male,Brownborough,2024-08-01,T4028,2025-04-17 06:15:44,178.11,Home,UPI,12,13.15,18,"eco_friendly, gaming",1,Loyal_Engaged
C3029,25,Female,Changview,2022-04-24,T4029,2025-04-07 23:21:05,61.35,Fitness,Wallet,4,5.95,13,"fashion, eco_friendly, camera, headphones",1,Occasional_Buyer
C3030,60,Male,Mitchellview,2024-04-24,T4030,2025-04-16 12:30:14,62.75,Beauty,UPI,13,9.95,4,"organic, camera, 5G",1,Occasional_Buyer
C3031,29,Male,Tiffanymouth,2024-08-21,T4031,2025-04-05 01:09:02,84.85,Electronics,Card,6,7.83,16,"headphones, camera, smartphone, eco_friendly",1,Occasional_Buyer
C3032,18,Other,East Amandaport,2024-10-07,T4032,2025-04-06 23:16:03,39.16,Electronics,Card,12,10.66,6,"bluetooth, organic, gaming, 5G",0,Occasional_Buyer
C3033,37,Female,West Jason,2022-05-28,T4033,2025-04-03 06:29:01,83.35,Beauty,Wallet,6,9.24,9,"eco_friendly, 5G",1,Occasional_Buyer
C3034,45,Other,Reyesside,2022-05-13,T4034,2025-04-10 11:15:48,3.66,Fashion,Wallet,8,11.6,4,"organic, gaming",0,Occasional_Buyer
C3035,60,Male,Lake Crystal,2025-02-06,T4035,2025-03-31 15:13:07,4.45,Beauty,Card,1,3.07,23,"fashion, smartphone, home_decor, eco_friendly",0,Occasional_Buyer
C3036,54,Male,West David,2024-04-18,T4036,2025-04-18 04:25:51,48.89,Electronics,Cash on Delivery,13,13.36,16,"organic, 5G, camera, home_decor",0,Loyal_Engaged
C3037,64,Female,Garrettshire,2023-10-26,T4037,2025-04-05 09:00:24,63.81,Fitness,UPI,11,12.21,9,"bluetooth, headphones",1,Loyal_Engaged
C3038,54,Male,East Ashley,2024-10-13,T4038,2025-04-13 22:13:47,175.01,Fashion,Cash on Delivery,2,13.03,11,"fashion, 5G",1,High_Spender
C3039,29,Male,Snowview,2024-08-27,T4039,2025-04-11 21:23:15,8.84,Grocery,Cash on Delivery,2,12.69,10,"laptop, gaming, headphones",0,Occasional_Buyer
C3040,54,Female,Williamston,2024-09-06,T4040,2025-04-16 09:23:37,138.37,Beauty,Cash on Delivery,13,10.94,11,"home_decor, camera, fashion",1,High_Spender
C3041,61,Female,New Tammyview,2023-12-14,T4041,2025-04-09 19:45:01,18.86,Grocery,Card,6,8.08,9,"organic, fashion, fitness, home_decor",0,Occasional_Buyer
C3042,45,Male,Heatherfort,2023-12-25,T4042,2025-03-27 00:38:37,40.08,Fashion,Wallet,14,11.32,21,"5G, home_decor, bluetooth",0,Occasional_Buyer
C3043,64,Female,Lake Douglas,2024-12-01,T4043,2025-04-10 11:44:20,30.45,Fashion,Cash on Delivery,14,10.87,19,"headphones, gaming, home_decor",0,Occasional_Buyer
C3044,32,Male,Smithhaven,2024-06-23,T4044,2025-04-19 07:44:06,40.89,Fashion,Card,11,12.63,15,"fitness, laptop",0,Loyal_Engaged
C3045,23,Male,Garrettstad,2024-01-06,T4045,2025-04-20 01:11:11,13.05,Home,UPI,7,11.86,13,"5G, organic, laptop, smartphone",0,Occasional_Buyer
C3046,61,Male,Dorseyberg,2022-12-27,T4046,2025-04-01 02:06:09,56.03,Beauty,Wallet,2,10.28,24,"bluetooth, camera, headphones",1,Occasional_Buyer
C3047,37,Male,Lake Angelaberg,2023-04-14,T4047,2025-04-20 01:51:59,129.41,Fitness,UPI,5,11.3,20,"smartphone, organic, gaming, fashion",1,High_Spender
C3048,31,Male,West Kurtbury,2024-08-03,T4048,2025-04-18 00:14:02,46.6,Fitness,Cash on Delivery,6,11.57,19,"eco_friendly, organic, laptop, fashion",0,Occasional_Buyer
C3049,19,Other,West Dianaborough,2023-10-12,T4049,2025-04-15 17:14:37,53.96,Grocery,Wallet,4,13.26,18,"gaming, organic, fashion",1,Occasional_Buyer
C3050,26,Female,South Todd,2024-11-12,T4050,2025-04-17 00:39:48,151.11,Grocery,Cash on Delivery,1,15.21,12,"fitness, fashion, 5G, smartphone",1,High_Spender
C3051,54,Female,North Vanessatown,2024-09-09,T4051,2025-04-13 23:07:43,97.95,Grocery,Wallet,3,11.79,6,"fashion, fitness, eco_friendly, headphones",1,Occasional_Buyer
C3052,37,Male,West William,2022-10-04,T4052,2025-04-17 18:47:04,53.94,Beauty,Cash on Delivery,14,11.58,6,"smartphone, laptop, camera",1,Occasional_Buyer
C3053,43,Male,Megantown,2024-07-23,T4053,2025-04-14 06:30:50,23.84,Electronics,UPI,10,9.33,24,"5G, smartphone, organic",0,Occasional_Buyer
C3054,46,Male,Garciaport,2024-07-04,T4054,2025-04-07 04:30:48,172.97,Grocery,UPI,9,8.97,13,"home_decor, laptop, headphones, 5G",1,High_Spender
C3055,18,Male,Lambmouth,2023-08-28,T4055,2025-03-26 16:27:43,68.83,Fashion,Cash on Delivery,13,7.82,23,"smartphone, eco_friendly",1,Occasional_Buyer
C3056,52,Male,Wilsonstad,2025-02-18,T4056,2025-04-18 04:30:20,19.99,Grocery,Wallet,6,0.4,10,"laptop, camera, fashion, gaming",0,Occasional_Buyer
C3057,23,Female,Mccallberg,2023-04-27,T4057,2025-04-05 23:11:13,25.08,Fashion,UPI,2,7.48,11,"camera, eco_friendly",0,Occasional_Buyer
C3058,54,Female,Josephmouth,2024-10-07,T4058,2025-03-25 19:21:56,130.02,Home,Wallet,9,9.48,18,"bluetooth, fashion, organic, 5G",1,High_Spender
C3059,22,Female,East Alexis,2024-03-26,T4059,2025-04-16 12:40:03,3.61,Electronics,Wallet,4,9.08,12,"headphones, gaming",0,Occasional_Buyer
C3060,50,Female,West Johnport,2025-02-27,T4060,2025-04-14 13:37:44,387.19,Electronics,UPI,11,11.37,11,"fitness, eco_friendly, headphones",1,High_Spender
C3061,31,Other,Wademouth,2023-06-10,T4061,2025-04-15 23:16:32,11.17,Beauty,Card,13,7.59,5,"eco_friendly, fashion, bluetooth, laptop",0,Occasional_Buyer
C3062,29,Male,Andersonborough,2022-09-15,T4062,2025-03-29 01:02:57,127.2,Beauty,Card,8,7.72,4,"camera, eco_friendly",1,High_Spender
C3063,59,Male,Gutierrezberg,2023-12-25,T4063,2025-03-28 19:42:21,40.17,Fitness,Wallet,10,3.66,11,"camera, 5G",0,Occasional_Buyer
C3064,37,Male,South Alisonburgh,2023-06-28,T4064,2025-04-09 13:12:19,54.22,Home,UPI,7,11.41,15,"eco_friendly, home_decor, fitness, smartphone",1,Occasional_Buyer
C3065,41,Female,Reevesfurt,2024-10-15,T4065,2025-04-09 20:57:20,170.06,Beauty,Card,12,7.34,8,"smartphone, camera, laptop",1,High_Spender
C3066,60,Other,Yoderburgh,2024-07-13,T4066,2025-04-19 14:11:20,42.61,Fashion,Cash on Delivery,11,7.85,6,"organic, smartphone, headphones, laptop",0,Occasional_Buyer
C3067,51,Male,North Jacobville,2024-04-24,T4067,2025-04-23 07:16:56,61.69,Home,Wallet,3,11.69,16,"organic, fashion, 5G",1,Occasional_Buyer
C3068,42,Female,Schultzberg,2023-03-30,T4068,2025-04-24 05:20:02,4.04,Electronics,Card,8,7.35,13,"5G, laptop, home_decor, fashion",0,Occasional_Buyer
C3069,46,Female,Lake Megan,2024-05-12,T4069,2025-04-21 22:12:45,0.19,Fashion,UPI,4,11.14,4,"5G, eco_friendly, fashion",0,Occasional_Buyer
C3070,56,Male,Palmerburgh,2024-06-24,T4070,2025-04-07 14:43:51,22.46,Home,UPI,2,6.38,5,"headphones, fashion, fitness, camera",0,Occasional_Buyer
C3071,48,Male,Lake Saraview,2023-03-20,T4071,2025-04-16 05:26:19,91.3,Electronics,Wallet,11,9.94,7,"smartphone, fitness, 5G",1,Occasional_Buyer
C3072,64,Male,West Lawrenceview,2024-08-05,T4072,2025-04-08 19:41:58,10.34,Beauty,UPI,5,8.17,9,"bluetooth, fashion, home_decor",0,Occasional_Buyer
C3073,60,Other,Andrewchester,2024-07-18,T4073,2025-03-29 06:04:35,9.66,Fashion,Cash on Delivery,1,9.2,13,"laptop, headphones, gaming",0,Occasional_Buyer
C3074,40,Male,Caldwellfort,2023-09-19,T4074,2025-03-29 12:41:44,42.34,Fashion,Cash on Delivery,13,14.54,14,"fashion, laptop, headphones, smartphone",0,Loyal_Engaged
C3075,61,Female,Jonathanberg,2022-05-13,T4075,2025-04-10 22:57:51,83.49,Electronics,Card,8,5.08,13,"organic, camera, home_decor, gaming",1,Occasional_Buyer
C3076,55,Male,Colebury,2023-09-04,T4076,2025-04-04 06:52:44,99.6,Fashion,UPI,14,14.27,21,"home_decor, headphones, fashion",1,Loyal_Engaged
C3077,37,Female,West Joshua,2023-05-11,T4077,2025-04-21 12:56:22,15.73,Beauty,Cash on Delivery,8,7.24,15,"fitness, camera",0,Occasional_Buyer
C3078,40,Male,Kimton,2023-11-23,T4078,2025-04-04 14:26:15,6.63,Beauty,Wallet,3,12.61,6,"fitness, headphones",0,Occasional_Buyer
C3079,62,Female,West Tamara,2022-10-06,T4079,2025-04-06 15:59:59,225.6,Beauty,UPI,1,13.2,16,"bluetooth, eco_friendly, laptop",1,High_Spender
C3080,33,Female,Chanborough,2023-12-24,T4080,2025-03-27 23:23:51,24.16,Electronics,Card,4,11.29,14,"smartphone, fashion, headphones, home_decor",0,Occasional_Buyer
C3081,59,Female,Robertburgh,2022-12-14,T4081,2025-03-27 17:46:26,153.57,Grocery,Wallet,9,6.34,4,"laptop, gaming",1,High_Spender
C3082,25,Female,New Jessicaland,2023-01-21,T4082,2025-04-11 01:32:33,159.31,Grocery,Wallet,9,10.82,10,"smartphone, home_decor",1,High_Spender
C3083,38,Male,Lisafort,2023-01-20,T4083,2025-04-01 16:13:02,118.46,Fashion,Wallet,1,17.68,24,"headphones, camera",1,Occasional_Buyer
C3084,18,Female,Port Grace,2023-07-16,T4084,2025-04-08 12:04:26,14.79,Beauty,Cash on Delivery,11,10.03,21,"headphones, eco_friendly",0,Occasional_Buyer
C3085,25,Male,North Davidberg,2023-03-18,T4085,2025-04-09 05:06:11,137.99,Fashion,Wallet,7,9.7,15,"headphones, eco_friendly, camera, gaming",1,High_Spender
C3086,46,Male,Davidfurt,2024-04-16,T4086,2025-04-05 16:15:59,117.31,Electronics,Cash on Delivery,6,9.41,23,"camera, eco_friendly",1,Occasional_Buyer
C3087,49,Female,Port Susanberg,2024-08-14,T4087,2025-04-18 12:55:58,72.65,Fashion,Wallet,14,11.55,23,"headphones, fashion, 5G",1,Occasional_Buyer
C3088,55,Male,Port Brittney,2024-08-07,T4088,2025-04-21 10:40:17,32.9,Fitness,Cash on Delivery,7,9.74,3,"bluetooth, 5G",0,Occasional_Buyer
C3089,22,Female,New Marychester,2023-05-18,T4089,2025-04-21 01:52:48,24.36,Grocery,UPI,7,10.85,7,"laptop, fashion, smartphone",0,Occasional_Buyer
C3090,64,Other,West Michelletown,2022-06-06,T4090,2025-04-02 00:35:52,10.4,Fashion,Cash on Delivery,8,9.12,24,"fashion, bluetooth",0,Occasional_Buyer
C3091,39,Male,West Joshuaburgh,2022-05-19,T4091,2025-03-31 22:43:02,57.03,Fashion,Cash on Delivery,8,6.89,13,"smartphone, eco_friendly",1,Occasional_Buyer
C3092,64,Female,Sarahville,2022-11-19,T4092,2025-04-18 02:27:12,70.41,Home,UPI,10,16.97,13,"home_decor, headphones, 5G, bluetooth",1,Occasional_Buyer
C3093,51,Male,South Heathershire,2024-01-23,T4093,2025-03-28 13:08:00,35.62,Fashion,Wallet,14,9.71,15,"laptop, gaming, smartphone, headphones",0,Occasional_Buyer
C3094,18,Male,New Davidland,2023-04-04,T4094,2025-03-27 14:53:04,51.6,Fitness,UPI,11,19.6,4,"home_decor, headphones, smartphone",0,Loyal_Engaged
C3095,43,Male,North Leebury,2023-04-08,T4095,2025-03-29 10:25:33,36.14,Grocery,Wallet,2,11.27,21,"smartphone, 5G",0,Occasional_Buyer
C3096,60,Other,Bakerport,2025-03-08,T4096,2025-04-21 16:57:20,81.96,Home,Cash on Delivery,12,11.8,18,"camera, organic, fashion",1,Occasional_Buyer
C3097,27,Female,Kristinside,2022-12-12,T4097,2025-04-05 17:47:18,185.22,Electronics,Wallet,12,9.07,7,"organic, fashion, laptop",1,High_Spender
C3098,47,Other,New Joy,2022-07-06,T4098,2025-04-23 14:38:48,14.32,Electronics,Cash on Delivery,12,8.22,16,"fitness, gaming, camera, home_decor",0,Occasional_Buyer
C3099,35,Other,East Corey,2023-02-20,T4099,2025-04-19 01:53:36,38.42,Grocery,Wallet,4,9.14,21,"5G, gaming, bluetooth, camera",0,Occasional_Buyer
C3100,34,Male,Nancystad,2025-01-21,T4100,2025-04-21 21:21:19,12.15,Electronics,Cash on Delivery,4,7.5,7,"home_decor, fashion, organic, 5G",0,Occasional_Buyer
C3101,43,Male,Nicholeburgh,2023-08-14,T4101,2025-04-08 08:40:02,78.45,Fitness,Cash on Delivery,13,7.23,23,"fitness, home_decor, fashion, eco_friendly",1,Occasional_Buyer
C3102,25,Female,North James,2024-12-08,T4102,2025-04-13 07:12:03,104.41,Fashion,Card,11,15.35,11,"home_decor, fitness",1,Loyal_Engaged
C3103,64,Female,Port Theresaborough,2022-11-02,T4103,2025-04-06 08:04:25,214.96,Grocery,Wallet,10,12.4,14,"headphones, fitness, laptop, fashion",1,High_Spender
C3104,57,Male,New Crystal,2022-04-29,T4104,2025-04-24 15:17:35,26.16,Home,Wallet,12,14.49,18,"organic, gaming",0,Loyal_Engaged
C3105,29,Male,Davidstad,2024-06-20,T4105,2025-03-31 14:11:58,240.0,Fashion,Card,13,13.37,21,"headphones, 5G, smartphone, gaming",1,Loyal_Engaged
C3106,44,Female,Johnstonberg,2024-10-28,T4106,2025-03-29 17:47:02,5.23,Electronics,Cash on Delivery,8,8.2,17,"laptop, organic, fitness",0,Occasional_Buyer
C3107,25,Female,Joneschester,2022-09-18,T4107,2025-03-27 14:08:14,73.91,Electronics,Cash on Delivery,14,5.38,19,"bluetooth, laptop, fitness",1,Occasional_Buyer
C3108,42,Male,Brownport,2024-01-24,T4108,2025-04-18 13:13:30,4.71,Home,Card,13,8.62,17,"camera, bluetooth, headphones, laptop",0,Occasional_Buyer
C3109,63,Female,West Samanthafort,2022-07-05,T4109,2025-04-23 09:15:48,179.38,Fitness,Card,13,10.28,5,"fashion, smartphone, gaming",1,High_Spender
C3110,21,Female,Guerreromouth,2023-11-12,T4110,2025-03-26 15:50:11,60.37,Home,UPI,3,13.43,19,"smartphone, home_decor, laptop",1,Occasional_Buyer
C3111,50,Female,New Stephanieland,2024-10-22,T4111,2025-04-02 13:40:52,88.54,Grocery,Cash on Delivery,12,9.84,15,"eco_friendly, 5G, organic, camera",1,Occasional_Buyer
C3112,18,Male,West Danielside,2025-01-29,T4112,2025-04-16 22:36:43,142.5,Home,UPI,13,18.9,11,"5G, organic, camera, fashion",1,Loyal_Engaged
C3113,36,Female,Eatonview,2022-11-14,T4113,2025-04-13 07:34:14,13.03,Electronics,Wallet,13,8.7,15,"smartphone, camera, home_decor",0,Occasional_Buyer
C3114,48,Male,Brownborough,2024-09-30,T4114,2025-04-02 17:22:22,3.15,Fitness,UPI,12,11.77,18,"bluetooth, camera, organic",0,Occasional_Buyer
C3115,33,Male,Lake Barbaraville,2023-06-04,T4115,2025-04-03 21:46:13,168.88,Fitness,Card,3,8.2,21,"bluetooth, camera",1,High_Spender
C3116,31,Female,South Travismouth,2023-08-22,T4116,2025-04-06 18:54:35,30.26,Beauty,Card,13,11.22,16,"fashion, organic, bluetooth",0,Occasional_Buyer
C3117,22,Female,West Travisberg,2023-04-21,T4117,2025-04-08 15:18:01,11.05,Home,Card,2,9.62,10,"organic, 5G",0,Occasional_Buyer
C3118,58,Male,Andrewmouth,2022-07-07,T4118,2025-04-05 11:37:13,50.56,Grocery,Card,1,9.25,24,"headphones, gaming",0,Occasional_Buyer
C3119,43,Female,New John,2023-02-22,T4119,2025-04-12 08:14:55,72.97,Electronics,UPI,8,8.14,21,"gaming, smartphone, 5G, home_decor",1,Occasional_Buyer
C3120,45,Female,Bensonchester,2024-05-06,T4120,2025-03-28 03:13:58,2.52,Fashion,UPI,14,10.44,5,"5G, organic, fashion",0,Occasional_Buyer
C3121,19,Female,New Zacharychester,2024-06-27,T4121,2025-04-10 12:23:29,25.72,Fitness,UPI,9,12.51,23,"camera, home_decor",0,Occasional_Buyer
C3122,23,Female,Ericfurt,2024-11-20,T4122,2025-04-16 14:14:03,2.67,Home,Card,9,7.07,20,"home_decor, bluetooth",0,Occasional_Buyer
C3123,26,Female,New Douglasberg,2023-12-02,T4123,2025-04-17 12:48:54,43.62,Beauty,Card,11,9.85,18,"eco_friendly, smartphone, fashion",0,Occasional_Buyer
C3124,50,Female,Port Lonniefurt,2024-12-14,T4124,2025-03-28 21:58:01,180.38,Grocery,Cash on Delivery,8,11.48,16,"fashion, organic, fitness, home_decor",1,High_Spender
C3125,58,Male,Stephenschester,2024-04-17,T4125,2025-04-22 03:56:23,324.34,Grocery,Cash on Delivery,5,12.05,18,"eco_friendly, 5G",1,High_Spender
C3126,42,Male,New Paulbury,2024-11-16,T4126,2025-03-25 17:26:35,81.08,Electronics,Card,1,15.59,19,"eco_friendly, fashion",1,Occasional_Buyer
C3127,30,Male,South Crystalbury,2024-02-25,T4127,2025-04-01 17:59:59,14.1,Fitness,Cash on Delivery,9,11.74,22,"organic, bluetooth",0,Occasional_Buyer
C3128,26,Female,Christinestad,2023-12-10,T4128,2025-04-02 13:15:14,189.03,Electronics,Wallet,6,8.8,13,"laptop, fitness, fashion",1,High_Spender
C3129,30,Female,Nicholasborough,2023-09-24,T4129,2025-04-08 15:39:28,58.09,Beauty,Wallet,12,8.3,15,"fitness, home_decor",1,Occasional_Buyer
C3130,48,Male,North Carl,2024-11-17,T4130,2025-04-19 04:39:06,13.36,Fashion,Card,7,8.26,13,"eco_friendly, fashion, organic",0,Occasional_Buyer
C3131,58,Male,Henryport,2023-03-11,T4131,2025-04-10 19:17:20,203.8,Fashion,UPI,8,8.09,6,"bluetooth, headphones, 5G",1,High_Spender
C3132,28,Female,Amyville,2025-02-03,T4132,2025-04-14 23:24:01,113.33,Fashion,Wallet,13,10.65,16,"5G, home_decor, organic",1,Occasional_Buyer
C3133,21,Male,New William,2022-05-29,T4133,2025-04-01 03:46:53,105.25,Grocery,Wallet,5,11.26,7,"camera, home_decor, headphones, eco_friendly",1,Occasional_Buyer
C3134,51,Female,Port Travis,2024-04-14,T4134,2025-03-27 07:14:13,98.8,Fitness,UPI,6,12.47,6,"headphones, 5G, gaming, home_decor",1,Occasional_Buyer
C3135,55,Male,Moyerbury,2024-05-07,T4135,2025-04-20 23:36:33,17.89,Electronics,Cash on Delivery,12,11.99,3,"headphones, home_decor, eco_friendly",0,Occasional_Buyer
C3136,63,Female,Marcshire,2024-11-15,T4136,2025-04-24 07:46:39,18.96,Electronics,UPI,13,13.74,16,"smartphone, fashion, laptop",0,Loyal_Engaged
C3137,21,Other,Jameshaven,2024-06-23,T4137,2025-04-24 01:19:00,93.26,Beauty,Cash on Delivery,7,7.99,9,"gaming, 5G",1,Occasional_Buyer
C3138,55,Male,Gillespieside,2023-06-27,T4138,2025-03-31 18:59:24,19.85,Fashion,Cash on Delivery,7,14.91,12,"fitness, headphones",0,Occasional_Buyer
C3139,36,Female,Marieshire,2023-11-04,T4139,2025-04-01 09:57:34,46.2,Fitness,UPI,2,8.11,4,"fitness, eco_friendly, headphones",0,Occasional_Buyer
C3140,23,Male,New Seanside,2023-09-17,T4140,2025-04-15 06:46:17,121.86,Fitness,Cash on Delivery,14,11.04,12,"eco_friendly, smartphone, headphones, camera",1,High_Spender
C3141,51,Female,Eileenside,2022-11-17,T4141,2025-03-26 08:37:57,122.58,Beauty,Wallet,11,9.42,5,"home_decor, camera, gaming",1,High_Spender
C3142,35,Female,West Tammy,2023-08-05,T4142,2025-04-01 14:55:09,48.3,Home,Card,12,9.93,23,"eco_friendly, home_decor",0,Occasional_Buyer
C3143,30,Male,North Mercedes,2025-01-19,T4143,2025-04-08 15:38:23,125.69,Fitness,Cash on Delivery,14,12.02,10,"camera, 5G, headphones, fashion",1,Loyal_Engaged
C3144,58,Female,Lake Jeffreyburgh,2023-11-25,T4144,2025-04-04 21:32:32,145.92,Fitness,Wallet,1,5.68,12,"eco_friendly, organic, 5G, headphones",1,High_Spender
C3145,40,Female,Lake Susanfurt,2022-06-05,T4145,2025-03-28 16:14:59,85.08,Electronics,UPI,8,7.51,10,"fitness, smartphone",1,Occasional_Buyer
C3146,36,Male,New Karenside,2023-06-17,T4146,2025-03-29 04:09:30,20.75,Beauty,Cash on Delivery,5,12.25,16,"eco_friendly, bluetooth, fashion, camera",0,Occasional_Buyer
C3147,62,Male,Josemouth,2022-10-10,T4147,2025-04-05 21:47:10,25.62,Fitness,Wallet,10,9.99,20,"5G, headphones, organic, fashion",0,Occasional_Buyer
C3148,28,Female,Cantuside,2023-04-09,T4148,2025-04-02 20:35:55,30.25,Fitness,Cash on Delivery,2,9.23,11,"camera, headphones, 5G, fitness",0,Occasional_Buyer
C3149,18,Female,North David,2023-12-21,T4149,2025-04-21 04:32:35,9.94,Electronics,UPI,3,6.64,24,"gaming, fitness, smartphone",0,Occasional_Buyer
C3150,41,Female,North Terry,2023-06-02,T4150,2025-04-09 13:42:48,25.52,Fitness,Card,6,9.25,11,"home_decor, laptop",0,Occasional_Buyer
C3151,24,Female,Port Derrick,2024-12-31,T4151,2025-04-10 12:45:48,18.81,Electronics,Cash on Delivery,10,12.04,6,"headphones, organic",0,Occasional_Buyer
C3152,42,Female,Floresstad,2023-11-06,T4152,2025-04-22 20:23:32,48.61,Home,Card,6,8.31,5,"fashion, camera, organic, smartphone",0,Occasional_Buyer
C3153,38,Male,Cynthiamouth,2023-02-14,T4153,2025-04-16 06:55:23,191.26,Grocery,Cash on Delivery,8,14.09,16,"fitness, camera, bluetooth",1,High_Spender
C3154,32,Female,South Dominicton,2024-05-25,T4154,2025-03-28 13:41:17,8.83,Electronics,Cash on Delivery,5,13.23,16,"gaming, eco_friendly, fitness",0,Occasional_Buyer
C3155,18,Other,Spencerstad,2023-05-06,T4155,2025-04-07 15:27:29,101.91,Electronics,UPI,5,8.95,23,"5G, bluetooth",1,Occasional_Buyer
C3156,29,Female,Carrollland,2022-09-29,T4156,2025-04-13 15:12:52,93.0,Fitness,Cash on Delivery,7,8.22,18,"home_decor, camera",1,Occasional_Buyer
C3157,24,Male,Lake Kathleen,2022-12-15,T4157,2025-04-19 02:47:36,8.05,Electronics,Wallet,10,1.71,7,"laptop, 5G, eco_friendly",0,Occasional_Buyer
C3158,32,Male,Laurahaven,2022-12-03,T4158,2025-04-05 12:23:42,204.67,Beauty,Wallet,13,6.77,22,"smartphone, laptop, fitness, 5G",1,High_Spender
C3159,38,Male,Hollyborough,2023-06-04,T4159,2025-04-05 02:50:39,67.23,Fashion,Card,14,6.58,17,"fashion, gaming, 5G, smartphone",1,Occasional_Buyer
C3160,36,Male,Port Davidshire,2022-04-29,T4160,2025-04-11 00:05:30,36.17,Fashion,Card,5,5.71,23,"headphones, smartphone",0,Occasional_Buyer
C3161,46,Male,West Ryan,2022-06-18,T4161,2025-03-30 21:18:34,113.02,Home,Wallet,9,9.89,11,"headphones, camera, bluetooth, fashion",1,Occasional_Buyer
C3162,42,Female,Daviston,2024-08-23,T4162,2025-03-29 12:33:13,23.8,Electronics,Card,6,10.94,9,"eco_friendly, fitness",0,Occasional_Buyer
C3163,50,Female,North James,2024-12-10,T4163,2025-04-04 13:54:39,94.61,Beauty,Card,7,15.44,15,"home_decor, fitness, headphones",1,Occasional_Buyer
C3164,49,Male,North Ana,2023-02-20,T4164,2025-03-27 20:30:10,3.24,Fitness,Wallet,12,10.2,10,"5G, fashion, camera, fitness",0,Occasional_Buyer
C3165,52,Female,Priceton,2024-03-03,T4165,2025-04-16 22:23:02,146.31,Fitness,Wallet,8,3.9,14,"gaming, organic, smartphone",1,High_Spender
C3166,61,Male,New Stevenborough,2022-08-03,T4166,2025-04-20 22:08:25,47.56,Grocery,Wallet,13,7.76,6,"camera, organic, fashion",0,Occasional_Buyer
C3167,55,Male,Caseytown,2022-11-03,T4167,2025-03-26 13:42:50,81.0,Home,UPI,5,11.83,18,"camera, 5G",1,Occasional_Buyer
C3168,43,Male,North Patrick,2023-11-27,T4168,2025-04-19 22:41:49,20.0,Beauty,UPI,14,9.76,8,"home_decor, bluetooth, smartphone",0,Occasional_Buyer
C3169,28,Female,South Joshuashire,2022-12-26,T4169,2025-04-11 16:35:45,90.43,Beauty,Wallet,11,12.57,7,"organic, fashion",1,Loyal_Engaged
C3170,52,Male,South Emmahaven,2024-07-23,T4170,2025-04-18 13:10:21,118.36,Fitness,Cash on Delivery,4,8.46,3,"smartphone, headphones",1,Occasional_Buyer
C3171,25,Male,Carlaport,2024-01-04,T4171,2025-04-07 10:20:57,51.28,Grocery,Wallet,12,13.46,16,"bluetooth, headphones",0,Loyal_Engaged
C3172,63,Male,Matthewton,2025-03-18,T4172,2025-04-15 15:17:30,76.93,Fitness,UPI,8,10.74,11,"smartphone, eco_friendly",1,Occasional_Buyer
C3173,31,Female,North Thomas,2023-09-26,T4173,2025-04-17 21:40:48,48.75,Grocery,Card,12,10.81,20,"eco_friendly, camera, fitness",0,Occasional_Buyer
C3174,27,Male,Gregoryberg,2023-07-08,T4174,2025-04-02 03:59:14,179.61,Fashion,Cash on Delivery,10,10.45,8,"eco_friendly, smartphone, camera, gaming",1,High_Spender
C3175,19,Female,Rachelmouth,2023-12-01,T4175,2025-04-22 10:27:31,55.11,Beauty,Cash on Delivery,9,7.7,17,"fitness, bluetooth, eco_friendly, camera",1,Occasional_Buyer
C3176,63,Female,Austinmouth,2022-08-13,T4176,2025-04-15 02:43:21,147.52,Fashion,Card,1,9.83,18,"camera, smartphone",1,High_Spender
C3177,26,Female,Taylorport,2022-10-28,T4177,2025-04-19 11:47:12,129.3,Fitness,Cash on Delivery,3,10.88,10,"5G, organic, headphones",1,High_Spender
C3178,20,Other,Lake Bethmouth,2022-10-27,T4178,2025-04-04 06:16:51,42.28,Home,Card,12,5.8,21,"bluetooth, home_decor",0,Occasional_Buyer
C3179,38,Male,New Emily,2025-03-03,T4179,2025-04-09 00:17:51,20.92,Electronics,UPI,4,10.24,7,"fashion, bluetooth, home_decor",0,Occasional_Buyer
C3180,43,Male,Melissatown,2023-07-11,T4180,2025-04-06 22:49:05,41.68,Home,Cash on Delivery,13,13.64,16,"smartphone, fashion, 5G",0,Loyal_Engaged
C3181,25,Female,Brianbury,2023-02-10,T4181,2025-04-10 14:59:35,140.0,Home,Cash on Delivery,7,11.3,9,"smartphone, organic, 5G, fashion",1,High_Spender
C3182,19,Female,Ballardhaven,2022-05-04,T4182,2025-03-27 20:40:21,20.66,Electronics,Card,6,14.1,6,"5G, laptop",0,Occasional_Buyer
C3183,23,Female,Brandonfurt,2023-03-01,T4183,2025-03-28 04:10:55,59.46,Beauty,Card,10,11.22,23,"camera, eco_friendly, headphones",1,Occasional_Buyer
C3184,45,Female,New Andrewshire,2023-08-02,T4184,2025-03-30 01:05:23,131.23,Fashion,UPI,10,7.31,3,"5G, camera",1,High_Spender
C3185,46,Female,Anthonyfurt,2022-12-10,T4185,2025-04-20 10:20:22,34.89,Fashion,Card,11,12.37,6,"gaming, bluetooth, camera, fashion",0,Loyal_Engaged
C3186,43,Other,Robertschester,2025-02-03,T4186,2025-04-12 07:16:11,82.22,Beauty,Card,1,6.58,16,"eco_friendly, gaming",1,Occasional_Buyer
C3187,42,Other,Kaitlinport,2023-02-14,T4187,2025-03-31 02:29:17,22.55,Electronics,UPI,4,9.37,18,"gaming, eco_friendly",0,Occasional_Buyer
C3188,29,Female,Wrightland,2023-12-16,T4188,2025-04-12 19:52:54,9.26,Grocery,Wallet,6,9.17,9,"eco_friendly, fashion, gaming",0,Occasional_Buyer
C3189,22,Male,Sharpland,2024-03-25,T4189,2025-03-29 17:59:34,126.54,Home,Wallet,3,7.97,12,"smartphone, bluetooth",1,High_Spender
C3190,51,Female,Alexanderfurt,2024-11-30,T4190,2025-04-09 09:58:35,8.34,Fitness,Card,2,17.14,12,"eco_friendly, fashion, home_decor",0,Occasional_Buyer
C3191,54,Male,North Jamesberg,2025-02-10,T4191,2025-03-29 18:18:49,25.33,Fashion,UPI,2,9.78,6,"eco_friendly, headphones, bluetooth",0,Occasional_Buyer
C3192,32,Male,Natashafort,2025-01-20,T4192,2025-03-29 02:06:53,154.54,Beauty,Wallet,10,15.43,14,"organic, smartphone",1,High_Spender
C3193,61,Female,Michelemouth,2024-05-11,T4193,2025-04-17 13:36:57,34.03,Fitness,UPI,12,11.03,8,"smartphone, gaming, laptop, fitness",0,Occasional_Buyer
C3194,53,Male,Lake Lisa,2024-02-28,T4194,2025-04-05 10:31:25,289.09,Electronics,Card,12,7.54,15,"bluetooth, fashion",1,High_Spender
C3195,32,Male,Whitemouth,2022-08-15,T4195,2025-03-29 08:21:52,311.91,Fitness,Card,4,8.77,23,"camera, gaming",1,High_Spender
C3196,60,Male,South Jonathanberg,2023-05-10,T4196,2025-03-27 02:44:51,24.99,Fitness,UPI,13,9.88,3,"home_decor, smartphone, fitness, organic",0,Occasional_Buyer
C3197,40,Female,New Gary,2023-03-31,T4197,2025-04-24 15:43:31,3.35,Home,Cash on Delivery,1,8.97,10,"laptop, headphones, camera, bluetooth",0,Occasional_Buyer
C3198,23,Female,Warrenmouth,2023-10-22,T4198,2025-04-03 21:12:54,97.68,Electronics,Card,10,9.18,18,"organic, gaming",1,Occasional_Buyer
C3199,63,Female,Port Angela,2023-08-30,T4199,2025-04-15 09:26:53,47.97,Fitness,Card,2,11.72,7,"home_decor, laptop",0,Occasional_Buyer
C3200,61,Male,Lake Michaelhaven,2022-11-03,T4200,2025-04-13 15:38:08,8.5,Fashion,Card,13,11.1,9,"gaming, laptop, organic",0,Occasional_Buyer
C3201,60,Female,Port Danielleberg,2025-02-02,T4201,2025-03-28 14:02:36,98.35,Electronics,Card,10,12.07,5,"fitness, organic, headphones, eco_friendly",1,Occasional_Buyer
C3202,62,Female,Walkermouth,2023-12-30,T4202,2025-04-07 13:14:14,2.53,Fashion,UPI,2,14.58,23,"fitness, headphones",0,Occasional_Buyer
C3203,38,Male,Mooreburgh,2022-12-09,T4203,2025-04-03 02:24:19,163.34,Beauty,UPI,4,8.59,4,"fashion, laptop, eco_friendly, gaming",1,High_Spender
C3204,40,Male,Vickieport,2023-06-25,T4204,2025-04-12 03:19:00,11.94,Beauty,UPI,4,13.34,4,"smartphone, camera, laptop",0,Occasional_Buyer
C3205,60,Male,South Derrickborough,2025-03-16,T4205,2025-04-10 06:41:42,10.89,Grocery,UPI,1,14.18,22,"headphones, 5G, home_decor, bluetooth",0,Occasional_Buyer
C3206,33,Other,Port Breannachester,2023-08-12,T4206,2025-04-04 00:00:47,15.45,Beauty,Cash on Delivery,7,13.88,12,"smartphone, home_decor, organic",0,Occasional_Buyer
C3207,64,Female,Rossberg,2024-10-21,T4207,2025-04-02 21:09:08,258.04,Fitness,UPI,7,4.72,22,"laptop, fitness, home_decor",1,High_Spender
C3208,32,Other,Jessicatown,2023-11-06,T4208,2025-04-16 19:03:04,94.52,Electronics,UPI,10,15.39,11,"gaming, organic, camera, fitness",1,Occasional_Buyer
C3209,42,Male,New Kimberly,2024-06-30,T4209,2025-04-11 12:15:30,129.31,Beauty,Card,11,8.09,20,"bluetooth, fitness, eco_friendly, headphones",1,High_Spender
C3210,53,Female,New Rebecca,2024-01-18,T4210,2025-04-06 07:27:03,40.55,Fashion,Cash on Delivery,10,4.48,8,"headphones, fashion",0,Occasional_Buyer
C3211,28,Female,New Jeremyton,2022-08-30,T4211,2025-04-11 21:21:41,32.8,Fitness,Card,10,15.32,22,"gaming, bluetooth, eco_friendly, fitness",0,Occasional_Buyer
C3212,32,Female,Lake Kelseyborough,2022-11-26,T4212,2025-03-28 17:53:31,21.38,Beauty,Cash on Delivery,1,11.54,8,"camera, fashion, laptop, 5G",0,Occasional_Buyer
C3213,21,Other,South Ashley,2024-11-11,T4213,2025-04-16 15:22:47,52.41,Home,Wallet,11,11.66,12,"fitness, gaming, headphones, 5G",0,Occasional_Buyer
C3214,38,Male,West Roberta,2024-03-15,T4214,2025-04-17 00:15:42,64.21,Fashion,Cash on Delivery,8,9.0,11,"fitness, camera, 5G, gaming",1,Occasional_Buyer
C3215,30,Male,Novakfurt,2023-01-27,T4215,2025-04-10 14:06:56,79.92,Fashion,Cash on Delivery,10,10.55,11,"smartphone, fashion, eco_friendly",1,Occasional_Buyer
C3216,39,Female,Tabithamouth,2024-01-05,T4216,2025-04-09 10:25:19,23.78,Grocery,Card,14,9.58,5,"fashion, 5G",0,Occasional_Buyer
C3217,36,Female,Meaganberg,2023-03-03,T4217,2025-03-26 23:40:09,237.53,Home,Cash on Delivery,14,8.13,14,"headphones, organic, smartphone",1,High_Spender
C3218,51,Female,North Marissafort,2024-06-08,T4218,2025-04-19 09:27:51,14.88,Grocery,Cash on Delivery,7,10.07,13,"5G, headphones, organic",0,Occasional_Buyer
C3219,31,Male,Waltonshire,2023-06-12,T4219,2025-04-24 03:15:44,269.7,Beauty,Card,7,10.34,16,"smartphone, bluetooth, fashion, 5G",1,High_Spender
C3220,21,Female,Michaelshire,2025-01-17,T4220,2025-03-31 11:09:20,1.2,Home,Wallet,11,6.04,21,"home_decor, 5G",0,Occasional_Buyer
C3221,63,Male,Caitlinville,2022-11-23,T4221,2025-04-09 00:08:09,52.49,Fashion,Wallet,6,10.17,12,"home_decor, fitness, laptop, bluetooth",0,Occasional_Buyer
C3222,44,Male,East William,2023-10-23,T4222,2025-04-15 17:42:39,32.44,Grocery,Wallet,12,4.64,21,"camera, headphones, fashion",0,Occasional_Buyer
C3223,46,Female,Lake Jonathanmouth,2023-09-15,T4223,2025-04-16 22:15:05,47.7,Fitness,Cash on Delivery,4,15.76,7,"5G, camera, gaming, headphones",0,Occasional_Buyer
C3224,64,Female,North Lindsey,2022-12-18,T4224,2025-04-07 10:24:10,67.64,Home,Card,11,9.69,24,"home_decor, fashion, 5G",1,Occasional_Buyer
C3225,45,Male,Port Eric,2023-09-28,T4225,2025-04-09 19:11:51,45.76,Fashion,Wallet,8,6.79,11,"fashion, fitness, eco_friendly",0,Occasional_Buyer
C3226,52,Male,Stewartmouth,2023-05-09,T4226,2025-04-10 02:55:12,42.87,Electronics,Wallet,2,11.54,3,"gaming, home_decor, smartphone",0,Occasional_Buyer
C3227,25,Male,Brianville,2024-09-27,T4227,2025-04-22 03:01:52,105.56,Home,Wallet,7,7.76,17,"eco_friendly, smartphone",1,Occasional_Buyer
C3228,33,Male,Lake Alexandra,2022-08-26,T4228,2025-03-27 00:36:50,92.64,Home,Wallet,3,9.91,6,"eco_friendly, smartphone, home_decor",1,Occasional_Buyer
C3229,59,Female,West Adamhaven,2024-10-14,T4229,2025-04-12 07:37:10,143.31,Beauty,Card,14,11.37,9,"fitness, home_decor",1,High_Spender
C3230,53,Other,West Nicole,2023-07-31,T4230,2025-04-03 00:34:35,23.01,Fitness,Wallet,3,6.95,8,"bluetooth, headphones, camera, eco_friendly",0,Occasional_Buyer
C3231,47,Male,Lake Anthony,2024-11-24,T4231,2025-04-02 12:48:32,75.23,Beauty,Cash on Delivery,14,15.85,17,"fashion, smartphone",1,Loyal_Engaged
C3232,35,Female,Lake Kellyville,2024-12-19,T4232,2025-04-07 13:30:44,70.4,Home,Cash on Delivery,7,16.13,8,"5G, organic, laptop",1,Occasional_Buyer
C3233,19,Female,New Jermainemouth,2024-10-17,T4233,2025-04-16 18:52:41,36.93,Home,Card,12,8.42,9,"home_decor, bluetooth, gaming, smartphone",0,Occasional_Buyer
C3234,30,Female,West Nancyburgh,2023-01-08,T4234,2025-04-10 14:41:13,53.25,Fitness,UPI,3,6.63,22,"laptop, headphones, fitness, camera",1,Occasional_Buyer
C3235,21,Male,East Kimberly,2024-02-11,T4235,2025-04-23 16:15:52,30.12,Fitness,Wallet,5,8.41,24,"smartphone, gaming, headphones",0,Occasional_Buyer
C3236,43,Other,Lake Donaldton,2023-01-16,T4236,2025-04-10 10:35:22,12.24,Grocery,Wallet,8,8.57,5,"headphones, fitness, gaming, eco_friendly",0,Occasional_Buyer
C3237,42,Male,Robertmouth,2024-04-05,T4237,2025-04-01 10:12:57,19.24,Fashion,Cash on Delivery,14,13.33,23,"camera, smartphone, gaming",0,Loyal_Engaged
C3238,47,Male,Smithview,2022-07-23,T4238,2025-04-24 05:15:46,8.92,Fashion,Card,13,8.46,15,"bluetooth, eco_friendly, laptop",0,Occasional_Buyer
C3239,28,Male,Charlesbury,2024-10-24,T4239,2025-04-22 17:27:09,91.93,Grocery,UPI,4,6.52,4,"headphones, laptop",1,Occasional_Buyer
C3240,24,Female,West Brittanyport,2023-01-30,T4240,2025-04-19 12:29:40,86.48,Fashion,Cash on Delivery,7,10.3,5,"5G, organic, eco_friendly, fashion",1,Occasional_Buyer
C3241,48,Male,Santosberg,2025-02-08,T4241,2025-04-12 08:17:13,240.63,Home,UPI,7,5.53,15,"smartphone, home_decor, fitness, fashion",1,High_Spender
C3242,61,Male,South Derek,2022-07-21,T4242,2025-03-28 16:23:37,104.65,Grocery,Card,2,13.2,11,"organic, headphones",1,Occasional_Buyer
C3243,27,Male,West Gabrielletown,2023-10-17,T4243,2025-04-06 20:40:37,4.28,Grocery,Card,14,11.8,24,"eco_friendly, 5G, home_decor",0,Occasional_Buyer
C3244,56,Female,Port Vanessaton,2023-12-18,T4244,2025-03-28 00:08:38,172.5,Fashion,Card,8,8.2,21,"5G, eco_friendly, organic",1,High_Spender
C3245,30,Female,Port Robertburgh,2024-06-11,T4245,2025-04-03 09:18:11,158.83,Electronics,Cash on Delivery,10,8.53,20,"laptop, headphones, organic, smartphone",1,High_Spender
C3246,48,Male,New Kyle,2024-03-24,T4246,2025-03-31 03:55:15,46.86,Fashion,Card,12,10.75,7,"home_decor, smartphone",0,Occasional_Buyer
C3247,24,Female,Briannahaven,2024-09-13,T4247,2025-03-26 06:27:38,70.52,Beauty,Cash on Delivery,10,6.69,12,"bluetooth, gaming, home_decor",1,Occasional_Buyer
C3248,59,Female,Cameronchester,2024-08-17,T4248,2025-03-28 12:27:00,298.64,Electronics,Cash on Delivery,14,7.64,16,"5G, fitness, smartphone",1,High_Spender
C3249,59,Female,Lake Johnnyton,2024-01-17,T4249,2025-04-02 19:17:56,60.8,Grocery,Wallet,9,9.32,23,"gaming, camera, headphones",1,Occasional_Buyer
C3250,53,Male,Port Bryan,2023-03-01,T4250,2025-03-29 19:00:13,188.58,Electronics,Cash on Delivery,6,6.04,19,"smartphone, 5G",1,High_Spender
C3251,37,Female,Alfredburgh,2024-08-19,T4251,2025-04-16 15:13:17,6.94,Home,Cash on Delivery,14,8.64,5,"laptop, home_decor, gaming, 5G",0,Occasional_Buyer
C3252,21,Other,East Matthewport,2024-11-04,T4252,2025-04-07 23:27:11,16.96,Fitness,Wallet,5,6.78,9,"headphones, fitness",0,Occasional_Buyer
C3253,24,Female,Richardland,2024-12-26,T4253,2025-03-27 07:36:07,46.49,Electronics,UPI,1,14.28,11,"home_decor, camera, organic",0,Occasional_Buyer
C3254,18,Male,Nixonstad,2023-07-10,T4254,2025-04-13 23:16:17,70.31,Beauty,Wallet,1,8.79,7,"headphones, fitness",1,Occasional_Buyer
C3255,61,Female,Wolfborough,2024-01-11,T4255,2025-04-21 05:17:12,135.52,Fitness,Wallet,9,7.16,6,"fashion, laptop, organic, camera",1,High_Spender
C3256,62,Female,Wilsonshire,2023-10-04,T4256,2025-03-26 07:12:44,355.59,Home,Card,14,12.02,5,"fashion, headphones, laptop, eco_friendly",1,Loyal_Engaged
C3257,59,Female,East Davidton,2023-01-16,T4257,2025-04-09 22:23:20,39.39,Beauty,Card,4,8.11,15,"laptop, gaming, headphones, eco_friendly",0,Occasional_Buyer
C3258,64,Male,Taylorfurt,2024-09-18,T4258,2025-03-27 19:58:25,3.89,Fitness,Wallet,1,6.69,11,"fashion, gaming, laptop, organic",0,Occasional_Buyer
C3259,30,Male,Jonesside,2023-01-30,T4259,2025-04-10 13:28:06,129.23,Home,Card,11,12.66,9,"gaming, organic, 5G, smartphone",1,Loyal_Engaged
C3260,39,Female,West Tammy,2024-07-05,T4260,2025-04-06 12:47:23,74.18,Fitness,Wallet,10,9.03,10,"camera, headphones, 5G, fashion",1,Occasional_Buyer
C3261,38,Female,Lake Angelicaburgh,2024-09-07,T4261,2025-04-12 21:12:21,17.71,Fitness,Card,12,12.52,12,"smartphone, 5G, fashion",0,Loyal_Engaged
C3262,39,Male,South Destinyshire,2023-08-02,T4262,2025-04-03 19:21:22,54.63,Fashion,Cash on Delivery,3,9.95,3,"5G, gaming, eco_friendly, laptop",1,Occasional_Buyer
C3263,45,Other,Byrdburgh,2023-11-26,T4263,2025-03-29 20:04:32,108.48,Beauty,Card,6,10.39,22,"home_decor, laptop, fashion, 5G",1,Occasional_Buyer
C3264,26,Male,Stevechester,2025-02-13,T4264,2025-04-19 10:47:01,117.72,Beauty,Card,14,11.69,23,"laptop, bluetooth, headphones, home_decor",1,Occasional_Buyer
C3265,43,Female,Port Daniel,2024-10-11,T4265,2025-04-01 09:42:36,55.39,Electronics,Cash on Delivery,11,8.1,23,"fitness, camera, home_decor, smartphone",1,Occasional_Buyer
C3266,26,Female,Sherriside,2024-08-12,T4266,2025-03-26 17:11:46,29.13,Beauty,Wallet,13,7.57,3,"5G, camera, fashion, headphones",0,Occasional_Buyer
C3267,32,Female,North Jasonshire,2024-08-24,T4267,2025-03-28 17:10:33,291.18,Beauty,Card,13,13.61,21,"organic, headphones, bluetooth",1,Loyal_Engaged
C3268,27,Other,Lake Sandrashire,2024-11-29,T4268,2025-03-29 17:06:25,87.1,Fitness,Card,11,11.74,4,"headphones, 5G",1,Occasional_Buyer
C3269,41,Male,Lake Valeriehaven,2025-01-05,T4269,2025-03-29 00:31:58,41.97,Grocery,Cash on Delivery,8,9.8,14,"gaming, organic",0,Occasional_Buyer
C3270,59,Female,Port Alexis,2023-03-30,T4270,2025-04-07 23:06:00,26.33,Fashion,Cash on Delivery,13,12.39,15,"laptop, gaming, organic, headphones",0,Loyal_Engaged
C3271,25,Male,New Davidhaven,2023-03-26,T4271,2025-04-10 21:34:07,105.07,Electronics,Cash on Delivery,10,11.62,16,"headphones, bluetooth, laptop",1,Occasional_Buyer
C3272,41,Female,South Davidburgh,2024-04-26,T4272,2025-03-31 11:03:52,22.19,Fashion,UPI,2,12.83,7,"organic, bluetooth, headphones, smartphone",0,Occasional_Buyer
C3273,33,Female,Port Marthaberg,2025-01-04,T4273,2025-03-28 06:11:02,15.07,Electronics,Cash on Delivery,8,6.57,5,"home_decor, gaming",0,Occasional_Buyer
C3274,43,Female,Danielberg,2022-12-31,T4274,2025-04-01 00:23:31,60.37,Home,Wallet,14,9.81,19,"headphones, fitness, home_decor, gaming",1,Occasional_Buyer
C3275,44,Male,New Mitchell,2023-06-09,T4275,2025-04-07 14:49:11,27.4,Fitness,Card,13,13.39,3,"laptop, fitness, headphones",0,Loyal_Engaged
C3276,54,Female,Noahport,2022-08-31,T4276,2025-04-18 08:15:42,79.3,Beauty,Card,1,15.03,16,"headphones, 5G, eco_friendly, bluetooth",1,Occasional_Buyer
C3277,21,Male,West Paulmouth,2024-11-07,T4277,2025-04-06 03:40:00,10.04,Beauty,UPI,11,8.39,8,"home_decor, fitness, bluetooth, 5G",0,Occasional_Buyer
C3278,41,Male,South Kristenhaven,2024-05-20,T4278,2025-04-02 23:11:42,85.12,Grocery,Card,2,10.48,19,"laptop, camera, smartphone, fitness",1,Occasional_Buyer
C3279,36,Female,Jesseland,2022-12-10,T4279,2025-04-21 19:37:35,26.65,Fashion,Card,8,10.06,6,"camera, bluetooth",0,Occasional_Buyer
C3280,53,Female,Danielville,2023-10-11,T4280,2025-04-15 01:13:56,0.02,Fashion,Wallet,7,6.27,8,"camera, organic, fashion",0,Occasional_Buyer
C3281,56,Female,Taylorburgh,2022-09-11,T4281,2025-04-07 04:03:25,10.86,Fashion,Card,5,9.14,3,"gaming, headphones",0,Occasional_Buyer
C3282,27,Male,Christophermouth,2024-10-24,T4282,2025-03-30 20:32:04,216.98,Beauty,Wallet,13,5.26,11,"fitness, gaming, eco_friendly, organic",1,High_Spender
C3283,42,Male,Haydenview,2022-08-21,T4283,2025-04-10 06:39:16,161.61,Fashion,UPI,10,9.5,6,"bluetooth, camera, gaming, eco_friendly",1,High_Spender
C3284,35,Female,New Markview,2024-05-16,T4284,2025-04-14 21:12:17,21.29,Fitness,Wallet,2,6.89,11,"gaming, fashion, 5G, bluetooth",0,Occasional_Buyer
C3285,36,Female,Lopezport,2024-10-16,T4285,2025-04-23 09:31:31,120.54,Electronics,Cash on Delivery,9,10.51,11,"fashion, home_decor",1,High_Spender
C3286,53,Male,Robertsland,2024-09-03,T4286,2025-04-10 01:38:26,75.04,Beauty,Cash on Delivery,5,9.07,24,"bluetooth, 5G, laptop",1,Occasional_Buyer
C3287,27,Female,Paulmouth,2022-05-15,T4287,2025-04-06 13:30:14,282.97,Fitness,UPI,8,9.02,15,"gaming, organic, fitness",1,High_Spender
C3288,50,Female,East Brianland,2022-12-16,T4288,2025-04-23 04:37:00,37.42,Home,Card,13,14.66,19,"camera, gaming",0,Loyal_Engaged
C3289,22,Female,West Tamaraville,2024-06-24,T4289,2025-03-27 02:33:52,91.52,Fitness,Wallet,4,10.21,23,"organic, eco_friendly, bluetooth, laptop",1,Occasional_Buyer
C3290,64,Female,New Charleschester,2024-09-01,T4290,2025-03-27 06:45:38,5.25,Fitness,Cash on Delivery,14,15.63,5,"5G, home_decor, fitness, camera",0,Loyal_Engaged
C3291,52,Female,North Samuel,2023-11-30,T4291,2025-04-04 04:12:12,40.37,Home,Wallet,9,11.34,8,"organic, headphones, fashion, eco_friendly",0,Occasional_Buyer
C3292,61,Female,New Jennifer,2022-09-03,T4292,2025-04-04 16:08:42,265.53,Fitness,Cash on Delivery,10,12.45,22,"fashion, eco_friendly",1,High_Spender
C3293,51,Female,Michaelside,2024-10-29,T4293,2025-04-22 04:06:14,61.95,Electronics,Wallet,7,7.39,17,"home_decor, fashion, smartphone",1,Occasional_Buyer
C3294,50,Male,Allenberg,2022-12-22,T4294,2025-04-03 12:33:02,27.16,Beauty,Card,2,7.92,16,"fashion, organic, gaming, fitness",0,Occasional_Buyer
C3295,38,Female,New Laura,2025-03-24,T4295,2025-04-01 23:47:15,10.25,Grocery,UPI,3,10.05,15,"home_decor, fitness",0,Occasional_Buyer
C3296,34,Female,East Stephaniestad,2024-11-21,T4296,2025-04-06 22:47:00,97.26,Home,Card,14,13.64,11,"headphones, laptop, eco_friendly",1,Loyal_Engaged
C3297,39,Female,Baileybury,2024-10-30,T4297,2025-04-19 10:45:48,82.82,Beauty,Wallet,2,8.91,17,"fitness, gaming, eco_friendly",1,Occasional_Buyer
C3298,54,Male,Samanthaland,2024-11-14,T4298,2025-04-13 18:28:22,37.46,Fashion,Cash on Delivery,5,5.71,16,"headphones, fashion, eco_friendly, fitness",0,Occasional_Buyer
C3299,32,Female,Johnsonmouth,2024-12-10,T4299,2025-04-04 07:22:48,241.18,Electronics,Cash on Delivery,2,11.19,6,"eco_friendly, laptop, headphones, camera",1,High_Spender
C3300,52,Female,Gatesfort,2025-02-19,T4300,2025-04-20 15:16:39,1.8,Grocery,UPI,5,10.19,13,"headphones, bluetooth, home_decor, 5G",0,Occasional_Buyer
C3301,45,Male,Johnsonmouth,2023-11-12,T4301,2025-04-20 10:13:42,28.96,Electronics,Card,13,8.35,24,"smartphone, camera, home_decor, eco_friendly",0,Occasional_Buyer
C3302,24,Male,Mendozaside,2023-06-21,T4302,2025-03-25 22:06:37,203.13,Electronics,Card,9,8.88,4,"fashion, bluetooth",1,High_Spender
C3303,49,Female,Klineland,2023-08-11,T4303,2025-04-17 09:17:29,30.96,Fashion,Card,2,7.39,18,"organic, eco_friendly, smartphone",0,Occasional_Buyer
C3304,28,Male,West Lisamouth,2023-01-02,T4304,2025-04-20 00:26:05,23.26,Grocery,Cash on Delivery,9,12.77,21,"eco_friendly, fitness, smartphone, laptop",0,Occasional_Buyer
C3305,27,Other,Markside,2025-02-25,T4305,2025-04-16 21:02:05,61.12,Electronics,UPI,7,10.07,18,"camera, home_decor, smartphone, bluetooth",1,Occasional_Buyer
C3306,26,Female,Elizabethmouth,2022-08-02,T4306,2025-03-27 22:26:42,138.89,Fashion,Cash on Delivery,7,10.72,9,"5G, smartphone, laptop, organic",1,High_Spender
C3307,31,Female,North Donald,2024-10-23,T4307,2025-04-06 14:34:00,8.71,Home,Card,14,8.21,13,"5G, fashion, gaming",0,Occasional_Buyer
C3308,30,Male,Brandonport,2022-09-03,T4308,2025-03-27 23:30:33,229.21,Fashion,Wallet,5,14.01,14,"camera, headphones, gaming, fitness",1,High_Spender
C3309,42,Male,South Andrea,2022-12-19,T4309,2025-04-19 14:42:13,126.81,Fitness,Cash on Delivery,8,10.66,6,"camera, laptop, headphones, 5G",1,High_Spender
C3310,19,Other,Newmanville,2024-12-06,T4310,2025-03-30 12:19:25,16.0,Beauty,UPI,7,3.58,18,"camera, fitness",0,Occasional_Buyer
C3311,52,Male,Lake Ericchester,2023-01-28,T4311,2025-04-13 19:32:29,99.59,Fashion,Card,6,11.38,18,"5G, fitness, laptop",1,Occasional_Buyer
C3312,24,Female,Adamsborough,2022-05-04,T4312,2025-03-30 06:44:15,38.89,Fashion,Wallet,2,9.21,9,"home_decor, headphones, 5G, organic",0,Occasional_Buyer
C3313,38,Male,Port Georgestad,2024-12-27,T4313,2025-04-08 21:34:37,41.17,Fashion,Cash on Delivery,6,9.51,15,"eco_friendly, organic, fitness, laptop",0,Occasional_Buyer
C3314,35,Male,Mckenziemouth,2023-06-20,T4314,2025-04-21 18:26:48,122.34,Electronics,Wallet,14,12.98,7,"headphones, fashion, laptop",1,Loyal_Engaged
C3315,20,Male,Victoriashire,2022-11-01,T4315,2025-04-03 09:41:31,263.28,Grocery,Wallet,2,10.27,3,"5G, fashion",1,High_Spender
C3316,59,Female,Kristastad,2022-05-22,T4316,2025-04-13 08:31:57,10.83,Fashion,UPI,1,15.14,7,"smartphone, gaming, organic",0,Occasional_Buyer
C3317,56,Other,Lawrencetown,2022-04-26,T4317,2025-03-30 00:33:39,43.67,Fashion,Cash on Delivery,9,10.32,24,"fitness, 5G, gaming",0,Occasional_Buyer
C3318,58,Male,Lake Christopherstad,2024-12-08,T4318,2025-03-28 06:31:01,52.46,Fitness,UPI,13,8.6,16,"5G, laptop",0,Occasional_Buyer
C3319,28,Male,Munozfort,2023-12-15,T4319,2025-04-17 01:24:45,37.77,Fitness,Card,5,4.56,13,"eco_friendly, fitness, 5G, gaming",0,Occasional_Buyer
C3320,56,Male,South Mary,2025-02-07,T4320,2025-03-30 20:55:51,36.1,Home,Wallet,10,7.85,4,"eco_friendly, 5G, bluetooth",0,Occasional_Buyer
C3321,41,Female,South Colleenfurt,2023-04-17,T4321,2025-04-21 22:36:21,4.29,Home,UPI,10,9.03,20,"organic, fitness",0,Occasional_Buyer
C3322,63,Male,Taylorhaven,2022-08-12,T4322,2025-04-21 04:48:25,92.55,Fitness,UPI,4,14.4,17,"smartphone, organic, 5G, bluetooth",1,Occasional_Buyer
C3323,36,Female,South Andrew,2022-08-19,T4323,2025-04-03 16:18:51,45.85,Grocery,Card,12,8.62,16,"organic, headphones",0,Occasional_Buyer
C3324,21,Female,Jacquelineland,2024-08-27,T4324,2025-04-04 13:41:49,17.33,Home,Cash on Delivery,11,14.93,15,"gaming, headphones",0,Loyal_Engaged
C3325,43,Female,North Melissatown,2023-09-03,T4325,2025-04-05 15:48:45,135.44,Beauty,UPI,8,6.56,4,"fashion, home_decor, smartphone",1,High_Spender
C3326,55,Male,West Evelynburgh,2023-11-22,T4326,2025-04-05 23:56:56,129.79,Beauty,Wallet,5,7.68,21,"gaming, home_decor, smartphone, laptop",1,High_Spender
C3327,59,Other,Micheleview,2023-07-02,T4327,2025-04-12 09:58:13,53.3,Grocery,Wallet,14,13.38,10,"headphones, bluetooth, fashion",1,Loyal_Engaged
C3328,49,Male,West Jenniferview,2024-03-18,T4328,2025-04-03 04:17:54,28.36,Fitness,Wallet,7,8.21,24,"home_decor, fitness",0,Occasional_Buyer
C3329,56,Male,East Joseph,2022-04-26,T4329,2025-04-23 17:24:00,81.31,Home,Wallet,3,13.3,19,"camera, smartphone, laptop",1,Occasional_Buyer
C3330,62,Female,West Tamiville,2023-05-27,T4330,2025-03-30 16:54:13,27.19,Fashion,UPI,8,7.52,17,"laptop, home_decor, eco_friendly",0,Occasional_Buyer
C3331,63,Female,Vickiburgh,2024-06-03,T4331,2025-04-03 20:38:22,21.54,Fitness,Wallet,8,7.82,22,"headphones, bluetooth, fitness",0,Occasional_Buyer
C3332,53,Male,Lake Karenton,2022-05-13,T4332,2025-04-17 14:12:35,104.9,Home,UPI,3,11.93,23,"eco_friendly, fashion, bluetooth",1,Occasional_Buyer
C3333,57,Male,Davidsontown,2025-01-05,T4333,2025-04-10 13:43:40,3.29,Grocery,Cash on Delivery,9,7.56,16,"organic, laptop, fitness, camera",0,Occasional_Buyer
C3334,54,Female,West Hollyport,2023-08-03,T4334,2025-04-20 07:54:28,7.97,Beauty,Wallet,14,9.18,5,"5G, gaming, laptop",0,Occasional_Buyer
C3335,50,Male,North William,2022-11-18,T4335,2025-04-10 19:24:03,0.54,Grocery,Cash on Delivery,8,11.18,19,"fashion, eco_friendly",0,Occasional_Buyer
C3336,53,Female,Lake Heatherberg,2024-02-05,T4336,2025-04-06 21:58:56,13.28,Home,UPI,1,9.24,5,"laptop, gaming",0,Occasional_Buyer
C3337,20,Female,East Sharon,2022-10-20,T4337,2025-04-18 02:10:09,5.72,Grocery,Card,8,8.31,15,"laptop, eco_friendly, gaming, smartphone",0,Occasional_Buyer
C3338,26,Male,East Danielfurt,2023-01-03,T4338,2025-04-14 14:08:33,437.86,Home,Cash on Delivery,12,6.38,20,"fitness, fashion, eco_friendly, smartphone",1,High_Spender
C3339,25,Female,South Vincent,2024-02-21,T4339,2025-04-23 19:43:06,27.27,Home,Wallet,11,14.35,3,"home_decor, smartphone",0,Loyal_Engaged
C3340,50,Male,Kimberlymouth,2022-06-13,T4340,2025-03-26 13:15:08,12.93,Grocery,Card,4,14.91,9,"5G, laptop, gaming, bluetooth",0,Occasional_Buyer
C3341,23,Female,Rogersfort,2023-06-06,T4341,2025-04-11 00:45:53,22.06,Electronics,Cash on Delivery,6,10.99,7,"smartphone, eco_friendly",0,Occasional_Buyer
C3342,58,Female,Brianstad,2022-10-20,T4342,2025-04-04 22:59:27,220.07,Fashion,UPI,14,9.3,4,"eco_friendly, home_decor, camera",1,High_Spender
C3343,56,Male,Romeroland,2022-08-18,T4343,2025-04-14 14:25:03,58.74,Fitness,UPI,13,9.47,19,"camera, fitness, home_decor",1,Occasional_Buyer
C3344,21,Female,New Scott,2023-05-19,T4344,2025-04-14 17:35:22,36.31,Beauty,UPI,10,12.5,23,"fashion, gaming, 5G, bluetooth",0,Occasional_Buyer
C3345,30,Other,North Shannon,2022-09-21,T4345,2025-04-11 10:33:31,165.33,Fashion,Cash on Delivery,9,13.1,12,"gaming, headphones, home_decor",1,High_Spender
C3346,19,Male,Michaelmouth,2024-12-17,T4346,2025-04-24 08:17:34,40.2,Fitness,UPI,5,8.38,6,"organic, 5G, laptop, eco_friendly",0,Occasional_Buyer
C3347,22,Other,South Patrickside,2024-06-15,T4347,2025-04-16 06:33:55,32.64,Fitness,Cash on Delivery,7,13.22,11,"5G, fashion, fitness, camera",0,Occasional_Buyer
C3348,61,Male,Lake Jane,2022-07-24,T4348,2025-04-10 16:37:32,18.58,Beauty,Wallet,13,11.85,23,"fitness, organic, headphones",0,Occasional_Buyer
C3349,44,Male,West Stephanie,2023-08-23,T4349,2025-03-28 06:39:03,37.96,Fashion,Wallet,1,13.17,13,"eco_friendly, fashion, home_decor, headphones",0,Occasional_Buyer
C3350,49,Male,Lake Nicholas,2023-04-06,T4350,2025-04-07 08:08:43,30.46,Beauty,Cash on Delivery,9,5.19,14,"bluetooth, home_decor",0,Occasional_Buyer
C3351,38,Male,Jacksonhaven,2022-12-13,T4351,2025-03-26 08:25:21,90.48,Home,Cash on Delivery,14,8.74,14,"fashion, laptop, headphones",1,Occasional_Buyer
C3352,25,Male,Port Thomas,2022-05-26,T4352,2025-04-17 04:51:55,27.35,Beauty,Card,6,9.48,20,"5G, laptop, headphones",0,Occasional_Buyer
C3353,55,Male,Beanmouth,2025-01-20,T4353,2025-04-07 14:49:01,68.87,Grocery,UPI,11,8.59,6,"gaming, bluetooth, fitness, laptop",1,Occasional_Buyer
C3354,25,Other,Paulburgh,2024-12-19,T4354,2025-04-14 05:01:57,5.45,Electronics,Wallet,4,15.75,11,"gaming, headphones, home_decor, bluetooth",0,Occasional_Buyer
C3355,20,Female,Johnfort,2023-06-26,T4355,2025-04-16 03:50:37,16.99,Electronics,Wallet,6,8.77,10,"headphones, laptop, camera, fashion",0,Occasional_Buyer
C3356,61,Female,Carterport,2023-12-19,T4356,2025-03-26 10:51:06,41.86,Electronics,Card,5,11.41,21,"home_decor, laptop, fitness",0,Occasional_Buyer
C3357,20,Male,Perezhaven,2024-03-01,T4357,2025-04-16 00:51:23,221.11,Fashion,Cash on Delivery,3,10.46,15,"fashion, 5G, eco_friendly",1,High_Spender
C3358,39,Male,Richardfort,2023-11-11,T4358,2025-03-30 20:10:51,37.89,Fashion,Cash on Delivery,7,9.13,4,"smartphone, fashion, 5G",0,Occasional_Buyer
C3359,23,Male,West Nicholasborough,2023-06-12,T4359,2025-04-06 09:29:40,87.27,Home,Card,3,7.87,21,"gaming, home_decor, bluetooth, 5G",1,Occasional_Buyer
C3360,19,Female,Lake Jenniferview,2022-07-15,T4360,2025-04-08 08:10:25,23.56,Electronics,UPI,13,16.17,16,"gaming, smartphone, bluetooth",0,Loyal_Engaged
C3361,40,Other,North Debrashire,2024-03-28,T4361,2025-04-15 16:08:35,10.87,Home,Cash on Delivery,14,9.33,7,"fashion, laptop",0,Occasional_Buyer
C3362,61,Male,West Nathan,2024-01-26,T4362,2025-04-23 13:19:23,4.83,Electronics,Cash on Delivery,13,12.63,12,"bluetooth, fitness, headphones",0,Loyal_Engaged
C3363,19,Male,South Steven,2022-06-25,T4363,2025-04-19 15:36:33,29.16,Fashion,UPI,2,9.97,19,"smartphone, headphones, home_decor",0,Occasional_Buyer
C3364,55,Female,East Sandrafurt,2023-11-09,T4364,2025-04-18 06:30:38,13.73,Grocery,UPI,14,8.62,22,"camera, smartphone, bluetooth",0,Occasional_Buyer
C3365,34,Male,Danachester,2022-09-03,T4365,2025-03-26 15:55:13,15.29,Grocery,Card,4,10.32,18,"smartphone, eco_friendly, fashion, 5G",0,Occasional_Buyer
C3366,52,Male,Port Amandaside,2023-12-07,T4366,2025-03-29 20:51:55,114.42,Grocery,Card,7,10.92,19,"fashion, organic",1,Occasional_Buyer
C3367,51,Female,North Frank,2022-04-28,T4367,2025-03-27 04:47:13,1.28,Beauty,Card,5,8.59,3,"camera, smartphone",0,Occasional_Buyer
C3368,40,Female,Riosfort,2022-12-18,T4368,2025-04-19 16:08:21,65.28,Grocery,Cash on Delivery,14,7.71,23,"camera, headphones, bluetooth",1,Occasional_Buyer
C3369,47,Male,East David,2022-09-05,T4369,2025-04-22 13:40:09,38.17,Fitness,Card,9,11.43,24,"camera, laptop, home_decor, organic",0,Occasional_Buyer
C3370,25,Male,Toddport,2022-11-05,T4370,2025-04-18 10:25:48,56.51,Electronics,Cash on Delivery,10,10.35,17,"home_decor, fitness, 5G, fashion",1,Occasional_Buyer
C3371,39,Other,West Andrea,2022-05-23,T4371,2025-04-12 17:06:17,66.19,Grocery,Wallet,7,8.04,19,"organic, gaming",1,Occasional_Buyer
C3372,61,Male,Lucerohaven,2025-03-24,T4372,2025-04-24 15:14:32,30.08,Fitness,UPI,12,7.18,13,"smartphone, gaming, home_decor, fashion",0,Occasional_Buyer
C3373,53,Male,Port Angelaton,2024-09-26,T4373,2025-04-03 09:02:54,27.98,Fitness,UPI,14,11.05,24,"smartphone, home_decor, laptop",0,Occasional_Buyer
C3374,22,Male,East Franciscoshire,2023-01-03,T4374,2025-04-11 09:13:58,105.76,Fitness,Wallet,9,4.25,7,"home_decor, bluetooth, smartphone",1,Occasional_Buyer
C3375,30,Male,Jillville,2023-02-06,T4375,2025-04-20 13:13:11,164.01,Home,Card,14,9.22,6,"fashion, fitness",1,High_Spender
C3376,46,Male,Port Sarahstad,2024-08-07,T4376,2025-04-01 14:01:10,17.11,Home,Cash on Delivery,9,10.41,23,"fitness, gaming",0,Occasional_Buyer
C3377,48,Female,North Jenniferfurt,2023-03-12,T4377,2025-04-21 18:39:36,8.22,Fitness,Cash on Delivery,12,15.21,11,"headphones, camera",0,Loyal_Engaged
C3378,64,Male,Port Joseph,2022-11-20,T4378,2025-04-12 10:13:25,182.46,Beauty,Cash on Delivery,2,10.03,18,"bluetooth, home_decor, 5G",1,High_Spender
C3379,33,Male,Nicholasmouth,2022-07-03,T4379,2025-04-09 16:50:34,34.45,Grocery,UPI,1,9.1,14,"organic, smartphone, eco_friendly",0,Occasional_Buyer
C3380,59,Female,Port Staceystad,2023-02-16,T4380,2025-04-06 17:30:35,64.12,Electronics,Card,11,10.85,20,"gaming, fitness, fashion",1,Occasional_Buyer
C3381,47,Female,New Caroline,2023-10-29,T4381,2025-04-03 20:13:23,35.65,Beauty,Cash on Delivery,4,7.85,24,"5G, bluetooth, fashion, organic",0,Occasional_Buyer
C3382,33,Female,Connieview,2023-03-25,T4382,2025-04-23 20:00:48,10.76,Fashion,Cash on Delivery,4,9.34,5,"5G, home_decor",0,Occasional_Buyer
C3383,29,Female,New Brandybury,2024-01-07,T4383,2025-04-14 16:00:13,71.2,Home,Cash on Delivery,13,10.09,17,"fitness, eco_friendly, headphones, fashion",1,Occasional_Buyer
C3384,34,Male,Fosterburgh,2023-08-20,T4384,2025-04-09 02:55:44,59.58,Grocery,Wallet,2,11.89,20,"home_decor, headphones, bluetooth",1,Occasional_Buyer
C3385,33,Female,South Brenda,2024-12-10,T4385,2025-04-01 16:49:26,18.15,Grocery,Cash on Delivery,3,7.98,14,"5G, camera, smartphone, fitness",0,Occasional_Buyer
C3386,29,Female,Cynthiaport,2024-01-30,T4386,2025-04-19 22:52:09,48.1,Fashion,Wallet,3,9.98,15,"fitness, smartphone, headphones, eco_friendly",0,Occasional_Buyer
C3387,25,Other,Lake Tonyatown,2023-08-08,T4387,2025-04-13 02:06:16,127.54,Fashion,Cash on Delivery,5,4.63,3,"gaming, fashion, fitness",1,High_Spender
C3388,37,Female,Jamesview,2024-07-15,T4388,2025-04-07 03:16:40,71.41,Grocery,Cash on Delivery,1,11.55,6,"organic, laptop",1,Occasional_Buyer
C3389,20,Other,South Erica,2023-11-07,T4389,2025-04-24 13:14:08,8.16,Fashion,Cash on Delivery,9,9.31,10,"gaming, eco_friendly, laptop, bluetooth",0,Occasional_Buyer
C3390,33,Female,East Kristina,2022-11-05,T4390,2025-03-27 19:19:11,63.53,Grocery,Wallet,8,15.65,21,"eco_friendly, camera, gaming",1,Occasional_Buyer
C3391,47,Male,Williemouth,2023-11-16,T4391,2025-04-07 21:39:55,97.05,Beauty,Cash on Delivery,8,11.05,23,"eco_friendly, 5G, fashion",1,Occasional_Buyer
C3392,62,Female,South Lauraville,2023-12-16,T4392,2025-03-29 20:00:47,125.89,Fashion,Card,3,7.4,23,"bluetooth, eco_friendly, fashion, headphones",1,High_Spender
C3393,40,Other,Smithmouth,2022-11-23,T4393,2025-04-20 21:54:20,79.35,Beauty,Cash on Delivery,2,6.72,7,"camera, gaming",1,Occasional_Buyer
C3394,45,Female,Hortonbury,2023-03-20,T4394,2025-03-28 03:49:01,13.25,Beauty,Wallet,1,11.99,13,"fashion, bluetooth",0,Occasional_Buyer
C3395,57,Male,Port Kellyside,2024-06-10,T4395,2025-04-06 07:03:12,99.08,Fashion,Wallet,12,15.39,19,"gaming, laptop, camera",1,Loyal_Engaged
C3396,22,Female,Lake Theresaberg,2022-05-23,T4396,2025-03-27 10:00:11,90.49,Grocery,Card,6,14.47,19,"headphones, eco_friendly, 5G",1,Occasional_Buyer
C3397,37,Male,Tinafort,2024-04-13,T4397,2025-04-02 13:58:56,1.98,Fitness,UPI,13,6.36,4,"laptop, fitness",0,Occasional_Buyer
C3398,57,Male,Lake Bryan,2023-07-12,T4398,2025-04-10 02:13:34,42.45,Grocery,Card,10,10.61,3,"camera, headphones, bluetooth",0,Occasional_Buyer
C3399,61,Male,Daymouth,2024-05-25,T4399,2025-03-28 23:38:16,32.39,Electronics,Card,1,13.38,6,"organic, fitness",0,Occasional_Buyer
C3400,18,Male,North Steven,2024-08-22,T4400,2025-04-19 23:02:18,88.55,Fashion,Wallet,14,5.98,11,"smartphone, 5G, gaming, eco_friendly",1,Occasional_Buyer
C3401,47,Female,East Tarabury,2022-06-23,T4401,2025-04-05 13:15:27,19.48,Home,Cash on Delivery,11,13.11,4,"headphones, fitness",0,Loyal_Engaged
C3402,38,Male,West Anthony,2023-10-13,T4402,2025-04-10 14:05:50,71.5,Fashion,Cash on Delivery,5,7.89,5,"laptop, bluetooth, headphones, 5G",1,Occasional_Buyer
C3403,37,Female,Wallfurt,2024-05-30,T4403,2025-03-27 11:11:19,195.54,Electronics,UPI,9,9.35,8,"bluetooth, organic, smartphone, gaming",1,High_Spender
C3404,23,Male,Brownington,2022-12-19,T4404,2025-04-23 00:10:10,127.88,Beauty,UPI,11,10.83,15,"eco_friendly, gaming",1,High_Spender
C3405,39,Male,Jackhaven,2022-11-10,T4405,2025-04-09 20:01:32,203.53,Home,UPI,9,13.2,17,"home_decor, bluetooth, headphones, 5G",1,High_Spender
C3406,35,Male,West Ricardo,2024-05-02,T4406,2025-03-27 14:05:05,307.2,Home,UPI,13,14.6,13,"smartphone, headphones, bluetooth, fitness",1,Loyal_Engaged
C3407,25,Male,Roachstad,2025-02-09,T4407,2025-03-31 17:41:08,0.86,Grocery,Card,12,9.03,12,"fashion, organic, smartphone",0,Occasional_Buyer
C3408,56,Male,Lindseybury,2022-12-23,T4408,2025-04-04 23:17:50,77.99,Fitness,Card,4,8.56,5,"headphones, fitness, bluetooth",1,Occasional_Buyer
C3409,49,Male,Wandashire,2024-12-03,T4409,2025-04-16 22:37:41,42.6,Grocery,Cash on Delivery,7,8.36,22,"headphones, 5G, fitness, smartphone",0,Occasional_Buyer
C3410,50,Female,Brownborough,2024-09-14,T4410,2025-04-24 13:32:05,157.21,Home,Card,14,12.34,11,"gaming, organic, fitness, laptop",1,Loyal_Engaged
C3411,33,Male,South Joseph,2024-07-17,T4411,2025-04-04 02:35:17,23.21,Home,Cash on Delivery,11,12.99,12,"headphones, smartphone, eco_friendly",0,Loyal_Engaged
C3412,29,Male,Moralesland,2024-03-24,T4412,2025-04-01 09:59:11,317.19,Fitness,Cash on Delivery,7,12.68,23,"bluetooth, home_decor, gaming, laptop",1,High_Spender
C3413,55,Male,Joseside,2024-11-22,T4413,2025-04-10 23:33:41,76.09,Fashion,Cash on Delivery,4,10.81,14,"home_decor, bluetooth, 5G",1,Occasional_Buyer
C3414,51,Female,Port Jacquelineland,2023-05-18,T4414,2025-04-22 06:18:05,126.21,Fitness,Cash on Delivery,5,11.11,10,"fitness, camera, gaming, 5G",1,High_Spender
C3415,31,Other,Port Brandon,2023-07-27,T4415,2025-04-01 14:15:01,7.16,Beauty,Wallet,11,9.31,23,"bluetooth, fashion, fitness, home_decor",0,Occasional_Buyer
C3416,53,Female,Lynchland,2022-11-29,T4416,2025-04-17 10:55:15,16.21,Grocery,Cash on Delivery,9,9.59,23,"fitness, fashion, organic, home_decor",0,Occasional_Buyer
C3417,50,Male,West Angelaport,2022-08-16,T4417,2025-04-06 21:58:34,113.64,Fashion,Card,7,12.56,23,"gaming, bluetooth, eco_friendly",1,Occasional_Buyer
C3418,40,Male,Gravesview,2024-10-12,T4418,2025-04-01 05:02:18,1.78,Grocery,Card,7,10.79,19,"smartphone, camera, headphones, fashion",0,Occasional_Buyer
C3419,62,Other,Lake Jennifer,2023-11-01,T4419,2025-04-09 13:01:30,135.81,Fitness,Card,10,8.58,24,"organic, camera, eco_friendly",1,High_Spender
C3420,19,Male,Royland,2023-11-28,T4420,2025-04-06 23:55:41,1.12,Fashion,Card,7,13.3,7,"bluetooth, laptop",0,Occasional_Buyer
C3421,58,Male,Herreraport,2024-02-26,T4421,2025-04-19 20:48:35,85.63,Fitness,Wallet,9,8.18,10,"smartphone, headphones",1,Occasional_Buyer
C3422,38,Male,Raymondburgh,2024-02-03,T4422,2025-04-04 09:57:57,36.34,Beauty,UPI,5,10.44,20,"bluetooth, gaming, eco_friendly",0,Occasional_Buyer
C3423,19,Male,South Kristen,2022-05-24,T4423,2025-04-14 00:49:48,75.64,Electronics,UPI,6,6.28,13,"eco_friendly, fashion, laptop",1,Occasional_Buyer
C3424,44,Male,New Scott,2023-10-26,T4424,2025-04-15 20:27:06,95.27,Home,Cash on Delivery,3,7.16,24,"camera, gaming",1,Occasional_Buyer
C3425,26,Female,Mendozastad,2024-09-12,T4425,2025-04-08 22:57:12,33.54,Fashion,Cash on Delivery,1,10.06,12,"fitness, smartphone, bluetooth, gaming",0,Occasional_Buyer
C3426,18,Male,Jessicaside,2023-09-19,T4426,2025-04-09 03:10:20,9.14,Home,Card,11,7.91,17,"5G, bluetooth, camera",0,Occasional_Buyer
C3427,28,Female,Carlaborough,2022-12-24,T4427,2025-04-01 03:10:12,5.78,Electronics,Card,12,9.31,8,"laptop, gaming, smartphone",0,Occasional_Buyer
C3428,20,Male,Shepherdbury,2023-07-05,T4428,2025-04-12 04:14:24,71.12,Fashion,UPI,2,13.64,21,"5G, eco_friendly",1,Occasional_Buyer
C3429,40,Male,Ellisburgh,2022-05-16,T4429,2025-04-23 11:30:10,58.83,Home,UPI,8,9.63,19,"fitness, home_decor, camera, 5G",1,Occasional_Buyer
C3430,43,Other,Lake Daniellefort,2022-09-13,T4430,2025-04-05 19:43:36,108.45,Home,Card,13,12.7,12,"fitness, home_decor",1,Loyal_Engaged
C3431,21,Male,East Robert,2022-06-28,T4431,2025-04-22 05:07:56,57.02,Fashion,Cash on Delivery,1,7.66,7,"home_decor, organic, eco_friendly",1,Occasional_Buyer
C3432,35,Female,Rodriguezside,2024-04-15,T4432,2025-03-28 10:19:38,43.92,Home,Wallet,10,11.65,18,"eco_friendly, smartphone, fashion, fitness",0,Occasional_Buyer
C3433,23,Female,New Alyssaland,2022-09-13,T4433,2025-04-20 12:56:01,40.61,Home,Wallet,7,7.0,14,"laptop, fitness, organic",0,Occasional_Buyer
C3434,52,Male,West Melanieborough,2022-05-20,T4434,2025-03-30 05:48:06,2.14,Fashion,UPI,5,9.25,23,"gaming, fitness",0,Occasional_Buyer
C3435,39,Other,Kristinton,2023-05-05,T4435,2025-04-11 22:40:27,32.7,Home,UPI,13,11.77,7,"eco_friendly, camera, laptop, fashion",0,Occasional_Buyer
C3436,60,Male,Lake Miaborough,2024-11-12,T4436,2025-03-30 13:49:25,298.44,Home,UPI,6,10.04,23,"organic, laptop",1,High_Spender
C3437,32,Female,Hilltown,2022-11-03,T4437,2025-04-15 12:51:57,165.44,Grocery,Wallet,8,12.83,3,"fitness, home_decor, camera",1,High_Spender
C3438,39,Male,Lake Alicia,2023-05-04,T4438,2025-04-14 22:57:15,31.96,Beauty,Wallet,4,12.0,4,"bluetooth, headphones, fitness",0,Occasional_Buyer
C3439,54,Female,Port Olivia,2024-12-28,T4439,2025-04-10 14:52:19,70.9,Grocery,Card,6,9.07,7,"headphones, organic, fitness, smartphone",1,Occasional_Buyer
C3440,59,Male,Bennettfurt,2025-01-29,T4440,2025-04-09 23:22:29,150.34,Electronics,Cash on Delivery,14,13.89,21,"laptop, gaming, headphones",1,Loyal_Engaged
C3441,29,Female,Fosterland,2023-03-09,T4441,2025-04-06 11:43:44,46.57,Grocery,UPI,11,11.31,17,"fashion, eco_friendly, camera, home_decor",0,Occasional_Buyer
C3442,64,Female,North Samantha,2024-08-09,T4442,2025-04-09 22:52:35,1.45,Grocery,Card,3,9.27,3,"fitness, fashion, smartphone",0,Occasional_Buyer
C3443,59,Other,Stephanieborough,2023-07-30,T4443,2025-04-21 02:19:36,6.19,Electronics,Wallet,7,10.44,13,"smartphone, headphones",0,Occasional_Buyer
C3444,55,Other,Michaelton,2024-07-25,T4444,2025-03-27 03:04:23,57.13,Home,Card,2,10.27,20,"gaming, smartphone",1,Occasional_Buyer
C3445,35,Female,Tinaside,2024-08-03,T4445,2025-04-18 13:55:05,279.04,Home,Wallet,12,10.6,5,"camera, home_decor, gaming, smartphone",1,High_Spender
C3446,62,Female,North Willieview,2024-04-23,T4446,2025-04-16 16:12:39,94.53,Grocery,Cash on Delivery,8,9.57,11,"fashion, fitness",1,Occasional_Buyer
C3447,52,Male,Harriston,2022-11-08,T4447,2025-04-11 06:50:50,5.88,Electronics,Wallet,13,11.12,6,"fitness, camera, headphones",0,Occasional_Buyer
C3448,47,Male,South Antonio,2024-01-02,T4448,2025-04-05 10:04:30,16.79,Home,Card,7,12.37,15,"home_decor, smartphone",0,Occasional_Buyer
C3449,41,Male,Davidshire,2022-07-29,T4449,2025-03-31 17:14:03,118.04,Fitness,Cash on Delivery,12,11.28,11,"home_decor, laptop",1,Occasional_Buyer
C3450,59,Male,Port Tinamouth,2022-12-21,T4450,2025-04-15 08:36:04,147.33,Fashion,Wallet,12,11.17,5,"organic, smartphone",1,High_Spender
C3451,47,Male,East Christine,2022-07-02,T4451,2025-03-31 16:06:15,76.92,Fashion,UPI,8,9.7,18,"headphones, eco_friendly, bluetooth, gaming",1,Occasional_Buyer
C3452,31,Female,Lisachester,2024-08-07,T4452,2025-04-14 22:33:44,82.72,Beauty,Wallet,2,7.34,24,"eco_friendly, 5G",1,Occasional_Buyer
C3453,23,Male,North Johnny,2023-08-05,T4453,2025-04-22 03:51:51,2.3,Fashion,Cash on Delivery,3,6.61,10,"eco_friendly, 5G, gaming",0,Occasional_Buyer
C3454,20,Female,Martinezmouth,2023-07-29,T4454,2025-03-27 20:18:47,141.07,Grocery,Card,12,7.88,9,"5G, fashion",1,High_Spender
C3455,33,Male,South James,2024-02-27,T4455,2025-04-17 14:48:45,124.2,Fashion,Cash on Delivery,4,8.75,19,"home_decor, gaming, smartphone",1,High_Spender
C3456,24,Male,Lake Meganshire,2025-03-10,T4456,2025-04-16 15:07:51,23.98,Fashion,Card,12,15.02,18,"5G, fitness",0,Loyal_Engaged
C3457,31,Female,West Gregory,2022-10-19,T4457,2025-04-14 23:46:00,98.67,Fitness,Wallet,9,13.75,23,"5G, gaming, organic, fitness",1,Occasional_Buyer
C3458,26,Female,Johnsonstad,2024-11-17,T4458,2025-04-14 10:16:05,19.35,Home,Wallet,12,8.22,24,"5G, headphones, fitness, eco_friendly",0,Occasional_Buyer
C3459,32,Female,East Ryan,2023-04-17,T4459,2025-04-13 08:32:46,3.29,Fitness,Cash on Delivery,12,11.35,20,"eco_friendly, organic, fashion, home_decor",0,Occasional_Buyer
C3460,38,Female,Garciaview,2023-11-16,T4460,2025-04-17 03:06:26,17.97,Grocery,UPI,5,9.8,18,"headphones, 5G",0,Occasional_Buyer
C3461,52,Male,Elizabethchester,2024-03-10,T4461,2025-04-02 10:45:48,15.74,Fashion,Wallet,6,10.71,17,"smartphone, home_decor, organic, laptop",0,Occasional_Buyer
C3462,19,Female,Lake Laurie,2024-02-16,T4462,2025-04-18 07:43:18,32.97,Home,UPI,1,8.35,4,"home_decor, fashion, bluetooth, 5G",0,Occasional_Buyer
C3463,44,Male,Lake Nicholas,2022-05-31,T4463,2025-04-11 06:54:32,43.36,Beauty,UPI,4,16.73,22,"gaming, eco_friendly, 5G, headphones",0,Occasional_Buyer
C3464,19,Male,Perryburgh,2023-06-20,T4464,2025-04-01 15:43:52,56.83,Beauty,Cash on Delivery,14,15.59,6,"fashion, eco_friendly, smartphone",1,Loyal_Engaged
C3465,52,Male,Carlfurt,2023-06-07,T4465,2025-04-11 13:28:08,51.82,Fashion,Wallet,4,9.12,7,"headphones, bluetooth, fashion",0,Occasional_Buyer
C3466,35,Male,Lake Bryan,2024-07-17,T4466,2025-03-30 15:07:39,25.25,Fashion,UPI,10,8.21,9,"fitness, smartphone, camera, organic",0,Occasional_Buyer
C3467,31,Male,East Meaganbury,2023-12-23,T4467,2025-04-02 18:59:46,2.37,Beauty,Wallet,8,12.78,17,"smartphone, camera, home_decor, 5G",0,Occasional_Buyer
C3468,37,Other,Port Jenniferborough,2024-10-02,T4468,2025-03-31 17:59:51,74.33,Beauty,Card,8,6.37,19,"fitness, home_decor, laptop, camera",1,Occasional_Buyer
C3469,35,Other,West Heatherchester,2023-11-02,T4469,2025-04-12 09:59:21,40.3,Grocery,UPI,10,12.54,12,"home_decor, 5G, fashion, bluetooth",0,Occasional_Buyer
C3470,27,Male,West Sabrina,2024-04-15,T4470,2025-04-01 10:48:25,28.38,Fashion,Cash on Delivery,6,10.38,22,"laptop, organic",0,Occasional_Buyer
C3471,42,Male,Manningville,2025-03-10,T4471,2025-04-23 16:58:36,161.36,Beauty,Cash on Delivery,8,5.7,11,"fitness, organic, home_decor",1,High_Spender
C3472,19,Male,East Seth,2024-04-04,T4472,2025-04-20 15:40:57,109.87,Electronics,UPI,9,9.54,18,"fitness, bluetooth, organic, 5G",1,Occasional_Buyer
C3473,42,Male,Gutierrezton,2022-05-29,T4473,2025-03-30 22:49:35,156.02,Beauty,Wallet,5,8.03,5,"home_decor, smartphone, fitness",1,High_Spender
C3474,50,Other,Dixonland,2022-08-24,T4474,2025-03-30 12:10:05,54.65,Home,Card,1,10.49,24,"organic, laptop, smartphone",1,Occasional_Buyer
C3475,53,Male,North Brittney,2023-12-31,T4475,2025-04-16 07:27:20,11.23,Home,Card,1,10.17,11,"home_decor, fashion, 5G",0,Occasional_Buyer
C3476,48,Female,East Sue,2023-06-21,T4476,2025-04-15 12:30:52,95.32,Electronics,Cash on Delivery,2,5.96,10,"laptop, home_decor, gaming",1,Occasional_Buyer
C3477,31,Male,Jerometown,2024-12-25,T4477,2025-04-23 07:43:52,18.46,Grocery,Cash on Delivery,2,9.0,9,"smartphone, camera",0,Occasional_Buyer
C3478,18,Other,Thompsonbury,2023-04-09,T4478,2025-03-30 09:55:13,46.56,Fashion,Wallet,5,11.72,19,"headphones, home_decor, organic, fitness",0,Occasional_Buyer
C3479,63,Male,Arnoldport,2024-03-11,T4479,2025-04-01 03:50:53,5.38,Fashion,Cash on Delivery,7,12.24,7,"headphones, smartphone, camera, 5G",0,Occasional_Buyer
C3480,33,Female,West Kenneth,2022-06-19,T4480,2025-04-22 20:58:33,139.58,Beauty,Wallet,7,8.91,9,"fitness, eco_friendly, laptop, home_decor",1,High_Spender
C3481,63,Male,Port Michelemouth,2024-05-26,T4481,2025-03-31 03:35:20,10.77,Home,UPI,4,11.37,15,"laptop, 5G",0,Occasional_Buyer
C3482,20,Female,Scottton,2024-08-31,T4482,2025-04-22 11:25:29,186.72,Grocery,Card,13,10.8,20,"bluetooth, headphones, camera, fashion",1,High_Spender
C3483,52,Male,Boyerport,2022-07-31,T4483,2025-03-29 07:41:59,159.74,Grocery,UPI,4,9.84,24,"5G, laptop, gaming",1,High_Spender
C3484,58,Male,Sarahstad,2024-08-14,T4484,2025-04-09 20:09:45,49.98,Grocery,Cash on Delivery,14,11.39,16,"camera, laptop, organic",0,Occasional_Buyer
C3485,23,Other,Adamton,2024-11-10,T4485,2025-04-19 10:47:49,109.12,Beauty,Card,14,7.22,20,"fashion, headphones",1,Occasional_Buyer
C3486,42,Other,Lake Michelle,2024-07-03,T4486,2025-04-09 15:46:11,77.29,Fashion,Card,11,10.0,5,"camera, laptop, bluetooth, gaming",1,Occasional_Buyer
C3487,30,Female,Gonzalesmouth,2023-10-14,T4487,2025-03-31 11:46:32,129.99,Grocery,UPI,10,5.19,19,"5G, laptop",1,High_Spender
C3488,51,Female,Port Williamchester,2024-08-06,T4488,2025-04-21 07:15:07,45.22,Beauty,Wallet,3,9.84,21,"camera, gaming, fitness, organic",0,Occasional_Buyer
C3489,25,Female,Woodville,2023-11-07,T4489,2025-04-11 03:31:53,123.27,Beauty,Card,11,14.28,9,"eco_friendly, camera, headphones",1,Loyal_Engaged
C3490,38,Male,North Christianmouth,2022-07-29,T4490,2025-03-27 23:11:43,49.66,Electronics,Wallet,2,9.04,23,"smartphone, home_decor, headphones",0,Occasional_Buyer
C3491,51,Male,Beckerberg,2024-11-22,T4491,2025-04-03 11:55:28,226.37,Fitness,UPI,3,13.98,6,"fitness, 5G",1,High_Spender
C3492,21,Male,North Williamhaven,2023-05-17,T4492,2025-03-26 01:48:31,53.3,Grocery,UPI,8,9.09,17,"gaming, bluetooth, home_decor",1,Occasional_Buyer
C3493,42,Female,Davisview,2023-08-17,T4493,2025-04-01 22:40:59,49.68,Fitness,Wallet,1,6.75,10,"fashion, organic",0,Occasional_Buyer
C3494,32,Male,Mooreburgh,2023-12-30,T4494,2025-04-21 22:41:38,123.0,Fashion,UPI,4,12.0,18,"laptop, bluetooth, 5G",1,High_Spender
C3495,21,Male,Maryport,2024-05-17,T4495,2025-04-05 16:20:35,137.89,Beauty,Card,7,11.39,3,"organic, headphones, laptop, smartphone",1,High_Spender
C3496,62,Female,Howardborough,2024-12-31,T4496,2025-04-04 01:40:00,64.68,Grocery,UPI,5,16.96,18,"5G, fashion",1,Occasional_Buyer
C3497,29,Female,Lake Bethmouth,2024-10-30,T4497,2025-04-13 09:21:15,15.86,Home,UPI,2,7.06,4,"organic, eco_friendly, 5G, gaming",0,Occasional_Buyer
C3498,49,Male,West Anthonyview,2024-01-15,T4498,2025-04-09 18:35:03,50.45,Fashion,Card,1,11.07,4,"organic, fashion",0,Occasional_Buyer
C3499,49,Male,North Morganville,2023-09-17,T4499,2025-04-06 13:09:23,275.54,Electronics,Wallet,6,11.18,10,"headphones, camera, laptop",1,High_Spender
C3500,45,Male,East Briannaside,2022-05-02,T4500,2025-04-12 16:03:45,111.86,Electronics,UPI,13,13.17,14,"bluetooth, fitness, gaming",1,Loyal_Engaged
C3501,30,Male,New Sara,2022-12-03,T4501,2025-04-07 04:26:41,133.35,Fitness,Wallet,13,11.59,13,"bluetooth, fitness",1,High_Spender
C3502,48,Male,Stephenburgh,2023-03-27,T4502,2025-04-20 12:33:20,2.67,Beauty,Card,5,9.14,8,"gaming, eco_friendly",0,Occasional_Buyer
C3503,31,Female,New Larry,2024-12-24,T4503,2025-04-14 16:47:36,50.47,Fitness,Wallet,3,6.79,21,"organic, gaming, home_decor",0,Occasional_Buyer
C3504,37,Female,East Amandafort,2023-08-30,T4504,2025-04-07 07:24:50,83.22,Home,Wallet,11,11.04,20,"gaming, laptop, camera",1,Occasional_Buyer
C3505,35,Female,West Ashley,2023-02-01,T4505,2025-04-19 04:37:30,141.77,Home,Cash on Delivery,11,11.12,7,"fitness, home_decor, smartphone, laptop",1,High_Spender
C3506,46,Male,East Tracyside,2023-01-30,T4506,2025-03-28 14:11:56,4.04,Electronics,Cash on Delivery,11,11.89,17,"eco_friendly, headphones, camera, smartphone",0,Occasional_Buyer
C3507,23,Female,New Josephbury,2024-09-05,T4507,2025-03-30 04:07:10,153.08,Grocery,UPI,9,9.13,10,"organic, fashion, 5G, laptop",1,High_Spender
C3508,49,Male,Port Christopher,2024-09-04,T4508,2025-04-22 07:32:42,63.6,Electronics,Cash on Delivery,3,10.83,8,"home_decor, gaming",1,Occasional_Buyer
C3509,46,Female,Scottfort,2023-06-09,T4509,2025-03-30 01:38:08,17.58,Electronics,Cash on Delivery,2,5.37,14,"camera, 5G, eco_friendly",0,Occasional_Buyer
C3510,60,Female,East Kevinshire,2023-06-03,T4510,2025-04-23 21:57:33,30.53,Home,Cash on Delivery,5,6.91,21,"headphones, eco_friendly, organic",0,Occasional_Buyer
C3511,19,Male,North Walter,2023-10-05,T4511,2025-04-18 21:52:55,26.5,Fitness,Wallet,9,12.81,14,"laptop, bluetooth, home_decor",0,Occasional_Buyer
C3512,40,Male,Sampsonbury,2024-06-20,T4512,2025-03-25 21:33:38,60.55,Home,Wallet,8,10.54,14,"gaming, headphones, camera",1,Occasional_Buyer
C3513,36,Female,Allenview,2025-03-23,T4513,2025-04-12 17:59:37,4.25,Beauty,Cash on Delivery,6,11.43,11,"bluetooth, eco_friendly, headphones",0,Occasional_Buyer
C3514,48,Male,Lake Davidmouth,2024-08-09,T4514,2025-04-13 10:14:55,13.81,Home,Card,3,8.2,12,"laptop, fitness, fashion, home_decor",0,Occasional_Buyer
C3515,22,Female,Jacksonshire,2023-02-18,T4515,2025-04-08 09:50:23,134.0,Home,Cash on Delivery,6,7.82,24,"gaming, home_decor",1,High_Spender
C3516,36,Male,Rivasbury,2022-06-04,T4516,2025-04-21 09:48:47,11.38,Electronics,Card,5,8.73,19,"bluetooth, fitness, 5G, headphones",0,Occasional_Buyer
C3517,51,Female,New Jordan,2023-07-16,T4517,2025-04-09 03:35:28,21.26,Grocery,Wallet,1,10.71,20,"fitness, bluetooth, gaming, camera",0,Occasional_Buyer
C3518,27,Male,Port Patrick,2022-08-15,T4518,2025-04-12 03:39:01,48.32,Electronics,Card,5,12.06,18,"bluetooth, smartphone",0,Occasional_Buyer
C3519,42,Male,Laurenchester,2024-03-20,T4519,2025-04-13 10:07:22,58.24,Fashion,Wallet,14,9.25,6,"bluetooth, organic, home_decor",1,Occasional_Buyer
C3520,19,Female,Aaronbury,2024-10-05,T4520,2025-04-21 20:57:52,115.38,Home,Card,7,5.02,20,"bluetooth, fitness",1,Occasional_Buyer
C3521,28,Male,West Dennisstad,2023-09-14,T4521,2025-04-20 02:39:15,47.44,Home,Wallet,9,11.2,5,"smartphone, gaming, fitness",0,Occasional_Buyer
C3522,48,Male,Baileymouth,2023-05-12,T4522,2025-03-31 08:48:41,124.8,Fashion,Wallet,12,10.8,18,"fitness, home_decor",1,High_Spender
C3523,32,Male,Evansmouth,2025-02-20,T4523,2025-04-03 20:31:37,77.06,Home,Cash on Delivery,1,11.44,16,"home_decor, fashion",1,Occasional_Buyer
C3524,26,Male,Lake Heathermouth,2024-08-30,T4524,2025-04-19 23:06:51,9.6,Home,UPI,3,12.57,11,"eco_friendly, gaming, organic, home_decor",0,Occasional_Buyer
C3525,40,Male,Lake Nataliestad,2024-12-07,T4525,2025-04-23 09:25:55,13.6,Beauty,UPI,8,12.33,8,"fitness, laptop",0,Occasional_Buyer
C3526,36,Male,Port Jeremystad,2024-02-15,T4526,2025-04-10 02:20:10,45.96,Home,Wallet,6,14.08,6,"eco_friendly, headphones",0,Occasional_Buyer
C3527,26,Other,Nancyport,2023-03-25,T4527,2025-04-11 14:47:55,40.45,Fashion,Cash on Delivery,13,10.09,4,"5G, gaming, fitness",0,Occasional_Buyer
C3528,52,Male,Miguelmouth,2024-01-16,T4528,2025-04-20 07:37:42,108.86,Electronics,UPI,5,8.7,12,"headphones, bluetooth",1,Occasional_Buyer
C3529,38,Female,East Ernestton,2023-08-02,T4529,2025-04-12 06:27:58,69.54,Home,UPI,13,13.12,13,"bluetooth, eco_friendly",1,Loyal_Engaged
C3530,26,Male,Richardfort,2023-07-23,T4530,2025-04-04 03:00:49,39.3,Grocery,Cash on Delivery,10,12.73,9,"fashion, 5G",0,Occasional_Buyer
C3531,45,Male,Port Melinda,2022-12-15,T4531,2025-04-20 17:52:32,14.98,Fashion,Cash on Delivery,2,9.3,7,"smartphone, headphones, organic, 5G",0,Occasional_Buyer
C3532,63,Other,West Natalie,2022-08-16,T4532,2025-04-23 05:47:35,20.58,Fitness,UPI,3,13.32,6,"smartphone, bluetooth, eco_friendly",0,Occasional_Buyer
C3533,24,Male,Vaughnhaven,2023-07-27,T4533,2025-04-20 14:07:47,68.55,Beauty,UPI,12,10.22,8,"eco_friendly, smartphone, bluetooth",1,Occasional_Buyer
C3534,33,Other,New Miguel,2023-03-28,T4534,2025-04-01 02:11:14,44.05,Fashion,Card,2,13.83,4,"fashion, gaming, headphones, organic",0,Occasional_Buyer
C3535,33,Male,Lisaburgh,2023-08-14,T4535,2025-04-01 10:10:06,57.88,Electronics,Card,1,15.19,4,"camera, 5G",1,Occasional_Buyer
C3536,50,Female,West Angel,2024-11-01,T4536,2025-04-16 00:47:51,14.97,Fashion,Wallet,7,17.92,18,"bluetooth, organic",0,Occasional_Buyer
C3537,21,Female,South Joannachester,2022-12-29,T4537,2025-04-14 07:52:09,86.99,Fitness,UPI,14,10.19,15,"laptop, eco_friendly",1,Occasional_Buyer
C3538,21,Female,East Andreaside,2023-09-23,T4538,2025-03-31 23:03:01,153.14,Beauty,Cash on Delivery,3,14.25,23,"eco_friendly, fashion",1,High_Spender
C3539,56,Female,West Ryanview,2024-01-02,T4539,2025-03-27 21:34:01,23.87,Grocery,Cash on Delivery,7,12.56,9,"fashion, gaming",0,Occasional_Buyer
C3540,57,Female,Lake William,2022-09-20,T4540,2025-04-20 20:22:21,54.11,Fitness,UPI,12,12.84,7,"organic, camera",1,Loyal_Engaged
C3541,34,Male,New Kevin,2024-08-26,T4541,2025-04-02 17:57:22,296.82,Fashion,Wallet,7,11.27,19,"camera, bluetooth",1,High_Spender
C3542,54,Male,Maysview,2022-06-03,T4542,2025-04-14 16:25:24,32.43,Fitness,Cash on Delivery,8,12.85,15,"smartphone, fitness",0,Occasional_Buyer
C3543,56,Other,Beckymouth,2025-02-06,T4543,2025-04-14 17:44:07,72.32,Fashion,UPI,1,5.88,17,"5G, laptop, organic, bluetooth",1,Occasional_Buyer
C3544,46,Male,Johnsonfort,2022-10-21,T4544,2025-03-26 13:17:00,7.56,Grocery,UPI,5,9.91,5,"home_decor, camera",0,Occasional_Buyer
C3545,53,Male,Jimenezmouth,2022-05-14,T4545,2025-04-13 16:53:44,74.52,Grocery,Wallet,10,8.04,6,"organic, fashion, smartphone",1,Occasional_Buyer
C3546,55,Female,Lake Carrie,2025-02-19,T4546,2025-04-24 11:49:49,7.51,Electronics,UPI,9,7.79,17,"camera, eco_friendly, 5G",0,Occasional_Buyer
C3547,56,Male,South Michael,2024-10-17,T4547,2025-04-16 12:29:11,256.0,Grocery,Cash on Delivery,12,5.69,20,"home_decor, camera, headphones",1,High_Spender
C3548,54,Other,Jacobport,2022-06-14,T4548,2025-03-29 00:54:25,100.61,Home,Card,11,8.42,5,"bluetooth, eco_friendly, fashion, fitness",1,Occasional_Buyer
C3549,52,Female,Claytonview,2023-11-23,T4549,2025-04-24 05:37:16,124.15,Fitness,Wallet,7,9.48,9,"fitness, headphones, gaming, fashion",1,High_Spender
C3550,24,Female,East Matthew,2024-12-25,T4550,2025-04-15 02:38:03,97.42,Fitness,UPI,1,10.55,10,"gaming, eco_friendly, headphones, laptop",1,Occasional_Buyer
C3551,44,Female,Stephenburgh,2025-02-28,T4551,2025-04-15 23:32:26,71.27,Fashion,Wallet,8,9.96,13,"5G, fitness, bluetooth",1,Occasional_Buyer
C3552,45,Male,Jacobborough,2023-04-13,T4552,2025-03-30 13:32:46,47.81,Grocery,UPI,3,13.16,24,"camera, laptop",0,Occasional_Buyer
C3553,39,Male,Reidmouth,2024-12-28,T4553,2025-04-06 23:30:59,156.36,Electronics,Card,13,7.31,11,"bluetooth, home_decor",1,High_Spender
C3554,31,Female,Stephenfort,2024-02-09,T4554,2025-04-20 21:14:46,251.42,Electronics,Wallet,4,4.17,22,"home_decor, laptop, smartphone",1,High_Spender
C3555,24,Male,North Jenniferton,2022-06-30,T4555,2025-03-29 04:37:05,55.3,Electronics,UPI,4,11.59,14,"bluetooth, fashion, camera",1,Occasional_Buyer
C3556,54,Female,Brittanyshire,2023-01-28,T4556,2025-04-05 16:33:01,214.51,Beauty,Card,10,9.86,7,"fitness, laptop",1,High_Spender
C3557,39,Other,Lake Frankborough,2024-10-17,T4557,2025-04-14 01:08:22,70.04,Home,Cash on Delivery,14,9.8,3,"fashion, gaming, bluetooth, eco_friendly",1,Occasional_Buyer
C3558,22,Male,Matthewborough,2024-10-28,T4558,2025-04-16 09:22:55,61.84,Grocery,UPI,12,7.86,16,"laptop, home_decor, smartphone, gaming",1,Occasional_Buyer
C3559,19,Male,North Allisonmouth,2024-12-15,T4559,2025-04-10 20:03:16,48.48,Electronics,Card,8,12.73,5,"5G, fitness, gaming, eco_friendly",0,Occasional_Buyer
C3560,44,Other,North Paulville,2023-07-25,T4560,2025-04-11 11:28:24,18.79,Home,Card,1,8.74,17,"laptop, gaming",0,Occasional_Buyer
C3561,38,Male,Danaside,2023-09-05,T4561,2025-04-22 00:54:16,0.3,Fitness,Wallet,8,7.35,12,"smartphone, fitness, 5G",0,Occasional_Buyer
C3562,55,Female,Briggsburgh,2024-02-09,T4562,2025-04-03 11:35:36,22.11,Fashion,UPI,9,15.02,12,"gaming, fitness, eco_friendly",0,Occasional_Buyer
C3563,32,Male,North Danielleside,2022-09-08,T4563,2025-04-19 02:13:12,57.02,Grocery,Cash on Delivery,9,12.07,5,"smartphone, 5G, eco_friendly",1,Occasional_Buyer
C3564,38,Other,East Dawnland,2023-10-24,T4564,2025-04-03 08:37:05,38.24,Grocery,UPI,5,9.88,8,"eco_friendly, organic",0,Occasional_Buyer
C3565,27,Female,Jamestown,2023-05-25,T4565,2025-04-08 08:21:28,47.61,Beauty,Card,4,2.68,7,"headphones, home_decor, smartphone",0,Occasional_Buyer
C3566,40,Female,Gibsonchester,2023-03-09,T4566,2025-04-05 08:39:01,315.6,Fitness,Cash on Delivery,4,9.29,21,"eco_friendly, organic",1,High_Spender
C3567,56,Female,Nathanfurt,2023-12-26,T4567,2025-04-12 04:45:17,34.5,Grocery,Card,9,9.94,16,"5G, headphones, fitness",0,Occasional_Buyer
C3568,22,Male,Shawmouth,2024-07-19,T4568,2025-04-10 11:51:42,48.15,Beauty,Wallet,8,14.39,19,"home_decor, gaming, bluetooth",0,Occasional_Buyer
C3569,18,Male,Robinsonberg,2025-02-27,T4569,2025-03-31 08:29:43,11.46,Beauty,UPI,10,4.75,14,"headphones, smartphone",0,Occasional_Buyer
C3570,30,Female,East Susan,2023-05-02,T4570,2025-04-13 19:36:17,3.93,Beauty,Card,10,14.68,11,"gaming, headphones",0,Occasional_Buyer
C3571,38,Male,Richardland,2022-10-20,T4571,2025-04-16 13:12:53,119.48,Grocery,Card,12,11.31,5,"gaming, 5G",1,Occasional_Buyer
C3572,43,Female,Kelliborough,2024-12-05,T4572,2025-04-01 01:34:24,67.64,Grocery,UPI,7,6.38,20,"home_decor, fashion, camera, headphones",1,Occasional_Buyer
C3573,62,Other,Sharonfurt,2025-01-18,T4573,2025-04-20 15:31:33,114.4,Grocery,Cash on Delivery,12,12.77,6,"bluetooth, organic, smartphone",1,Loyal_Engaged
C3574,38,Female,East Robert,2023-10-10,T4574,2025-04-10 09:56:13,12.99,Home,Card,3,9.27,16,"fashion, eco_friendly, fitness, gaming",0,Occasional_Buyer
C3575,35,Female,Davishaven,2025-03-14,T4575,2025-04-06 02:07:47,67.86,Beauty,UPI,4,5.01,8,"camera, fitness, fashion, gaming",1,Occasional_Buyer
C3576,54,Female,Hudsonville,2023-04-28,T4576,2025-03-28 21:25:25,23.4,Home,Wallet,9,8.67,17,"gaming, laptop",0,Occasional_Buyer
C3577,62,Female,Lake Alexis,2024-07-23,T4577,2025-03-31 05:34:14,20.71,Fashion,Wallet,14,10.76,19,"5G, home_decor, gaming, organic",0,Occasional_Buyer
C3578,49,Male,North Javier,2023-05-03,T4578,2025-04-24 04:48:13,0.93,Grocery,UPI,13,10.19,7,"bluetooth, home_decor, organic",0,Occasional_Buyer
C3579,53,Male,Torresfurt,2023-12-20,T4579,2025-04-03 16:02:52,11.17,Fitness,Card,8,11.93,8,"camera, 5G",0,Occasional_Buyer
C3580,34,Male,Port Keith,2022-05-02,T4580,2025-04-10 17:00:29,29.6,Electronics,UPI,12,13.29,23,"fitness, camera",0,Loyal_Engaged
C3581,52,Female,Robertsberg,2024-07-30,T4581,2025-04-04 10:37:08,9.94,Fashion,UPI,12,6.7,7,"5G, fashion",0,Occasional_Buyer
C3582,28,Female,North Michelleton,2022-11-02,T4582,2025-03-27 05:15:47,340.69,Electronics,Card,1,9.94,21,"gaming, headphones",1,High_Spender
C3583,38,Female,Bethanyburgh,2024-04-30,T4583,2025-04-16 06:01:10,29.53,Electronics,Cash on Delivery,3,8.17,16,"fitness, organic, camera, smartphone",0,Occasional_Buyer
C3584,43,Male,Crossborough,2024-09-16,T4584,2025-04-18 22:45:15,11.17,Grocery,Cash on Delivery,14,6.25,6,"home_decor, smartphone",0,Occasional_Buyer
C3585,21,Female,Hubertown,2022-07-28,T4585,2025-04-20 11:22:40,17.76,Fitness,Wallet,12,9.84,7,"home_decor, organic",0,Occasional_Buyer
C3586,51,Male,Palmerchester,2024-02-28,T4586,2025-04-01 08:12:31,70.88,Electronics,Cash on Delivery,10,11.29,13,"organic, fitness, fashion",1,Occasional_Buyer
C3587,35,Female,South Malloryland,2024-03-19,T4587,2025-04-12 17:22:52,5.29,Beauty,UPI,2,11.47,4,"camera, fitness",0,Occasional_Buyer
C3588,57,Female,New Jeffreyberg,2022-09-09,T4588,2025-04-16 10:04:18,158.69,Electronics,Card,2,8.81,24,"organic, home_decor, eco_friendly",1,High_Spender
C3589,52,Male,Bradleyfurt,2023-02-07,T4589,2025-04-13 10:12:04,260.57,Fashion,Wallet,13,6.98,4,"bluetooth, gaming, camera, 5G",1,High_Spender
C3590,58,Male,Port Jillchester,2024-02-19,T4590,2025-04-07 05:24:48,22.67,Fitness,Cash on Delivery,13,8.07,22,"bluetooth, organic",0,Occasional_Buyer
C3591,46,Female,West Brandi,2023-01-18,T4591,2025-03-26 02:25:35,47.84,Fitness,UPI,8,4.37,14,"fitness, home_decor, camera",0,Occasional_Buyer
C3592,46,Female,South Lauren,2025-03-15,T4592,2025-04-13 18:57:25,1.79,Electronics,Wallet,6,6.43,18,"smartphone, bluetooth, camera, laptop",0,Occasional_Buyer
C3593,55,Male,New Elizabethport,2024-06-25,T4593,2025-04-16 06:26:05,81.89,Fitness,Card,12,6.69,19,"headphones, fashion, gaming, eco_friendly",1,Occasional_Buyer
C3594,59,Other,New Robert,2022-10-03,T4594,2025-04-13 01:37:33,42.74,Fashion,Cash on Delivery,12,12.54,6,"5G, fashion, home_decor",0,Loyal_Engaged
C3595,38,Female,Hopkinsshire,2025-01-07,T4595,2025-04-20 17:22:46,25.18,Fashion,UPI,12,12.53,16,"5G, laptop, fashion",0,Loyal_Engaged
C3596,59,Other,South Krista,2023-12-17,T4596,2025-04-16 00:21:31,18.54,Fashion,Card,13,16.39,9,"headphones, eco_friendly, smartphone, fashion",0,Loyal_Engaged
C3597,30,Male,Aliciamouth,2022-04-26,T4597,2025-03-26 18:42:20,84.91,Beauty,UPI,6,10.72,17,"bluetooth, camera, home_decor, laptop",1,Occasional_Buyer
C3598,58,Female,Lake Miguelside,2025-03-24,T4598,2025-04-03 01:46:18,43.06,Grocery,UPI,4,8.55,18,"laptop, gaming, fashion, smartphone",0,Occasional_Buyer
C3599,34,Female,Brownmouth,2022-09-18,T4599,2025-04-01 12:50:39,15.84,Electronics,UPI,1,10.04,10,"headphones, camera, smartphone",0,Occasional_Buyer
C3600,26,Female,North Kathrynton,2023-10-12,T4600,2025-03-29 13:12:20,93.47,Fitness,Card,11,9.49,4,"fashion, fitness, 5G, laptop",1,Occasional_Buyer
C3601,58,Female,North Krista,2023-04-09,T4601,2025-04-22 17:51:39,66.61,Fashion,Wallet,7,8.1,21,"home_decor, gaming",1,Occasional_Buyer
C3602,18,Male,Gavinfort,2023-09-23,T4602,2025-04-11 19:51:33,156.53,Electronics,UPI,8,10.96,3,"bluetooth, fashion, smartphone, gaming",1,High_Spender
C3603,19,Male,Anitaville,2025-01-31,T4603,2025-04-02 12:17:34,10.0,Electronics,Wallet,2,10.58,6,"laptop, fitness, home_decor, bluetooth",0,Occasional_Buyer
C3604,46,Male,New Anthonyside,2024-01-10,T4604,2025-03-29 11:34:31,123.22,Grocery,Wallet,2,9.75,23,"eco_friendly, laptop, home_decor",1,High_Spender
C3605,50,Male,East Andrewshire,2023-01-28,T4605,2025-04-04 02:42:17,89.55,Beauty,Cash on Delivery,1,9.12,24,"home_decor, eco_friendly, laptop, fitness",1,Occasional_Buyer
C3606,27,Male,Campbellchester,2022-06-30,T4606,2025-04-04 20:28:00,9.77,Fitness,Cash on Delivery,4,11.9,13,"smartphone, laptop, 5G, bluetooth",0,Occasional_Buyer
C3607,57,Male,Port Albert,2023-08-03,T4607,2025-04-07 22:05:27,94.95,Beauty,Wallet,6,8.34,12,"organic, fitness, 5G, headphones",1,Occasional_Buyer
C3608,38,Other,Guerreroshire,2022-06-24,T4608,2025-04-11 18:34:57,46.61,Fitness,Cash on Delivery,14,8.79,20,"eco_friendly, home_decor",0,Occasional_Buyer
C3609,45,Male,Garciaview,2024-09-13,T4609,2025-03-29 15:32:53,232.01,Fashion,Cash on Delivery,5,11.43,3,"laptop, gaming",1,High_Spender
C3610,28,Female,West Brandon,2022-10-01,T4610,2025-04-13 17:10:27,12.22,Fashion,Wallet,4,13.03,19,"fashion, fitness, camera, smartphone",0,Occasional_Buyer
C3611,51,Female,New Laura,2023-01-08,T4611,2025-04-21 22:48:56,82.36,Electronics,Card,14,12.76,18,"fashion, headphones, smartphone",1,Loyal_Engaged
C3612,25,Female,West Johnview,2022-06-27,T4612,2025-04-10 21:53:11,38.5,Fitness,Cash on Delivery,4,9.22,14,"smartphone, bluetooth",0,Occasional_Buyer
C3613,39,Male,Riverachester,2023-08-25,T4613,2025-03-30 05:08:11,251.38,Fitness,Cash on Delivery,10,6.21,18,"camera, organic, fitness, laptop",1,High_Spender
C3614,25,Female,Port Tina,2025-02-27,T4614,2025-04-13 08:49:26,32.04,Beauty,Card,7,9.13,11,"camera, fashion, laptop",0,Occasional_Buyer
C3615,32,Female,South Samuelport,2022-12-18,T4615,2025-04-22 03:07:58,262.01,Fashion,Card,7,10.22,19,"organic, eco_friendly, smartphone",1,High_Spender
C3616,34,Female,Taylorfurt,2022-06-17,T4616,2025-03-31 02:11:46,185.4,Home,Card,2,6.66,5,"fitness, 5G, eco_friendly",1,High_Spender
C3617,40,Female,New Daleburgh,2025-01-27,T4617,2025-03-27 07:29:14,25.22,Electronics,Wallet,13,9.08,20,"smartphone, headphones, camera",0,Occasional_Buyer
C3618,41,Other,East Cindy,2023-12-11,T4618,2025-04-20 07:45:37,130.18,Fitness,Card,7,13.62,17,"fitness, smartphone, headphones",1,High_Spender
C3619,62,Female,North Sarah,2022-12-18,T4619,2025-04-03 08:34:10,434.17,Grocery,Wallet,2,10.44,17,"headphones, organic, fitness, home_decor",1,High_Spender
C3620,36,Male,Wisebury,2024-09-19,T4620,2025-04-02 21:23:18,23.3,Grocery,UPI,4,8.38,18,"headphones, smartphone",0,Occasional_Buyer
C3621,22,Female,South Donaldborough,2022-06-16,T4621,2025-04-13 18:22:52,45.93,Home,UPI,1,10.09,22,"headphones, camera",0,Occasional_Buyer
C3622,49,Male,Lake Heathermouth,2023-09-10,T4622,2025-04-02 20:41:34,58.75,Fashion,Card,5,10.25,3,"home_decor, organic",1,Occasional_Buyer
C3623,61,Female,Noahstad,2022-08-12,T4623,2025-04-12 04:46:48,27.96,Fashion,Card,1,8.88,3,"camera, fashion",0,Occasional_Buyer
C3624,18,Male,North Tracy,2022-05-01,T4624,2025-03-31 07:49:58,1.23,Fashion,UPI,4,12.32,6,"laptop, headphones, fashion, fitness",0,Occasional_Buyer
C3625,40,Male,Courtneybury,2024-09-12,T4625,2025-04-02 12:36:31,19.89,Beauty,Wallet,13,4.51,15,"5G, eco_friendly, laptop, fitness",0,Occasional_Buyer
C3626,54,Female,Mcmillanchester,2023-02-26,T4626,2025-04-17 11:25:22,26.5,Grocery,Wallet,9,11.42,6,"eco_friendly, laptop, headphones, smartphone",0,Occasional_Buyer
C3627,25,Female,Schwartzville,2023-08-19,T4627,2025-04-22 23:21:07,46.9,Fashion,Card,13,8.28,10,"headphones, 5G, gaming, fitness",0,Occasional_Buyer
C3628,30,Male,Staceyville,2025-01-10,T4628,2025-04-21 19:28:16,15.01,Grocery,Card,12,13.14,15,"organic, smartphone, headphones",0,Loyal_Engaged
C3629,25,Female,Aprilport,2024-12-19,T4629,2025-04-02 21:34:19,165.25,Home,Card,8,6.18,10,"fashion, camera",1,High_Spender
C3630,40,Female,Port Gabriella,2022-11-28,T4630,2025-03-29 04:20:12,97.64,Electronics,UPI,6,12.82,16,"camera, fashion, home_decor",1,Occasional_Buyer
C3631,60,Male,South Kristimouth,2023-02-23,T4631,2025-04-23 07:25:34,7.12,Beauty,Cash on Delivery,8,7.63,3,"smartphone, bluetooth, fitness",0,Occasional_Buyer
C3632,18,Female,Port Elizabeth,2023-07-13,T4632,2025-04-04 14:29:46,84.01,Fitness,Card,5,10.97,11,"laptop, 5G, home_decor",1,Occasional_Buyer
C3633,62,Male,Port Christina,2023-08-08,T4633,2025-03-26 12:40:39,84.83,Home,Wallet,7,8.61,3,"fitness, gaming, smartphone, 5G",1,Occasional_Buyer
C3634,41,Female,East Kevin,2023-01-25,T4634,2025-04-23 10:20:38,250.29,Grocery,Cash on Delivery,8,13.38,9,"camera, smartphone, fitness",1,High_Spender
C3635,52,Female,Lake Adamport,2022-05-03,T4635,2025-03-28 08:55:48,0.24,Home,Wallet,7,9.43,22,"fitness, home_decor",0,Occasional_Buyer
C3636,41,Male,Port Gregoryland,2024-07-17,T4636,2025-04-02 00:22:27,22.79,Fitness,Cash on Delivery,14,7.83,15,"laptop, organic",0,Occasional_Buyer
C3637,34,Male,Katiechester,2022-06-04,T4637,2025-04-14 13:38:08,210.26,Beauty,UPI,4,14.2,17,"eco_friendly, smartphone, fitness",1,High_Spender
C3638,22,Male,Moseshaven,2025-02-16,T4638,2025-04-13 19:27:46,215.22,Electronics,Cash on Delivery,5,9.16,11,"5G, fashion, organic, smartphone",1,High_Spender
C3639,37,Female,North Ryanmouth,2023-05-28,T4639,2025-04-20 14:39:05,102.0,Fitness,Wallet,13,11.57,18,"camera, fashion, 5G",1,Occasional_Buyer
C3640,38,Female,North Kelseyland,2023-05-18,T4640,2025-04-23 13:15:22,116.11,Beauty,Cash on Delivery,14,12.82,19,"smartphone, gaming, fitness, 5G",1,Loyal_Engaged
C3641,57,Female,Rhondashire,2025-03-08,T4641,2025-04-16 21:20:49,7.68,Grocery,UPI,10,7.36,11,"fashion, fitness, 5G, headphones",0,Occasional_Buyer
C3642,48,Male,North Susanburgh,2023-07-14,T4642,2025-03-27 05:30:55,57.7,Fitness,Wallet,6,11.27,8,"fashion, fitness, organic",1,Occasional_Buyer
C3643,63,Male,West Paul,2023-06-24,T4643,2025-04-02 17:57:16,21.07,Home,Card,14,11.67,22,"gaming, bluetooth",0,Occasional_Buyer
C3644,53,Male,Fritzburgh,2024-10-25,T4644,2025-04-10 16:37:05,15.99,Fashion,Cash on Delivery,14,5.36,14,"fitness, 5G, bluetooth",0,Occasional_Buyer
C3645,28,Male,North Juliaside,2022-10-17,T4645,2025-04-16 23:45:04,132.99,Home,Wallet,12,10.97,18,"home_decor, organic, laptop",1,High_Spender
C3646,32,Female,New Mark,2024-09-12,T4646,2025-04-01 04:15:22,11.61,Grocery,Cash on Delivery,11,8.94,23,"fitness, organic, bluetooth",0,Occasional_Buyer
C3647,36,Female,East Karen,2022-09-15,T4647,2025-04-22 06:07:19,50.59,Electronics,UPI,6,14.86,17,"headphones, smartphone, home_decor, camera",0,Occasional_Buyer
C3648,24,Female,Port Brandy,2024-07-06,T4648,2025-04-18 03:21:08,223.2,Fitness,Wallet,13,12.6,9,"organic, headphones, 5G",1,Loyal_Engaged
C3649,45,Male,Sophiafurt,2023-05-20,T4649,2025-04-19 05:46:38,16.45,Electronics,Card,9,11.32,12,"fitness, camera, eco_friendly, smartphone",0,Occasional_Buyer
C3650,60,Other,Morganburgh,2025-01-31,T4650,2025-04-04 04:26:34,305.31,Grocery,Card,10,3.88,6,"headphones, home_decor",1,High_Spender
C3651,22,Female,Lake Gregory,2023-11-10,T4651,2025-04-05 04:45:20,413.21,Fitness,Cash on Delivery,14,11.33,5,"5G, bluetooth, fitness, eco_friendly",1,High_Spender
C3652,22,Other,Myershaven,2024-02-09,T4652,2025-04-07 02:44:32,64.89,Beauty,UPI,14,7.72,20,"smartphone, fitness, gaming",1,Occasional_Buyer
C3653,47,Female,Port Samantha,2022-07-09,T4653,2025-03-27 14:23:00,14.92,Beauty,UPI,2,12.62,3,"headphones, organic",0,Occasional_Buyer
C3654,49,Male,Sarabury,2023-09-30,T4654,2025-04-09 21:41:23,30.4,Home,Cash on Delivery,6,9.52,15,"eco_friendly, organic, headphones",0,Occasional_Buyer
C3655,25,Male,Jonesburgh,2023-01-19,T4655,2025-03-27 12:16:18,44.2,Home,Wallet,13,8.44,24,"headphones, organic, fashion",0,Occasional_Buyer
C3656,27,Female,Amyhaven,2022-10-02,T4656,2025-04-15 16:24:23,29.61,Grocery,Wallet,3,8.69,20,"eco_friendly, camera, organic, bluetooth",0,Occasional_Buyer
C3657,55,Male,West Mariotown,2023-02-25,T4657,2025-04-21 18:11:32,26.35,Beauty,Cash on Delivery,14,8.89,10,"gaming, home_decor",0,Occasional_Buyer
C3658,64,Male,Alexburgh,2022-06-13,T4658,2025-04-23 11:57:11,286.7,Fitness,Wallet,2,5.96,13,"organic, fashion, smartphone, 5G",1,High_Spender
C3659,49,Female,North Theodore,2023-10-06,T4659,2025-03-30 04:22:51,13.32,Beauty,Wallet,6,6.35,12,"headphones, organic",0,Occasional_Buyer
C3660,45,Female,Port Adammouth,2023-07-02,T4660,2025-03-31 08:50:04,105.74,Home,Wallet,4,8.99,6,"fitness, 5G, headphones",1,Occasional_Buyer
C3661,34,Female,Lake Johnland,2022-08-16,T4661,2025-03-28 22:26:03,0.03,Grocery,Cash on Delivery,5,14.67,6,"camera, gaming, headphones",0,Occasional_Buyer
C3662,48,Male,Port Sarahbury,2024-06-30,T4662,2025-03-27 07:38:44,72.54,Beauty,Card,5,12.14,6,"headphones, home_decor",1,Occasional_Buyer
C3663,25,Male,Christopherstad,2025-01-16,T4663,2025-04-19 09:28:08,198.1,Grocery,UPI,3,12.41,14,"5G, smartphone",1,High_Spender
C3664,57,Female,East Tyler,2024-02-19,T4664,2025-03-27 09:46:36,27.17,Beauty,Card,12,13.59,10,"fitness, home_decor, organic",0,Loyal_Engaged
C3665,42,Other,Jenniferstad,2023-07-22,T4665,2025-04-03 05:19:06,16.42,Electronics,Wallet,4,10.84,15,"home_decor, headphones, gaming, laptop",0,Occasional_Buyer
C3666,26,Female,Robertport,2024-11-29,T4666,2025-04-20 20:37:36,84.37,Beauty,Cash on Delivery,3,8.63,10,"fitness, headphones",1,Occasional_Buyer
C3667,19,Other,Lake Benjaminmouth,2023-02-10,T4667,2025-04-03 13:18:25,99.75,Home,UPI,7,8.77,23,"eco_friendly, home_decor, laptop, 5G",1,Occasional_Buyer
C3668,32,Female,Lake Amanda,2023-01-27,T4668,2025-04-23 08:37:14,93.19,Fitness,Wallet,1,7.52,5,"headphones, fashion, eco_friendly",1,Occasional_Buyer
C3669,20,Female,Dakotamouth,2023-05-01,T4669,2025-04-14 00:08:22,30.77,Home,UPI,6,12.43,14,"gaming, eco_friendly, organic, home_decor",0,Occasional_Buyer
C3670,53,Male,East Michael,2024-10-03,T4670,2025-04-11 05:51:40,23.25,Home,UPI,4,7.19,20,"smartphone, fitness, headphones",0,Occasional_Buyer
C3671,21,Female,Jacquelinemouth,2024-10-21,T4671,2025-04-14 00:24:44,249.74,Home,Card,1,16.27,17,"5G, bluetooth, smartphone",1,High_Spender
C3672,31,Female,North Lindsay,2022-10-12,T4672,2025-04-09 02:33:30,205.43,Grocery,Wallet,1,7.29,16,"home_decor, headphones, organic, smartphone",1,High_Spender
C3673,58,Female,Michaelstad,2024-06-03,T4673,2025-04-15 00:11:23,48.9,Fashion,UPI,5,13.67,11,"organic, laptop",0,Occasional_Buyer
C3674,58,Female,East Katrinaside,2024-11-10,T4674,2025-04-09 10:32:19,149.76,Fashion,Card,14,13.68,7,"headphones, eco_friendly",1,Loyal_Engaged
C3675,42,Female,Sheilachester,2024-02-05,T4675,2025-04-11 21:35:20,48.17,Electronics,Cash on Delivery,5,11.87,17,"fitness, bluetooth, eco_friendly, fashion",0,Occasional_Buyer
C3676,27,Male,Sonyafort,2024-04-16,T4676,2025-03-30 18:37:45,44.19,Home,UPI,10,14.86,10,"5G, gaming, headphones",0,Occasional_Buyer
C3677,38,Female,Michaelborough,2023-09-26,T4677,2025-04-20 05:27:57,13.64,Fashion,Wallet,7,9.41,5,"headphones, camera, fashion, gaming",0,Occasional_Buyer
C3678,53,Male,East Aimeefort,2024-10-28,T4678,2025-03-26 10:34:57,44.47,Electronics,Cash on Delivery,13,10.38,14,"home_decor, laptop, 5G, gaming",0,Occasional_Buyer
C3679,29,Female,West Kathy,2022-12-15,T4679,2025-04-10 21:46:39,61.67,Grocery,UPI,12,10.67,7,"laptop, 5G",1,Occasional_Buyer
C3680,44,Male,Port Brianmouth,2024-10-18,T4680,2025-04-15 02:44:32,1.82,Home,UPI,4,11.77,11,"fashion, home_decor, organic, gaming",0,Occasional_Buyer
C3681,57,Male,Reedfort,2024-05-20,T4681,2025-04-14 17:43:30,46.98,Fitness,Wallet,14,4.54,22,"smartphone, bluetooth, gaming, eco_friendly",0,Occasional_Buyer
C3682,19,Male,Vincentburgh,2022-08-30,T4682,2025-04-21 20:41:52,121.62,Grocery,UPI,9,9.68,5,"laptop, organic",1,High_Spender
C3683,30,Female,East Jennifer,2023-01-10,T4683,2025-04-02 00:12:07,91.17,Electronics,Wallet,4,12.57,10,"laptop, smartphone, gaming",1,Occasional_Buyer
C3684,49,Male,North Bryan,2024-09-27,T4684,2025-04-19 03:29:51,80.66,Grocery,Wallet,7,8.88,23,"bluetooth, organic, home_decor",1,Occasional_Buyer
C3685,48,Male,Sullivanton,2023-05-22,T4685,2025-03-26 06:57:33,192.24,Fitness,Wallet,5,15.88,15,"fashion, smartphone, gaming, fitness",1,High_Spender
C3686,33,Female,Carolynshire,2023-12-25,T4686,2025-04-09 04:50:41,1.46,Grocery,Wallet,5,10.38,10,"bluetooth, laptop",0,Occasional_Buyer
C3687,49,Male,South Brian,2023-01-15,T4687,2025-04-10 13:22:22,65.14,Electronics,UPI,6,11.54,7,"smartphone, 5G",1,Occasional_Buyer
C3688,49,Other,Gregoryhaven,2023-01-21,T4688,2025-03-27 11:03:49,123.85,Fitness,Cash on Delivery,8,14.65,9,"home_decor, fitness, headphones",1,High_Spender
C3689,51,Other,Ericachester,2023-10-28,T4689,2025-04-11 14:09:46,62.35,Fitness,Cash on Delivery,5,10.39,7,"bluetooth, 5G, home_decor, laptop",1,Occasional_Buyer
C3690,28,Female,West Deborah,2025-01-07,T4690,2025-04-17 15:40:45,31.31,Grocery,Card,3,14.6,11,"fitness, fashion, 5G, smartphone",0,Occasional_Buyer
C3691,27,Male,Heidibury,2022-11-28,T4691,2025-04-13 16:31:27,11.72,Fitness,Wallet,6,11.75,7,"fitness, camera, gaming, organic",0,Occasional_Buyer
C3692,32,Female,Wilsonland,2024-04-11,T4692,2025-03-28 09:47:23,174.83,Grocery,UPI,14,11.76,10,"home_decor, gaming, laptop",1,High_Spender
C3693,34,Male,Conradborough,2022-12-12,T4693,2025-04-03 00:22:54,50.91,Home,UPI,12,7.33,14,"fashion, laptop",0,Occasional_Buyer
C3694,57,Female,Michaelbury,2024-09-03,T4694,2025-03-28 11:25:19,168.37,Fitness,Card,14,13.32,6,"organic, home_decor, laptop",1,Loyal_Engaged
C3695,35,Male,Haleyburgh,2024-03-15,T4695,2025-04-23 05:07:35,70.52,Grocery,Cash on Delivery,2,8.18,11,"smartphone, fitness, home_decor",1,Occasional_Buyer
C3696,26,Other,Fowlerside,2022-10-12,T4696,2025-03-28 11:28:02,89.72,Home,UPI,12,9.44,24,"bluetooth, organic, 5G",1,Occasional_Buyer
C3697,42,Male,East Benjamin,2024-05-10,T4697,2025-04-03 09:58:00,130.48,Fitness,Card,12,13.78,24,"gaming, bluetooth",1,Loyal_Engaged
C3698,57,Female,Mccoystad,2023-08-29,T4698,2025-04-20 19:10:02,86.11,Home,Cash on Delivery,8,8.9,16,"camera, home_decor, eco_friendly",1,Occasional_Buyer
C3699,31,Female,West Kathy,2023-04-10,T4699,2025-04-06 21:39:23,40.61,Beauty,UPI,8,11.04,21,"fitness, camera, headphones",0,Occasional_Buyer
C3700,42,Female,Vanessaport,2024-02-05,T4700,2025-04-09 10:16:34,57.66,Fitness,Wallet,3,9.84,15,"headphones, fashion, 5G, fitness",1,Occasional_Buyer
C3701,39,Male,Hendersonview,2025-02-04,T4701,2025-04-12 09:56:04,129.98,Beauty,Card,12,9.94,5,"organic, laptop, camera",1,High_Spender
C3702,47,Other,Andersonmouth,2024-02-14,T4702,2025-04-05 20:38:49,37.43,Electronics,UPI,8,9.55,6,"headphones, gaming",0,Occasional_Buyer
C3703,37,Female,Deniseland,2025-02-25,T4703,2025-04-21 21:05:16,39.3,Electronics,Card,9,6.89,3,"fitness, 5G, laptop, home_decor",0,Occasional_Buyer
C3704,38,Female,Lake Davidport,2023-02-26,T4704,2025-04-04 03:06:59,8.05,Grocery,Card,5,11.64,24,"organic, smartphone, headphones, bluetooth",0,Occasional_Buyer
C3705,61,Male,Nicolestad,2025-01-27,T4705,2025-04-17 14:20:46,196.82,Fashion,Card,5,11.9,3,"5G, home_decor",1,High_Spender
C3706,49,Female,West Randy,2022-05-08,T4706,2025-04-13 17:45:08,7.64,Beauty,Wallet,6,8.25,13,"laptop, fitness",0,Occasional_Buyer
C3707,63,Male,North Aprilport,2023-11-19,T4707,2025-04-13 11:26:57,83.58,Beauty,Cash on Delivery,7,8.67,18,"laptop, fashion, camera, fitness",1,Occasional_Buyer
C3708,38,Male,West Douglasview,2023-02-06,T4708,2025-04-23 20:56:27,42.64,Electronics,Cash on Delivery,3,12.74,6,"fashion, smartphone, laptop, home_decor",0,Occasional_Buyer
C3709,52,Male,North Laurenbury,2022-08-01,T4709,2025-03-30 11:34:54,41.62,Beauty,UPI,5,9.21,9,"smartphone, fashion, organic",0,Occasional_Buyer
C3710,49,Female,Stephanieland,2024-03-04,T4710,2025-04-12 02:57:15,91.04,Fashion,Wallet,1,10.28,14,"headphones, organic, 5G, home_decor",1,Occasional_Buyer
C3711,47,Male,Youngland,2023-03-03,T4711,2025-04-17 10:07:31,5.56,Home,Cash on Delivery,11,7.36,8,"gaming, eco_friendly, home_decor, smartphone",0,Occasional_Buyer
C3712,56,Male,East John,2023-01-30,T4712,2025-04-06 05:54:27,72.05,Home,UPI,10,9.81,22,"camera, eco_friendly, fitness",1,Occasional_Buyer
C3713,29,Female,Gonzalezfurt,2022-07-23,T4713,2025-04-01 10:20:11,118.28,Fashion,UPI,5,7.37,11,"headphones, organic, bluetooth, home_decor",1,Occasional_Buyer
C3714,58,Female,Doyletown,2025-01-12,T4714,2025-04-24 08:44:05,140.92,Beauty,Card,4,8.19,10,"camera, eco_friendly, gaming",1,High_Spender
C3715,64,Male,Justinchester,2022-12-05,T4715,2025-04-22 17:45:23,14.96,Beauty,Wallet,1,7.71,16,"5G, smartphone, headphones",0,Occasional_Buyer
C3716,35,Female,Jeffreyburgh,2023-10-15,T4716,2025-03-28 18:59:21,182.17,Beauty,Cash on Delivery,7,12.59,17,"eco_friendly, organic, bluetooth, headphones",1,High_Spender
C3717,38,Male,East Scott,2022-08-04,T4717,2025-04-02 15:45:48,85.4,Grocery,Wallet,1,6.01,23,"laptop, eco_friendly",1,Occasional_Buyer
C3718,30,Male,Carrieberg,2022-11-25,T4718,2025-04-01 05:20:31,170.87,Fitness,Wallet,13,10.8,24,"camera, 5G",1,High_Spender
C3719,38,Male,Smithview,2022-12-10,T4719,2025-03-27 04:07:27,53.13,Fashion,Cash on Delivery,8,9.33,7,"bluetooth, fashion, laptop",0,Occasional_Buyer
C3720,25,Female,New Kerry,2024-01-23,T4720,2025-04-06 14:14:17,62.48,Fashion,Cash on Delivery,14,14.19,17,"5G, bluetooth, home_decor, organic",1,Loyal_Engaged
C3721,63,Male,Amyfurt,2022-05-09,T4721,2025-03-29 13:00:03,201.1,Fashion,Wallet,10,12.34,8,"fashion, home_decor, gaming, laptop",1,High_Spender
C3722,57,Male,New Jeffrey,2023-02-22,T4722,2025-04-07 19:32:16,184.13,Fashion,UPI,12,6.28,3,"organic, camera, home_decor, smartphone",1,High_Spender
C3723,63,Male,Adrianland,2022-10-05,T4723,2025-04-05 22:37:36,47.56,Fashion,Wallet,2,8.32,22,"eco_friendly, fitness, laptop, headphones",0,Occasional_Buyer
C3724,24,Female,South Brycemouth,2023-11-24,T4724,2025-03-26 09:02:26,25.66,Beauty,Cash on Delivery,10,9.96,11,"headphones, camera",0,Occasional_Buyer
C3725,40,Male,Ronaldside,2023-12-19,T4725,2025-04-03 21:36:43,39.96,Grocery,Wallet,13,8.32,6,"5G, eco_friendly, fitness",0,Occasional_Buyer
C3726,61,Male,South Rachel,2024-09-06,T4726,2025-04-11 05:47:40,39.25,Electronics,Cash on Delivery,12,12.72,4,"laptop, fashion, organic",0,Loyal_Engaged
C3727,49,Male,Port Alvin,2024-10-05,T4727,2025-03-29 12:16:46,27.05,Beauty,UPI,5,10.51,8,"smartphone, home_decor, laptop, 5G",0,Occasional_Buyer
C3728,28,Male,Paulville,2023-11-01,T4728,2025-04-21 08:46:31,25.02,Beauty,Wallet,13,9.42,4,"home_decor, camera, organic",0,Occasional_Buyer
C3729,39,Female,Davidburgh,2022-05-10,T4729,2025-04-16 07:12:23,157.9,Fitness,UPI,6,12.94,5,"organic, smartphone",1,High_Spender
C3730,39,Female,Lake Tara,2023-02-06,T4730,2025-04-02 16:51:31,5.79,Electronics,Wallet,9,6.47,9,"camera, gaming, 5G, fashion",0,Occasional_Buyer
C3731,60,Male,Robertport,2022-11-15,T4731,2025-04-21 22:33:08,90.56,Fashion,Wallet,14,9.2,22,"camera, gaming, organic",1,Occasional_Buyer
C3732,42,Male,Dickersonport,2022-08-22,T4732,2025-04-15 11:50:17,15.18,Electronics,Cash on Delivery,7,10.74,19,"home_decor, smartphone, laptop, camera",0,Occasional_Buyer
C3733,39,Male,East Jared,2024-03-12,T4733,2025-03-30 20:30:31,33.79,Grocery,Card,6,9.58,11,"fashion, 5G, camera, eco_friendly",0,Occasional_Buyer
C3734,45,Male,Cisnerosborough,2024-01-12,T4734,2025-04-21 03:34:07,5.08,Home,Cash on Delivery,5,0.69,24,"headphones, bluetooth",0,Occasional_Buyer
C3735,46,Male,East Michelle,2024-02-11,T4735,2025-04-06 01:46:03,25.17,Beauty,Wallet,6,11.02,11,"5G, headphones, smartphone, fitness",0,Occasional_Buyer
C3736,30,Female,Port Raymond,2023-09-12,T4736,2025-04-04 02:38:09,117.03,Electronics,Card,14,11.51,21,"headphones, gaming, home_decor, eco_friendly",1,Occasional_Buyer
C3737,35,Other,Burnsstad,2024-01-30,T4737,2025-04-12 13:08:43,173.04,Fitness,Card,11,6.96,7,"gaming, home_decor, laptop",1,High_Spender
C3738,19,Other,North Andrea,2022-07-01,T4738,2025-04-02 09:14:47,20.03,Grocery,UPI,4,3.45,8,"headphones, fitness, bluetooth, 5G",0,Occasional_Buyer
C3739,46,Female,Michaelshire,2023-08-06,T4739,2025-04-12 15:15:26,49.82,Home,Wallet,1,7.97,20,"eco_friendly, bluetooth, organic, smartphone",0,Occasional_Buyer
C3740,38,Female,Caseymouth,2022-09-18,T4740,2025-04-22 22:42:59,50.84,Grocery,Cash on Delivery,12,9.39,3,"5G, headphones, bluetooth",0,Occasional_Buyer
C3741,32,Female,Christophertown,2023-03-13,T4741,2025-04-11 04:47:57,165.45,Fashion,Card,9,9.67,19,"headphones, smartphone",1,High_Spender
C3742,44,Male,Trevorton,2022-08-27,T4742,2025-04-17 14:49:29,115.11,Home,Card,11,4.1,16,"camera, bluetooth",1,Occasional_Buyer
C3743,48,Female,South Daniellemouth,2024-06-30,T4743,2025-04-20 10:35:06,57.57,Fitness,Cash on Delivery,5,10.61,17,"5G, fitness, home_decor, smartphone",1,Occasional_Buyer
C3744,32,Female,West Mark,2025-01-16,T4744,2025-03-31 02:37:08,88.87,Home,Cash on Delivery,8,13.09,7,"eco_friendly, fitness",1,Occasional_Buyer
C3745,40,Female,Hayeschester,2022-09-13,T4745,2025-04-07 23:00:17,150.37,Fitness,Card,7,12.87,19,"headphones, smartphone, camera",1,High_Spender
C3746,41,Female,Lauramouth,2024-10-16,T4746,2025-03-29 04:34:45,0.77,Fashion,Cash on Delivery,8,13.67,23,"fashion, bluetooth, laptop",0,Occasional_Buyer
C3747,61,Male,North Jacob,2022-10-29,T4747,2025-04-06 09:05:59,41.25,Fitness,UPI,1,6.36,23,"bluetooth, home_decor, camera, 5G",0,Occasional_Buyer
C3748,30,Male,Crosbymouth,2022-08-24,T4748,2025-04-12 02:12:21,190.22,Grocery,Card,9,12.64,13,"fashion, headphones",1,High_Spender
C3749,39,Other,Santoschester,2024-07-20,T4749,2025-04-20 13:11:31,107.86,Electronics,UPI,1,7.2,12,"eco_friendly, laptop",1,Occasional_Buyer
C3750,60,Male,New Charles,2022-05-27,T4750,2025-04-10 09:47:49,62.62,Grocery,Wallet,3,12.37,19,"fashion, gaming",1,Occasional_Buyer
C3751,54,Female,East Leslie,2023-09-12,T4751,2025-04-15 17:25:46,60.34,Beauty,UPI,8,7.79,3,"5G, laptop",1,Occasional_Buyer
C3752,50,Other,North Michelle,2023-03-25,T4752,2025-03-26 03:49:28,34.19,Grocery,Cash on Delivery,12,11.06,7,"fashion, organic",0,Occasional_Buyer
C3753,20,Female,Thomasport,2022-11-26,T4753,2025-04-09 09:20:34,58.8,Home,Card,11,14.61,18,"home_decor, fashion, organic, fitness",1,Loyal_Engaged
C3754,36,Female,Vasquezland,2023-01-03,T4754,2025-04-17 17:59:07,85.23,Fashion,UPI,1,12.8,9,"gaming, home_decor, 5G, laptop",1,Occasional_Buyer
C3755,40,Male,Smithfort,2024-12-18,T4755,2025-04-18 19:51:19,43.35,Beauty,Cash on Delivery,14,7.23,14,"fashion, eco_friendly",0,Occasional_Buyer
C3756,46,Male,Port Felicia,2023-03-26,T4756,2025-04-05 09:41:56,100.18,Beauty,Cash on Delivery,1,6.58,10,"laptop, gaming, camera, headphones",1,Occasional_Buyer
C3757,47,Female,Katherineberg,2025-01-06,T4757,2025-04-19 22:59:37,158.0,Beauty,UPI,6,12.33,20,"smartphone, headphones, bluetooth, 5G",1,High_Spender
C3758,56,Female,Port Hollyfurt,2024-08-20,T4758,2025-03-28 00:17:14,13.44,Electronics,Card,5,13.96,3,"smartphone, gaming",0,Occasional_Buyer
C3759,61,Female,Port Vicki,2023-07-31,T4759,2025-04-16 09:57:30,48.05,Fitness,UPI,11,11.29,22,"home_decor, camera, gaming",0,Occasional_Buyer
C3760,64,Male,Ralphmouth,2023-12-19,T4760,2025-04-17 20:12:48,41.94,Home,Wallet,6,8.47,14,"5G, gaming",0,Occasional_Buyer
C3761,42,Male,West Debraton,2023-08-01,T4761,2025-04-15 03:25:23,93.04,Fashion,UPI,3,10.13,6,"smartphone, fitness, organic",1,Occasional_Buyer
C3762,54,Other,Ericksonmouth,2022-12-15,T4762,2025-04-14 12:38:03,23.0,Electronics,UPI,10,11.3,14,"laptop, fitness, home_decor",0,Occasional_Buyer
C3763,64,Male,Petersentown,2023-09-19,T4763,2025-04-08 01:12:04,81.79,Grocery,Card,12,9.73,24,"fashion, fitness, laptop",1,Occasional_Buyer
C3764,25,Female,West Markland,2022-06-16,T4764,2025-04-13 07:00:27,167.96,Fashion,UPI,10,7.24,3,"fashion, smartphone",1,High_Spender
C3765,59,Male,Taylorport,2024-08-12,T4765,2025-04-04 04:26:32,43.32,Beauty,Cash on Delivery,6,13.19,3,"gaming, eco_friendly",0,Occasional_Buyer
C3766,33,Female,New Monicaside,2022-07-02,T4766,2025-03-29 22:30:37,193.54,Fashion,Card,2,15.63,5,"organic, camera, laptop, fashion",1,High_Spender
C3767,25,Other,Michaelland,2023-11-22,T4767,2025-04-01 18:08:00,398.84,Fashion,Cash on Delivery,8,14.28,23,"smartphone, fitness, organic, gaming",1,High_Spender
C3768,18,Female,East Denisechester,2024-02-19,T4768,2025-03-31 16:08:58,8.97,Grocery,Card,12,3.49,14,"camera, laptop, headphones, home_decor",0,Occasional_Buyer
C3769,61,Male,Feliciahaven,2024-09-18,T4769,2025-04-03 06:39:45,21.23,Fitness,Wallet,6,13.47,24,"headphones, home_decor, eco_friendly",0,Occasional_Buyer
C3770,22,Female,West Shannon,2022-07-13,T4770,2025-04-22 13:05:28,240.27,Home,Wallet,13,11.73,23,"5G, eco_friendly",1,High_Spender
C3771,20,Female,Williamsview,2024-05-16,T4771,2025-04-15 20:40:49,254.23,Beauty,Wallet,13,8.03,15,"fitness, camera, 5G, gaming",1,High_Spender
C3772,18,Male,Manuelview,2023-07-25,T4772,2025-04-14 10:44:21,8.23,Fitness,UPI,4,4.11,15,"5G, fashion, camera, smartphone",0,Occasional_Buyer
C3773,21,Female,Susanside,2024-05-18,T4773,2025-03-30 01:53:57,1.21,Electronics,Wallet,4,9.66,23,"5G, gaming, smartphone, fitness",0,Occasional_Buyer
C3774,57,Female,Valenciaview,2022-05-26,T4774,2025-04-10 03:40:28,14.05,Beauty,Card,14,11.09,11,"headphones, organic",0,Occasional_Buyer
C3775,52,Female,New Destiny,2024-09-05,T4775,2025-03-27 20:28:00,441.97,Home,Wallet,11,6.68,20,"organic, bluetooth",1,High_Spender
C3776,49,Female,Campbellstad,2025-03-18,T4776,2025-04-02 23:54:43,15.88,Electronics,Card,7,13.7,3,"laptop, headphones, gaming",0,Occasional_Buyer
C3777,59,Male,West Jorgehaven,2024-04-23,T4777,2025-04-11 21:51:48,55.86,Grocery,Cash on Delivery,14,13.62,8,"gaming, home_decor, smartphone",1,Loyal_Engaged
C3778,51,Male,North Nancymouth,2022-08-11,T4778,2025-04-08 21:03:34,150.93,Fitness,UPI,3,11.4,7,"headphones, home_decor, fashion",1,High_Spender
C3779,60,Male,West Jamesview,2024-01-19,T4779,2025-04-20 08:42:58,1.65,Beauty,Cash on Delivery,11,5.88,6,"camera, home_decor, smartphone, laptop",0,Occasional_Buyer
C3780,42,Other,Malloryfurt,2023-06-25,T4780,2025-04-03 19:16:56,74.21,Fashion,Cash on Delivery,3,9.21,8,"headphones, home_decor",1,Occasional_Buyer
C3781,27,Female,Blankenshipside,2024-06-12,T4781,2025-03-31 13:50:27,25.95,Home,Wallet,6,12.17,5,"gaming, camera",0,Occasional_Buyer
C3782,38,Female,Mooremouth,2023-05-12,T4782,2025-04-13 14:42:12,158.63,Beauty,Wallet,9,11.97,19,"fitness, 5G, bluetooth",1,High_Spender
C3783,63,Male,New Anthonyville,2024-12-10,T4783,2025-04-02 03:22:27,26.67,Fashion,Wallet,1,7.9,13,"fitness, fashion",0,Occasional_Buyer
C3784,56,Male,Jamesport,2024-06-28,T4784,2025-04-07 20:31:19,92.86,Beauty,Cash on Delivery,5,8.34,6,"5G, camera, smartphone, laptop",1,Occasional_Buyer
C3785,44,Female,Bakerbury,2023-12-20,T4785,2025-04-02 12:48:32,89.72,Electronics,UPI,1,7.83,22,"smartphone, headphones, 5G",1,Occasional_Buyer
C3786,44,Female,East David,2022-05-09,T4786,2025-04-22 20:20:10,20.03,Fashion,UPI,1,9.15,3,"5G, eco_friendly",0,Occasional_Buyer
C3787,19,Male,Martinport,2024-03-04,T4787,2025-04-07 20:09:39,2.83,Fashion,Cash on Delivery,3,8.54,6,"bluetooth, laptop, camera, fitness",0,Occasional_Buyer
C3788,58,Female,Lake Edward,2024-05-06,T4788,2025-04-04 13:11:02,42.11,Beauty,UPI,3,7.99,5,"smartphone, gaming",0,Occasional_Buyer
C3789,30,Male,West Teresa,2024-07-30,T4789,2025-04-20 21:10:24,27.31,Grocery,Cash on Delivery,4,9.59,12,"5G, gaming, organic",0,Occasional_Buyer
C3790,26,Male,Travismouth,2024-04-01,T4790,2025-04-05 03:47:44,132.43,Grocery,Cash on Delivery,3,10.12,24,"fashion, headphones, gaming",1,High_Spender
C3791,53,Female,Andersonborough,2022-05-26,T4791,2025-04-23 16:48:30,128.9,Fitness,UPI,6,13.26,3,"bluetooth, home_decor, laptop, headphones",1,High_Spender
C3792,39,Male,New Jill,2022-11-18,T4792,2025-04-24 07:53:35,48.86,Electronics,Card,12,4.66,6,"fitness, home_decor, smartphone, eco_friendly",0,Occasional_Buyer
C3793,59,Other,Wheelertown,2025-03-07,T4793,2025-04-21 21:38:03,74.62,Grocery,Card,4,13.66,21,"eco_friendly, headphones, fashion, bluetooth",1,Occasional_Buyer
C3794,43,Male,Serranoland,2024-05-07,T4794,2025-04-23 12:38:37,74.16,Beauty,Wallet,8,7.76,3,"organic, gaming, bluetooth, laptop",1,Occasional_Buyer
C3795,29,Male,Kramerborough,2025-02-19,T4795,2025-04-17 19:09:03,140.43,Grocery,UPI,1,15.58,18,"camera, laptop, 5G, home_decor",1,High_Spender
C3796,34,Male,North Jefferyberg,2023-12-22,T4796,2025-04-02 17:24:02,44.27,Fitness,Wallet,8,12.02,21,"fitness, organic, laptop, eco_friendly",0,Occasional_Buyer
C3797,31,Female,Mistyport,2022-12-28,T4797,2025-04-10 06:41:48,25.78,Home,Cash on Delivery,11,11.64,22,"home_decor, fitness, camera",0,Occasional_Buyer
C3798,31,Male,North Brendaton,2023-08-04,T4798,2025-04-22 07:08:41,24.63,Fitness,Card,1,9.69,23,"gaming, smartphone, fitness",0,Occasional_Buyer
C3799,51,Female,New Amy,2022-11-15,T4799,2025-04-20 01:20:46,61.46,Fashion,UPI,11,16.19,24,"smartphone, home_decor, fashion, laptop",1,Loyal_Engaged
C3800,37,Male,Phillipfurt,2023-02-20,T4800,2025-03-27 17:42:50,47.7,Fashion,UPI,1,9.91,20,"headphones, laptop",0,Occasional_Buyer
C3801,28,Male,North Angelaport,2024-08-26,T4801,2025-04-16 20:59:24,46.4,Grocery,UPI,7,14.54,4,"bluetooth, home_decor, camera, fashion",0,Occasional_Buyer
C3802,33,Male,Harrisfurt,2023-06-22,T4802,2025-04-09 23:58:04,7.64,Grocery,Card,1,8.28,8,"camera, organic",0,Occasional_Buyer
C3803,48,Female,North Tinaview,2023-07-05,T4803,2025-04-23 01:28:58,101.44,Fitness,Wallet,9,12.15,23,"fitness, 5G, headphones, camera",1,Occasional_Buyer
C3804,23,Female,Lake Paul,2025-02-06,T4804,2025-04-22 08:16:29,19.24,Fitness,Card,14,15.69,3,"fitness, camera, eco_friendly, fashion",0,Loyal_Engaged
C3805,36,Male,Kyleton,2023-11-01,T4805,2025-03-25 21:10:58,17.55,Beauty,Wallet,8,7.46,21,"fitness, fashion, camera, gaming",0,Occasional_Buyer
C3806,54,Female,North Jesse,2024-07-14,T4806,2025-04-19 18:02:02,42.59,Electronics,Cash on Delivery,13,11.47,7,"laptop, fitness, smartphone, fashion",0,Occasional_Buyer
C3807,21,Other,West Robert,2022-06-05,T4807,2025-04-05 20:12:20,20.68,Beauty,Cash on Delivery,1,7.88,4,"fashion, home_decor, smartphone",0,Occasional_Buyer
C3808,64,Male,South Veronicafort,2023-05-05,T4808,2025-04-19 13:43:45,70.14,Fashion,Wallet,2,11.29,3,"5G, eco_friendly, fashion, camera",1,Occasional_Buyer
C3809,21,Female,South Sarahton,2024-04-12,T4809,2025-04-04 21:43:38,37.15,Beauty,Cash on Delivery,2,15.68,18,"fitness, 5G",0,Occasional_Buyer
C3810,37,Male,New Kevin,2023-08-31,T4810,2025-04-23 13:30:51,47.67,Fitness,Cash on Delivery,2,7.2,23,"smartphone, gaming",0,Occasional_Buyer
C3811,27,Other,Lake Andrew,2023-11-15,T4811,2025-04-03 01:21:19,61.63,Beauty,UPI,6,10.47,4,"smartphone, 5G, home_decor",1,Occasional_Buyer
C3812,41,Female,Lake Cindy,2024-05-31,T4812,2025-03-28 05:58:04,18.21,Home,UPI,4,7.5,6,"smartphone, fitness",0,Occasional_Buyer
C3813,52,Other,North Austin,2024-10-15,T4813,2025-03-29 17:32:08,13.54,Electronics,Card,8,9.61,5,"laptop, headphones, 5G",0,Occasional_Buyer
C3814,43,Female,Michellehaven,2022-09-04,T4814,2025-03-26 12:45:49,169.9,Fitness,Card,1,11.86,19,"home_decor, 5G",1,High_Spender
C3815,54,Male,Port Robert,2024-01-10,T4815,2025-04-23 15:48:01,45.49,Grocery,Card,10,9.11,17,"camera, eco_friendly",0,Occasional_Buyer
C3816,55,Other,West Jessicastad,2023-05-26,T4816,2025-04-05 17:36:35,42.5,Beauty,UPI,14,14.72,12,"gaming, fashion, fitness, headphones",0,Loyal_Engaged
C3817,38,Male,Munozview,2024-03-22,T4817,2025-04-01 13:16:15,2.9,Fitness,Card,4,11.45,14,"bluetooth, home_decor, camera, fashion",0,Occasional_Buyer
C3818,57,Male,Kellychester,2023-12-28,T4818,2025-04-09 13:09:06,55.13,Grocery,Card,10,6.03,14,"eco_friendly, gaming, fitness",1,Occasional_Buyer
C3819,56,Female,Ramosside,2022-05-27,T4819,2025-04-17 22:13:52,64.63,Grocery,UPI,11,10.96,22,"organic, fitness, bluetooth, laptop",1,Occasional_Buyer
C3820,38,Female,South Sonyamouth,2023-01-15,T4820,2025-03-28 14:38:20,65.47,Fashion,Wallet,5,14.38,9,"eco_friendly, fashion",1,Occasional_Buyer
C3821,27,Other,West Thomasbury,2025-01-07,T4821,2025-03-31 21:32:45,98.22,Fashion,UPI,9,11.63,12,"5G, camera",1,Occasional_Buyer
C3822,55,Male,Port Dennisbury,2023-03-06,T4822,2025-04-18 07:00:12,15.63,Fitness,Wallet,5,10.78,7,"bluetooth, camera, smartphone",0,Occasional_Buyer
C3823,63,Female,North Kevin,2022-10-08,T4823,2025-04-16 12:40:32,23.25,Fitness,UPI,13,9.11,22,"gaming, headphones",0,Occasional_Buyer
C3824,21,Female,Williamborough,2022-09-14,T4824,2025-03-31 16:20:55,133.17,Home,Card,11,9.71,22,"fashion, home_decor, gaming, bluetooth",1,High_Spender
C3825,62,Male,Humphreyville,2022-05-03,T4825,2025-03-27 13:27:55,235.26,Electronics,Cash on Delivery,3,10.03,13,"organic, bluetooth",1,High_Spender
C3826,37,Male,Brianshire,2022-09-14,T4826,2025-04-02 22:49:02,11.69,Electronics,Cash on Delivery,11,2.66,4,"camera, eco_friendly, home_decor, 5G",0,Occasional_Buyer
C3827,34,Male,Billview,2022-06-14,T4827,2025-04-16 08:05:35,55.08,Fitness,Wallet,4,11.39,18,"fitness, organic, 5G",1,Occasional_Buyer
C3828,24,Male,Wangborough,2024-04-18,T4828,2025-04-14 23:10:58,19.28,Fashion,Wallet,10,12.99,14,"eco_friendly, home_decor",0,Occasional_Buyer
C3829,21,Other,Port Lindsey,2022-12-14,T4829,2025-03-28 00:52:37,4.96,Beauty,Wallet,7,7.76,18,"headphones, organic",0,Occasional_Buyer
C3830,46,Female,Davisland,2023-01-09,T4830,2025-04-24 11:16:43,31.5,Home,Cash on Delivery,1,10.7,6,"eco_friendly, organic, fitness, home_decor",0,Occasional_Buyer
C3831,31,Female,South Steven,2024-10-21,T4831,2025-04-21 12:22:29,12.41,Electronics,Wallet,11,11.06,4,"smartphone, headphones, camera, eco_friendly",0,Occasional_Buyer
C3832,20,Other,Eddiemouth,2023-11-21,T4832,2025-04-05 17:47:15,99.01,Fitness,UPI,6,12.43,12,"organic, bluetooth",1,Occasional_Buyer
C3833,41,Male,Elizabethberg,2023-11-30,T4833,2025-03-27 04:45:37,61.04,Fashion,UPI,8,10.04,15,"organic, camera, laptop",1,Occasional_Buyer
C3834,54,Female,Amandaburgh,2023-04-19,T4834,2025-04-21 07:48:39,12.42,Fashion,Cash on Delivery,1,11.62,21,"bluetooth, organic, gaming, headphones",0,Occasional_Buyer
C3835,33,Male,Seanberg,2022-09-15,T4835,2025-04-04 13:45:32,0.74,Fashion,UPI,8,6.52,17,"gaming, smartphone, eco_friendly",0,Occasional_Buyer
C3836,21,Female,North John,2023-01-03,T4836,2025-04-04 11:49:17,132.09,Beauty,Wallet,7,6.96,3,"smartphone, headphones",1,High_Spender
C3837,41,Male,West Kevinfurt,2024-04-07,T4837,2025-04-11 19:21:33,15.51,Grocery,Cash on Delivery,1,11.29,19,"laptop, camera, smartphone, fashion",0,Occasional_Buyer
C3838,51,Other,Graymouth,2023-03-13,T4838,2025-04-19 00:14:20,74.56,Beauty,Wallet,9,9.31,22,"headphones, 5G, bluetooth, home_decor",1,Occasional_Buyer
C3839,47,Male,Sullivanmouth,2022-09-10,T4839,2025-03-31 14:36:55,32.87,Fashion,UPI,11,5.26,6,"5G, fitness, headphones",0,Occasional_Buyer
C3840,35,Male,Johnchester,2022-08-07,T4840,2025-04-08 14:34:23,70.45,Fitness,Wallet,3,11.04,22,"fitness, home_decor, gaming",1,Occasional_Buyer
C3841,36,Female,South Eric,2023-04-22,T4841,2025-04-07 06:15:17,30.34,Home,Cash on Delivery,2,6.18,11,"laptop, bluetooth, smartphone, fashion",0,Occasional_Buyer
C3842,48,Male,Pageland,2024-09-05,T4842,2025-04-09 00:31:20,7.28,Beauty,Wallet,7,18.11,8,"fitness, bluetooth, camera, 5G",0,Occasional_Buyer
C3843,36,Female,Jenkinsview,2024-04-13,T4843,2025-04-23 19:03:11,20.18,Fitness,UPI,11,3.47,5,"smartphone, home_decor, organic, laptop",0,Occasional_Buyer
C3844,63,Male,Tanyaside,2023-01-11,T4844,2025-03-29 14:42:31,16.67,Fashion,Card,3,10.16,24,"organic, bluetooth",0,Occasional_Buyer
C3845,36,Female,Roseberg,2023-05-07,T4845,2025-03-30 19:57:45,44.69,Home,Cash on Delivery,1,6.65,4,"home_decor, 5G",0,Occasional_Buyer
C3846,39,Male,Port Rodneybury,2022-11-16,T4846,2025-04-14 15:16:01,85.9,Electronics,Wallet,10,12.75,20,"bluetooth, headphones, organic, camera",1,Occasional_Buyer
C3847,41,Male,South Michaelchester,2024-02-07,T4847,2025-04-08 03:00:11,24.5,Electronics,Cash on Delivery,13,8.79,21,"5G, gaming",0,Occasional_Buyer
C3848,62,Male,South Stevenchester,2022-11-01,T4848,2025-04-11 14:42:16,0.97,Fitness,Wallet,3,13.04,9,"5G, laptop, organic",0,Occasional_Buyer
C3849,29,Female,Davisshire,2023-12-22,T4849,2025-04-23 10:13:58,58.54,Home,Card,6,12.3,5,"fashion, 5G",1,Occasional_Buyer
C3850,47,Male,Halemouth,2022-12-27,T4850,2025-04-20 05:27:18,74.46,Fitness,UPI,3,6.8,20,"organic, headphones, camera, fashion",1,Occasional_Buyer
C3851,55,Male,Lake Lisa,2024-08-09,T4851,2025-03-31 07:18:38,263.47,Home,Wallet,5,7.82,22,"eco_friendly, gaming, fitness",1,High_Spender
C3852,48,Male,Berrystad,2023-04-13,T4852,2025-04-07 03:33:08,71.22,Home,Wallet,9,8.97,22,"headphones, bluetooth",1,Occasional_Buyer
C3853,53,Male,Mollytown,2023-01-27,T4853,2025-04-12 13:38:55,50.97,Fitness,Card,7,9.8,21,"fashion, fitness, eco_friendly",0,Occasional_Buyer
C3854,36,Female,Lake Jason,2023-05-20,T4854,2025-03-29 04:15:54,68.15,Home,Cash on Delivery,2,9.41,11,"fashion, laptop",1,Occasional_Buyer
C3855,62,Female,East Alison,2024-07-01,T4855,2025-04-10 16:23:03,210.38,Beauty,UPI,1,12.18,18,"gaming, home_decor, fitness, smartphone",1,High_Spender
C3856,53,Male,Port Lisahaven,2023-11-28,T4856,2025-03-27 12:26:14,141.0,Fashion,Wallet,7,10.7,8,"home_decor, headphones, gaming",1,High_Spender
C3857,47,Female,Carterside,2024-10-13,T4857,2025-04-02 16:13:43,31.2,Home,Wallet,4,8.16,23,"gaming, fitness, fashion",0,Occasional_Buyer
C3858,50,Female,Chasehaven,2024-01-16,T4858,2025-03-26 09:09:49,21.67,Beauty,UPI,11,7.26,14,"5G, fashion, headphones",0,Occasional_Buyer
C3859,35,Male,Natalieberg,2024-06-17,T4859,2025-04-07 17:42:28,24.37,Home,Card,7,7.55,8,"home_decor, camera",0,Occasional_Buyer
C3860,45,Female,Lewisland,2025-02-06,T4860,2025-04-13 08:00:31,56.16,Beauty,Cash on Delivery,6,10.99,15,"eco_friendly, laptop, home_decor",1,Occasional_Buyer
C3861,64,Male,West Brandihaven,2023-09-16,T4861,2025-04-20 06:21:11,109.02,Fitness,UPI,7,9.42,7,"gaming, home_decor",1,Occasional_Buyer
C3862,28,Female,Lake Joshuafurt,2023-04-09,T4862,2025-04-02 21:37:21,55.97,Electronics,Cash on Delivery,4,16.24,15,"smartphone, organic, gaming",1,Occasional_Buyer
C3863,62,Male,New Robert,2022-06-30,T4863,2025-04-09 15:48:50,5.62,Grocery,Card,3,10.0,22,"organic, 5G, fitness, headphones",0,Occasional_Buyer
C3864,50,Female,Rogersmouth,2023-05-08,T4864,2025-04-23 04:05:02,102.87,Home,Card,12,10.57,9,"headphones, gaming, laptop",1,Occasional_Buyer
C3865,34,Female,East John,2023-06-28,T4865,2025-04-14 13:28:58,131.18,Grocery,UPI,5,4.6,14,"home_decor, camera, headphones",1,High_Spender
C3866,23,Male,Boltonbury,2024-05-21,T4866,2025-03-29 08:39:17,27.34,Home,Wallet,3,5.99,23,"laptop, 5G",0,Occasional_Buyer
C3867,21,Male,Lake Stephanie,2022-05-19,T4867,2025-03-29 01:09:02,87.28,Fitness,Card,14,6.64,6,"headphones, home_decor, fitness, eco_friendly",1,Occasional_Buyer
C3868,37,Other,Brianside,2024-12-23,T4868,2025-04-18 06:01:21,44.49,Fitness,Card,3,8.4,7,"smartphone, laptop",0,Occasional_Buyer
C3869,64,Male,Ericport,2024-12-21,T4869,2025-03-29 16:35:27,175.94,Beauty,UPI,4,5.55,18,"home_decor, smartphone",1,High_Spender
C3870,44,Female,Hooverchester,2022-08-30,T4870,2025-04-21 07:41:26,149.26,Home,UPI,8,6.54,6,"camera, 5G, bluetooth",1,High_Spender
C3871,32,Other,Johnsonhaven,2024-04-13,T4871,2025-04-18 22:02:56,59.63,Fitness,UPI,2,11.99,10,"home_decor, 5G",1,Occasional_Buyer
C3872,23,Female,Brownfort,2022-08-02,T4872,2025-04-23 16:41:21,94.08,Fitness,Card,4,7.42,18,"bluetooth, eco_friendly, laptop, gaming",1,Occasional_Buyer
C3873,64,Female,East Gregoryport,2024-03-18,T4873,2025-03-28 18:04:09,171.89,Home,Cash on Delivery,11,9.88,10,"smartphone, home_decor, gaming",1,High_Spender
C3874,31,Female,Baldwintown,2025-01-16,T4874,2025-03-28 06:29:04,54.77,Beauty,Card,3,11.78,19,"laptop, bluetooth, fitness, headphones",1,Occasional_Buyer
C3875,28,Female,North Reginaldville,2024-11-15,T4875,2025-04-05 19:35:17,30.06,Beauty,UPI,7,12.84,16,"laptop, organic, camera",0,Occasional_Buyer
C3876,56,Female,West Ethan,2022-06-16,T4876,2025-03-27 02:33:47,112.09,Beauty,Wallet,2,10.88,14,"fitness, organic, gaming",1,Occasional_Buyer
C3877,26,Female,North Nicoleville,2024-05-09,T4877,2025-04-05 15:33:23,19.88,Beauty,Wallet,1,11.06,5,"headphones, 5G, laptop",0,Occasional_Buyer
C3878,43,Male,New Frankside,2025-01-10,T4878,2025-04-17 03:02:33,39.35,Electronics,UPI,10,12.93,22,"home_decor, headphones, 5G",0,Occasional_Buyer
C3879,33,Other,Jonesville,2023-01-26,T4879,2025-04-22 16:15:17,160.63,Home,Wallet,1,11.24,4,"camera, gaming, bluetooth",1,High_Spender
C3880,22,Female,West James,2025-01-29,T4880,2025-03-31 22:52:13,103.11,Electronics,Card,6,13.11,15,"organic, headphones",1,Occasional_Buyer
C3881,27,Male,Jonesshire,2023-01-22,T4881,2025-04-09 07:27:35,41.38,Fitness,Cash on Delivery,3,3.57,23,"organic, smartphone, fashion, eco_friendly",0,Occasional_Buyer
C3882,20,Female,Hooperville,2024-12-21,T4882,2025-04-03 16:01:41,19.34,Electronics,Card,7,9.75,13,"5G, organic, bluetooth",0,Occasional_Buyer
C3883,30,Female,Port Curtisfurt,2024-07-24,T4883,2025-04-12 10:16:25,35.2,Beauty,UPI,8,10.17,14,"fitness, laptop, organic, 5G",0,Occasional_Buyer
C3884,60,Male,Danielshire,2025-02-08,T4884,2025-03-27 00:23:46,26.74,Fitness,Card,5,9.65,20,"laptop, gaming, 5G",0,Occasional_Buyer
C3885,47,Female,New Margaretshire,2022-06-01,T4885,2025-04-03 08:30:12,15.5,Electronics,Wallet,5,10.37,11,"organic, fitness, camera, eco_friendly",0,Occasional_Buyer
C3886,62,Male,Susanfurt,2024-09-24,T4886,2025-03-29 21:37:04,108.8,Electronics,Card,12,8.78,9,"home_decor, organic",1,Occasional_Buyer
C3887,23,Female,North Eugene,2024-08-30,T4887,2025-03-31 03:14:22,23.24,Home,Cash on Delivery,2,12.37,8,"5G, eco_friendly",0,Occasional_Buyer
C3888,34,Male,Brooksport,2023-07-31,T4888,2025-04-21 07:22:14,48.44,Electronics,Wallet,8,8.39,16,"headphones, gaming",0,Occasional_Buyer
C3889,62,Female,Port Josephville,2022-08-12,T4889,2025-04-02 04:41:02,39.0,Fitness,Cash on Delivery,10,9.35,20,"camera, 5G",0,Occasional_Buyer
C3890,36,Female,South Jamesmouth,2023-01-22,T4890,2025-04-17 22:28:18,321.74,Beauty,Cash on Delivery,13,14.33,16,"organic, gaming, smartphone, laptop",1,Loyal_Engaged
C3891,59,Male,Ianfort,2023-03-29,T4891,2025-04-04 16:40:11,39.69,Home,Cash on Delivery,1,13.91,7,"smartphone, eco_friendly, 5G, fitness",0,Occasional_Buyer
C3892,52,Other,Jamesshire,2024-09-01,T4892,2025-04-09 08:49:31,6.67,Electronics,Card,10,10.47,22,"smartphone, fitness",0,Occasional_Buyer
C3893,63,Female,East Justinland,2024-07-22,T4893,2025-04-15 12:27:48,7.53,Home,Card,9,8.09,15,"smartphone, camera, fitness, home_decor",0,Occasional_Buyer
C3894,43,Male,Lake Mauricemouth,2023-02-26,T4894,2025-03-30 10:27:13,71.48,Grocery,Card,1,5.1,3,"camera, gaming, eco_friendly, laptop",1,Occasional_Buyer
C3895,22,Female,Julietown,2025-01-29,T4895,2025-04-19 08:35:55,73.18,Home,Card,1,9.61,14,"camera, headphones, 5G",1,Occasional_Buyer
C3896,46,Female,Ericachester,2023-07-27,T4896,2025-04-24 12:40:16,43.41,Beauty,Wallet,1,11.52,21,"eco_friendly, organic, laptop",0,Occasional_Buyer
C3897,54,Male,New Patriciabury,2024-07-06,T4897,2025-04-17 05:15:30,45.23,Grocery,Card,7,7.84,12,"home_decor, fitness",0,Occasional_Buyer
C3898,37,Male,Thomaston,2024-07-31,T4898,2025-03-28 05:32:47,4.44,Grocery,Wallet,4,10.02,7,"home_decor, bluetooth, organic",0,Occasional_Buyer
C3899,38,Male,Taylormouth,2023-09-16,T4899,2025-03-26 07:27:57,58.14,Home,Cash on Delivery,12,8.95,22,"gaming, organic, smartphone, fashion",1,Occasional_Buyer
C3900,27,Male,Marthaville,2022-06-30,T4900,2025-04-19 10:40:34,56.21,Fitness,Wallet,7,4.83,8,"home_decor, fitness, bluetooth, fashion",1,Occasional_Buyer
C3901,22,Female,South Frederick,2023-11-08,T4901,2025-04-01 09:28:24,12.96,Beauty,UPI,5,10.35,14,"fashion, home_decor, fitness",0,Occasional_Buyer
C3902,53,Female,East Davidville,2023-08-28,T4902,2025-04-01 11:58:22,8.77,Fitness,Card,12,11.31,23,"smartphone, 5G, fitness, bluetooth",0,Occasional_Buyer
C3903,23,Male,North Markberg,2023-09-23,T4903,2025-04-06 21:32:11,10.55,Beauty,UPI,14,10.48,5,"headphones, organic, smartphone, camera",0,Occasional_Buyer
C3904,43,Male,Hallport,2024-10-06,T4904,2025-04-21 11:07:16,8.52,Beauty,Wallet,7,14.84,16,"laptop, headphones",0,Occasional_Buyer
C3905,21,Male,Evansberg,2023-12-10,T4905,2025-03-29 20:46:01,75.27,Fitness,Card,10,9.03,23,"camera, fashion, home_decor, laptop",1,Occasional_Buyer
C3906,56,Other,Lake Michelle,2024-03-09,T4906,2025-03-28 07:02:40,17.5,Fashion,UPI,14,8.8,6,"fashion, 5G",0,Occasional_Buyer
C3907,56,Male,West Victorberg,2023-04-25,T4907,2025-04-15 11:55:38,23.17,Grocery,Card,7,16.5,19,"home_decor, gaming, smartphone",0,Occasional_Buyer
C3908,52,Other,North Shannonville,2023-05-21,T4908,2025-03-31 19:00:50,15.25,Home,Wallet,4,6.25,19,"home_decor, bluetooth, organic",0,Occasional_Buyer
C3909,18,Female,Port Joshuastad,2024-02-09,T4909,2025-04-02 07:41:27,253.29,Fitness,UPI,2,8.14,16,"5G, organic",1,High_Spender
C3910,41,Male,East Richard,2023-10-31,T4910,2025-04-15 22:34:03,154.27,Fitness,Wallet,8,11.08,17,"home_decor, organic, fitness",1,High_Spender
C3911,53,Female,Laurastad,2023-07-19,T4911,2025-04-23 17:34:10,20.96,Home,UPI,2,13.38,9,"fashion, bluetooth, smartphone, fitness",0,Occasional_Buyer
C3912,23,Female,West Aaronmouth,2023-12-06,T4912,2025-04-18 19:46:44,31.75,Grocery,Cash on Delivery,9,12.8,6,"5G, fitness, headphones, home_decor",0,Occasional_Buyer
C3913,58,Female,Port Emilytown,2024-07-17,T4913,2025-04-05 01:49:33,18.85,Home,Cash on Delivery,5,6.88,19,"laptop, 5G",0,Occasional_Buyer
C3914,63,Other,Vanessaview,2024-09-07,T4914,2025-04-14 11:13:44,54.16,Beauty,Cash on Delivery,9,14.88,8,"5G, laptop",1,Occasional_Buyer
C3915,61,Male,Reidfort,2024-05-25,T4915,2025-04-12 15:14:32,1.58,Fashion,Cash on Delivery,9,11.39,13,"bluetooth, 5G",0,Occasional_Buyer
C3916,48,Male,Johnborough,2022-08-27,T4916,2025-03-31 20:28:26,89.03,Beauty,Cash on Delivery,14,7.54,14,"smartphone, fashion, bluetooth",1,Occasional_Buyer
C3917,37,Female,Lake Keithburgh,2024-06-09,T4917,2025-04-23 14:58:45,59.25,Fashion,Wallet,8,7.79,17,"fashion, fitness, eco_friendly, home_decor",1,Occasional_Buyer
C3918,41,Male,Campbellhaven,2024-09-01,T4918,2025-04-17 09:13:41,183.13,Home,Cash on Delivery,8,10.21,14,"home_decor, camera, organic",1,High_Spender
C3919,42,Male,South Vanessa,2023-01-28,T4919,2025-04-16 04:09:01,14.37,Beauty,Wallet,4,16.46,13,"organic, eco_friendly, fitness",0,Occasional_Buyer
C3920,53,Male,Castroside,2025-01-05,T4920,2025-04-07 13:28:49,130.42,Grocery,Cash on Delivery,14,10.64,19,"fashion, bluetooth, gaming, 5G",1,High_Spender
C3921,38,Male,New Glenn,2022-06-21,T4921,2025-04-07 19:54:27,125.6,Beauty,Card,4,16.43,10,"laptop, organic, fitness, fashion",1,High_Spender
C3922,47,Female,Williamsstad,2023-09-16,T4922,2025-04-23 18:55:39,10.88,Fitness,Cash on Delivery,14,12.63,14,"laptop, organic, bluetooth",0,Loyal_Engaged
C3923,41,Male,Donnachester,2023-05-25,T4923,2025-04-23 04:02:58,40.67,Fashion,Card,2,6.21,11,"5G, gaming, organic",0,Occasional_Buyer
C3924,61,Female,Davidsonport,2024-08-01,T4924,2025-04-21 20:37:36,14.92,Fashion,Wallet,4,14.22,13,"fitness, smartphone, eco_friendly",0,Occasional_Buyer
C3925,59,Female,North Christopherstad,2023-11-02,T4925,2025-04-08 18:18:04,23.52,Grocery,Cash on Delivery,4,7.17,5,"gaming, fitness, home_decor",0,Occasional_Buyer
C3926,47,Male,Leslieton,2024-03-31,T4926,2025-03-25 19:34:51,24.44,Fashion,UPI,6,8.15,9,"organic, home_decor, 5G",0,Occasional_Buyer
C3927,39,Male,West Brianfurt,2025-02-04,T4927,2025-04-18 18:47:56,65.0,Fashion,Wallet,3,10.83,23,"fitness, bluetooth",1,Occasional_Buyer
C3928,45,Female,Johnsonburgh,2024-08-20,T4928,2025-04-22 04:51:19,42.4,Grocery,Cash on Delivery,2,9.91,5,"smartphone, gaming, organic, 5G",0,Occasional_Buyer
C3929,24,Male,South Jeremyshire,2022-08-04,T4929,2025-03-28 06:50:48,236.11,Beauty,Wallet,8,12.68,23,"gaming, camera, bluetooth, fitness",1,High_Spender
C3930,52,Female,East Alexander,2024-01-25,T4930,2025-04-09 01:34:47,10.81,Home,UPI,2,11.51,18,"headphones, fitness, 5G",0,Occasional_Buyer
C3931,45,Female,Jonathanside,2025-01-13,T4931,2025-04-06 09:43:21,291.03,Beauty,Cash on Delivery,8,9.65,12,"bluetooth, smartphone, organic, 5G",1,High_Spender
C3932,31,Male,Lake Sarah,2023-03-05,T4932,2025-04-22 06:36:36,20.98,Fitness,UPI,7,15.1,9,"camera, laptop",0,Occasional_Buyer
C3933,27,Female,West Ronald,2024-01-28,T4933,2025-04-23 04:54:59,118.58,Fitness,Cash on Delivery,3,8.58,22,"bluetooth, laptop, smartphone",1,Occasional_Buyer
C3934,33,Female,New Samanthachester,2022-06-03,T4934,2025-03-30 09:14:12,33.12,Fashion,Card,6,7.0,17,"home_decor, bluetooth, headphones, fashion",0,Occasional_Buyer
C3935,33,Male,West Robert,2022-08-04,T4935,2025-04-22 06:22:39,12.35,Fitness,Wallet,6,11.39,23,"home_decor, 5G",0,Occasional_Buyer
C3936,48,Female,Port Hunter,2023-06-10,T4936,2025-04-21 23:08:26,156.09,Home,UPI,10,9.95,23,"camera, fashion, home_decor",1,High_Spender
C3937,59,Female,West Martinside,2023-01-22,T4937,2025-04-04 02:59:41,29.55,Fashion,Wallet,14,10.74,12,"fitness, 5G",0,Occasional_Buyer
C3938,42,Male,East Tiffanyview,2023-08-16,T4938,2025-04-08 03:09:41,86.04,Fitness,UPI,5,12.21,14,"headphones, fitness, laptop, smartphone",1,Occasional_Buyer
C3939,30,Female,Leachborough,2023-12-25,T4939,2025-04-01 10:19:23,66.86,Electronics,Wallet,13,9.44,20,"5G, fitness",1,Occasional_Buyer
C3940,23,Other,Tracyburgh,2023-01-27,T4940,2025-04-18 16:39:13,51.06,Electronics,Wallet,8,15.58,11,"fitness, smartphone, headphones, fashion",0,Occasional_Buyer
C3941,61,Other,Kellyhaven,2022-06-09,T4941,2025-04-20 14:48:54,54.79,Electronics,Wallet,11,10.79,11,"bluetooth, organic, gaming, fashion",1,Occasional_Buyer
C3942,26,Female,Blairland,2024-04-13,T4942,2025-04-09 01:29:26,105.41,Electronics,Card,12,8.65,6,"smartphone, fitness, eco_friendly",1,Occasional_Buyer
C3943,62,Female,East Taylor,2023-12-28,T4943,2025-04-17 15:35:53,7.35,Beauty,Cash on Delivery,5,11.77,7,"organic, headphones",0,Occasional_Buyer
C3944,53,Male,Brittanymouth,2023-04-30,T4944,2025-04-10 05:30:52,88.25,Electronics,Card,7,9.74,9,"home_decor, organic, headphones",1,Occasional_Buyer
C3945,60,Other,Kirbyville,2022-09-09,T4945,2025-03-30 15:09:41,180.92,Fashion,Wallet,6,10.34,9,"eco_friendly, bluetooth",1,High_Spender
C3946,37,Male,Bryanbury,2023-08-23,T4946,2025-03-26 18:34:52,4.76,Grocery,UPI,11,6.68,13,"headphones, 5G, home_decor",0,Occasional_Buyer
C3947,35,Female,East Jessicaville,2023-05-20,T4947,2025-03-30 10:20:37,12.13,Beauty,Wallet,7,7.02,12,"home_decor, fashion, camera",0,Occasional_Buyer
C3948,60,Male,Cooperchester,2023-02-19,T4948,2025-04-13 00:31:38,100.88,Grocery,Cash on Delivery,13,13.18,13,"bluetooth, fitness, 5G, eco_friendly",1,Loyal_Engaged
C3949,38,Male,Lake Kiara,2022-05-19,T4949,2025-04-18 09:57:17,46.0,Fashion,Card,9,6.3,20,"fashion, 5G",0,Occasional_Buyer
C3950,21,Male,Campbellfort,2022-11-12,T4950,2025-04-12 03:26:11,41.34,Fashion,Cash on Delivery,3,9.63,14,"organic, 5G",0,Occasional_Buyer
C3951,50,Other,Tracytown,2023-08-07,T4951,2025-04-06 10:08:35,11.78,Home,UPI,10,10.98,18,"gaming, eco_friendly",0,Occasional_Buyer
C3952,44,Male,Carolside,2025-03-04,T4952,2025-04-02 05:07:51,56.54,Beauty,Cash on Delivery,7,14.24,6,"bluetooth, camera, headphones",1,Occasional_Buyer
C3953,24,Female,New Jacobville,2022-12-28,T4953,2025-03-25 18:38:01,10.82,Grocery,Card,13,8.56,19,"fashion, fitness",0,Occasional_Buyer
C3954,23,Male,Port Zachary,2022-06-13,T4954,2025-04-19 05:54:19,51.8,Electronics,UPI,10,12.28,19,"eco_friendly, camera",0,Occasional_Buyer
C3955,32,Male,East Laurabury,2022-06-13,T4955,2025-03-26 02:22:13,115.38,Fashion,Cash on Delivery,3,9.64,23,"fashion, camera, gaming",1,Occasional_Buyer
C3956,35,Male,Millerhaven,2023-08-16,T4956,2025-04-21 19:01:46,23.9,Electronics,Card,13,3.46,7,"laptop, headphones, camera, bluetooth",0,Occasional_Buyer
C3957,49,Female,Collinchester,2023-04-03,T4957,2025-04-11 00:28:25,52.44,Grocery,Card,2,10.14,15,"eco_friendly, fitness, 5G",0,Occasional_Buyer
C3958,28,Male,Schroederton,2023-04-08,T4958,2025-03-27 10:40:24,386.42,Beauty,Wallet,12,9.8,5,"eco_friendly, laptop, bluetooth, camera",1,High_Spender
C3959,37,Male,Lake Brianstad,2023-10-22,T4959,2025-03-31 15:18:24,92.83,Fitness,Cash on Delivery,7,11.28,19,"eco_friendly, home_decor, camera",1,Occasional_Buyer
C3960,41,Male,South Juliestad,2022-11-02,T4960,2025-03-29 04:33:47,147.29,Fitness,UPI,4,8.07,13,"smartphone, fitness, fashion",1,High_Spender
C3961,32,Male,Lake Hectorville,2023-01-07,T4961,2025-04-03 04:08:09,42.87,Fashion,Wallet,1,8.39,3,"camera, home_decor",0,Occasional_Buyer
C3962,24,Other,Jacquelinehaven,2023-11-11,T4962,2025-04-19 20:29:00,116.83,Home,Cash on Delivery,6,13.6,20,"smartphone, laptop, headphones, fashion",1,Occasional_Buyer
C3963,38,Other,Meganborough,2023-11-26,T4963,2025-04-22 19:54:05,3.31,Electronics,Cash on Delivery,11,8.99,19,"headphones, bluetooth",0,Occasional_Buyer
C3964,59,Male,Mooneybury,2023-03-08,T4964,2025-04-06 13:08:10,10.49,Fashion,UPI,6,4.26,11,"5G, smartphone",0,Occasional_Buyer
C3965,43,Female,Port Jasonstad,2023-04-10,T4965,2025-04-19 09:59:56,18.16,Home,Wallet,6,11.47,22,"5G, organic, fashion",0,Occasional_Buyer
C3966,61,Other,Port Raymond,2025-03-10,T4966,2025-03-30 22:46:42,41.13,Electronics,Wallet,2,12.59,9,"bluetooth, fitness, headphones, fashion",0,Occasional_Buyer
C3967,31,Male,West Rebecca,2023-02-13,T4967,2025-04-08 04:11:24,149.53,Grocery,UPI,1,12.56,7,"eco_friendly, fitness, organic, camera",1,High_Spender
C3968,54,Female,Carmenport,2023-06-01,T4968,2025-04-17 06:17:47,34.0,Fitness,Wallet,3,8.15,18,"organic, fitness, laptop, 5G",0,Occasional_Buyer
C3969,38,Other,Daystad,2024-08-29,T4969,2025-04-20 03:41:16,85.05,Home,Card,12,10.0,9,"headphones, smartphone, camera, organic",1,Occasional_Buyer
C3970,35,Male,Smithhaven,2023-06-17,T4970,2025-04-14 07:17:25,98.84,Electronics,UPI,14,11.59,15,"gaming, bluetooth, fitness",1,Occasional_Buyer
C3971,22,Male,Lake Paulview,2023-03-13,T4971,2025-04-01 05:28:35,70.59,Fashion,Cash on Delivery,2,12.89,15,"laptop, camera",1,Occasional_Buyer
C3972,20,Other,North Janetport,2025-03-19,T4972,2025-04-09 07:56:06,35.36,Electronics,UPI,6,11.51,17,"laptop, camera, bluetooth",0,Occasional_Buyer
C3973,40,Female,Cooleystad,2023-04-01,T4973,2025-04-15 12:50:39,68.84,Fashion,Card,13,12.33,19,"fashion, camera, gaming",1,Loyal_Engaged
C3974,43,Male,West Markstad,2023-10-02,T4974,2025-04-13 03:08:32,33.52,Fitness,UPI,12,7.8,19,"laptop, organic",0,Occasional_Buyer
C3975,54,Male,New Ann,2024-01-27,T4975,2025-03-30 08:11:19,7.01,Fitness,Cash on Delivery,6,3.13,21,"fitness, eco_friendly, home_decor",0,Occasional_Buyer
C3976,41,Male,North Annemouth,2024-09-10,T4976,2025-04-04 19:05:55,394.74,Electronics,Cash on Delivery,13,13.16,12,"smartphone, camera, headphones, home_decor",1,Loyal_Engaged
C3977,36,Female,East Meagan,2023-04-29,T4977,2025-04-24 14:14:59,10.88,Electronics,UPI,5,7.16,4,"organic, home_decor, eco_friendly",0,Occasional_Buyer
C3978,42,Female,East Maureenland,2024-10-13,T4978,2025-04-17 19:50:58,6.01,Fashion,UPI,10,9.49,16,"smartphone, gaming",0,Occasional_Buyer
C3979,38,Other,Nortonshire,2024-12-08,T4979,2025-04-11 01:08:49,168.65,Fashion,Card,10,12.42,5,"fashion, bluetooth, 5G, organic",1,High_Spender
C3980,29,Male,North Eileen,2025-02-14,T4980,2025-04-01 12:53:39,28.74,Home,Card,5,10.08,9,"home_decor, camera, 5G, gaming",0,Occasional_Buyer
C3981,58,Female,Port Johnville,2023-03-17,T4981,2025-04-21 08:10:18,84.05,Home,Cash on Delivery,9,12.11,13,"laptop, 5G, fitness",1,Occasional_Buyer
C3982,50,Female,West Scottburgh,2023-01-11,T4982,2025-04-20 00:57:38,31.92,Home,Wallet,14,17.36,19,"smartphone, home_decor",0,Loyal_Engaged
C3983,21,Male,Kelseystad,2024-01-01,T4983,2025-04-21 21:45:13,39.73,Electronics,Wallet,5,11.65,17,"smartphone, camera, laptop",0,Occasional_Buyer
C3984,59,Male,Samuelmouth,2025-01-14,T4984,2025-04-16 05:02:29,24.32,Beauty,Wallet,13,7.81,21,"home_decor, laptop, fashion",0,Occasional_Buyer
C3985,24,Other,Justinstad,2023-12-08,T4985,2025-04-18 04:19:13,33.61,Beauty,Wallet,10,5.66,13,"fashion, camera, gaming",0,Occasional_Buyer
C3986,39,Female,West Evantown,2024-11-25,T4986,2025-04-17 01:43:08,42.31,Beauty,Cash on Delivery,6,12.03,17,"fitness, organic, camera, headphones",0,Occasional_Buyer
C3987,50,Female,Walkerville,2024-06-29,T4987,2025-04-23 03:37:16,101.96,Beauty,Wallet,11,10.24,17,"fitness, laptop",1,Occasional_Buyer
C3988,34,Female,Ramirezmouth,2023-03-28,T4988,2025-04-09 12:22:14,57.32,Home,Wallet,4,5.86,8,"smartphone, bluetooth, headphones",1,Occasional_Buyer
C3989,41,Male,North Patrickborough,2024-01-12,T4989,2025-04-06 02:29:40,229.97,Electronics,UPI,10,13.54,17,"headphones, 5G",1,High_Spender
C3990,51,Female,Brownstad,2023-05-15,T4990,2025-04-12 12:56:29,3.42,Beauty,Wallet,14,12.17,11,"home_decor, fashion, gaming",0,Loyal_Engaged
C3991,45,Female,North Jessica,2024-02-06,T4991,2025-04-01 22:53:40,55.94,Fitness,UPI,14,9.97,7,"fitness, 5G",1,Occasional_Buyer
C3992,60,Female,Edwardhaven,2022-06-11,T4992,2025-03-30 22:16:30,70.21,Grocery,Cash on Delivery,1,16.56,21,"fitness, home_decor",1,Occasional_Buyer
C3993,58,Other,Wardshire,2024-02-14,T4993,2025-04-24 09:00:46,202.26,Fitness,UPI,4,13.07,7,"smartphone, fitness, gaming, camera",1,High_Spender
C3994,56,Female,Port Bryanport,2024-12-10,T4994,2025-03-30 23:05:26,4.03,Electronics,Card,2,7.03,24,"camera, fashion, gaming, fitness",0,Occasional_Buyer
C3995,39,Male,South Cory,2023-08-06,T4995,2025-04-04 12:34:04,68.17,Electronics,UPI,10,13.52,15,"home_decor, bluetooth, laptop, fitness",1,Occasional_Buyer
C3996,34,Female,Colleenton,2022-10-05,T4996,2025-04-23 14:28:05,153.73,Grocery,Wallet,3,10.76,20,"organic, fashion, laptop, headphones",1,High_Spender
C3997,51,Male,Walshfort,2022-08-08,T4997,2025-04-08 13:42:16,22.16,Fashion,UPI,7,15.68,22,"fashion, gaming, headphones, organic",0,Occasional_Buyer
C3998,23,Male,Lake Timothytown,2024-05-06,T4998,2025-04-19 08:49:43,167.19,Fashion,UPI,7,12.83,19,"laptop, bluetooth, headphones, eco_friendly",1,High_Spender
C3999,63,Male,Connormouth,2024-04-06,T4999,2025-04-07 08:01:34,1.54,Fashion,Cash on Delivery,1,11.45,17,"5G, laptop",0,Occasional_Buyer
C4000,23,Male,South Staceyburgh,2023-01-24,T5000,2025-04-05 20:30:52,105.48,Home,Cash on Delivery,8,11.28,16,"smartphone, fashion, fitness",1,Occasional_Buyer
C4001,51,Female,Beltranbury,2024-01-10,T5001,2025-04-02 23:37:49,216.38,Fashion,Wallet,7,6.43,18,"fashion, fitness",1,High_Spender
C4002,18,Female,West Ryan,2022-06-19,T5002,2025-03-28 00:01:14,85.65,Home,Card,1,8.46,6,"5G, camera, headphones",1,Occasional_Buyer
C4003,27,Female,West Mistytown,2022-07-24,T5003,2025-04-11 09:51:33,46.25,Home,Card,8,10.63,19,"smartphone, organic, eco_friendly, fashion",0,Occasional_Buyer
C4004,38,Female,North Theresa,2024-04-27,T5004,2025-04-21 12:48:37,3.67,Fashion,UPI,14,5.88,22,"gaming, camera, headphones, 5G",0,Occasional_Buyer
C4005,22,Male,Greenport,2024-04-30,T5005,2025-04-15 15:00:17,202.17,Fashion,Card,14,11.4,16,"fitness, headphones",1,High_Spender
C4006,19,Female,Port Anthony,2022-05-21,T5006,2025-04-10 18:13:14,50.83,Grocery,Cash on Delivery,2,7.77,20,"headphones, laptop, home_decor",0,Occasional_Buyer
C4007,39,Male,East Jim,2023-03-06,T5007,2025-04-04 00:53:05,2.35,Beauty,Wallet,8,8.82,8,"camera, organic, fashion",0,Occasional_Buyer
C4008,19,Male,Port Carol,2022-10-14,T5008,2025-03-30 13:38:57,93.65,Grocery,Wallet,3,12.13,24,"5G, fashion",1,Occasional_Buyer
C4009,27,Female,Andrewmouth,2024-06-04,T5009,2025-03-26 04:29:01,52.6,Home,Cash on Delivery,10,8.33,10,"bluetooth, camera",0,Occasional_Buyer
C4010,51,Male,Newtonfurt,2022-10-20,T5010,2025-04-23 13:26:16,10.62,Grocery,Wallet,7,11.41,11,"5G, laptop, smartphone",0,Occasional_Buyer
C4011,33,Male,Alexanderberg,2022-07-22,T5011,2025-04-08 00:00:45,19.29,Home,UPI,13,10.43,3,"laptop, camera, fashion, headphones",0,Occasional_Buyer
C4012,56,Female,Port Derek,2023-05-27,T5012,2025-04-07 09:20:24,5.33,Electronics,Wallet,6,6.82,15,"smartphone, camera",0,Occasional_Buyer
C4013,39,Female,Pittsfort,2024-07-21,T5013,2025-04-11 05:58:41,68.32,Home,Card,5,12.64,5,"camera, organic",1,Occasional_Buyer
C4014,29,Male,New Alex,2022-12-14,T5014,2025-04-01 11:01:19,77.84,Home,Wallet,11,12.8,8,"gaming, organic, bluetooth, 5G",1,Loyal_Engaged
C4015,41,Other,West Robert,2022-07-24,T5015,2025-04-08 09:19:00,56.38,Grocery,Wallet,10,12.96,19,"smartphone, gaming",1,Occasional_Buyer
C4016,64,Female,New Connie,2023-09-02,T5016,2025-04-06 05:48:36,135.91,Beauty,Cash on Delivery,14,15.72,10,"laptop, camera, organic",1,Loyal_Engaged
C4017,57,Female,Maryhaven,2024-02-24,T5017,2025-04-02 12:32:49,157.87,Electronics,Cash on Delivery,11,8.77,8,"bluetooth, 5G",1,High_Spender
C4018,55,Male,Meredithview,2023-08-08,T5018,2025-04-22 16:35:04,76.49,Fitness,Card,2,4.15,18,"eco_friendly, headphones, home_decor",1,Occasional_Buyer
C4019,27,Female,Port Diane,2024-10-30,T5019,2025-04-03 10:38:09,1.03,Fitness,Cash on Delivery,2,8.03,3,"smartphone, eco_friendly",0,Occasional_Buyer
C4020,52,Female,Kimborough,2022-09-22,T5020,2025-04-12 23:38:10,95.06,Beauty,Card,13,12.88,12,"bluetooth, camera, smartphone, home_decor",1,Loyal_Engaged
C4021,49,Female,Karenland,2024-05-12,T5021,2025-03-28 14:46:35,43.3,Fitness,UPI,12,9.76,20,"camera, bluetooth, eco_friendly",0,Occasional_Buyer
C4022,24,Female,Tammychester,2024-05-12,T5022,2025-04-10 07:35:12,66.7,Electronics,Card,1,5.79,24,"gaming, laptop, bluetooth, 5G",1,Occasional_Buyer
C4023,38,Male,South Timhaven,2022-07-25,T5023,2025-03-26 23:01:06,83.78,Fashion,Wallet,14,4.95,16,"gaming, laptop, bluetooth",1,Occasional_Buyer
C4024,37,Male,Anthonyside,2024-11-10,T5024,2025-03-25 19:41:17,34.49,Electronics,Card,9,14.26,7,"fashion, headphones",0,Occasional_Buyer
C4025,43,Female,New Mitchell,2025-02-06,T5025,2025-04-09 12:48:56,199.21,Grocery,UPI,11,11.83,19,"camera, eco_friendly, fitness, home_decor",1,High_Spender
C4026,21,Male,Ericton,2024-07-06,T5026,2025-03-30 01:06:04,11.51,Home,Wallet,8,8.51,16,"smartphone, headphones, bluetooth, fashion",0,Occasional_Buyer
C4027,63,Female,Jefferyborough,2023-06-29,T5027,2025-04-17 20:39:28,89.06,Home,Card,8,15.65,20,"fitness, fashion, camera, laptop",1,Occasional_Buyer
C4028,39,Male,East Marktown,2024-06-21,T5028,2025-04-13 03:17:20,0.35,Grocery,Cash on Delivery,1,17.95,6,"bluetooth, fitness, gaming",0,Occasional_Buyer
C4029,32,Other,Julieberg,2022-11-16,T5029,2025-04-01 04:06:08,206.85,Grocery,Cash on Delivery,5,13.1,22,"headphones, laptop, organic, home_decor",1,High_Spender
C4030,57,Other,Sanchezmouth,2024-05-12,T5030,2025-04-19 22:40:23,9.55,Home,Cash on Delivery,12,12.27,4,"smartphone, home_decor, organic, fashion",0,Loyal_Engaged
C4031,38,Male,Lake Tonyton,2023-08-17,T5031,2025-04-06 10:02:39,7.98,Beauty,Card,6,11.58,9,"laptop, fitness, smartphone",0,Occasional_Buyer
C4032,32,Male,Bellmouth,2023-03-07,T5032,2025-04-04 16:00:12,32.4,Fashion,Card,2,12.57,9,"bluetooth, fitness, gaming",0,Occasional_Buyer
C4033,39,Female,East Summerburgh,2023-04-20,T5033,2025-04-09 13:19:35,37.42,Fashion,UPI,10,15.88,9,"camera, smartphone",0,Occasional_Buyer
C4034,45,Other,South Matthew,2023-11-19,T5034,2025-04-17 02:01:52,19.29,Fashion,Wallet,5,7.08,15,"fashion, bluetooth, fitness, gaming",0,Occasional_Buyer
C4035,31,Male,Erinland,2025-03-16,T5035,2025-04-23 17:53:44,70.38,Grocery,Wallet,6,8.98,21,"eco_friendly, home_decor, camera",1,Occasional_Buyer
C4036,44,Male,Matthewshire,2024-11-05,T5036,2025-04-14 19:15:30,46.8,Home,Wallet,9,9.86,24,"5G, gaming, organic",0,Occasional_Buyer
C4037,58,Female,Lambertville,2024-12-08,T5037,2025-04-02 01:35:50,2.78,Beauty,Wallet,10,11.72,8,"fitness, home_decor, 5G, camera",0,Occasional_Buyer
C4038,57,Female,Philipstad,2022-09-03,T5038,2025-04-16 17:58:56,30.81,Home,Card,1,14.7,22,"laptop, fashion, smartphone, bluetooth",0,Occasional_Buyer
C4039,45,Male,Lake Wayne,2024-05-22,T5039,2025-04-13 11:48:13,133.04,Home,Card,13,11.24,19,"organic, eco_friendly, gaming",1,High_Spender
C4040,43,Female,East Emmamouth,2022-12-21,T5040,2025-04-15 02:08:41,93.62,Beauty,UPI,10,11.88,20,"gaming, fitness, organic, eco_friendly",1,Occasional_Buyer
C4041,19,Male,South Nicholasfurt,2023-01-03,T5041,2025-04-17 08:31:40,103.24,Electronics,Wallet,3,12.03,3,"bluetooth, fitness, headphones",1,Occasional_Buyer
C4042,42,Male,South Angelastad,2023-08-05,T5042,2025-04-23 04:26:11,95.82,Beauty,Card,12,10.07,15,"bluetooth, organic, fitness, 5G",1,Occasional_Buyer
C4043,20,Male,Jeromeville,2023-04-09,T5043,2025-04-22 06:22:59,29.8,Electronics,Card,9,8.75,21,"home_decor, bluetooth, headphones",0,Occasional_Buyer
C4044,25,Male,Port Davidside,2024-09-27,T5044,2025-03-26 07:20:06,8.4,Fitness,Card,14,10.22,18,"gaming, eco_friendly, organic",0,Occasional_Buyer
C4045,61,Male,Lake Christineton,2022-08-07,T5045,2025-04-19 17:07:31,25.45,Electronics,Card,1,8.04,12,"fashion, eco_friendly, headphones, camera",0,Occasional_Buyer
C4046,50,Female,New Carolynfort,2023-02-03,T5046,2025-04-21 13:56:00,142.6,Fashion,Wallet,1,8.09,15,"fitness, 5G",1,High_Spender
C4047,59,Male,Judithhaven,2022-09-10,T5047,2025-04-12 11:02:25,314.87,Fashion,Wallet,1,11.1,12,"laptop, fashion, camera",1,High_Spender
C4048,52,Male,Barrerastad,2024-02-27,T5048,2025-04-10 03:30:33,54.47,Beauty,Card,7,8.57,16,"home_decor, smartphone",1,Occasional_Buyer
C4049,23,Male,Jeremymouth,2024-01-01,T5049,2025-04-15 09:34:59,0.78,Fashion,Cash on Delivery,13,15.54,11,"eco_friendly, fitness",0,Loyal_Engaged
C4050,56,Other,Kimtown,2022-04-26,T5050,2025-04-18 23:19:55,12.07,Fashion,UPI,5,10.44,23,"fitness, 5G",0,Occasional_Buyer
C4051,40,Male,Josephhaven,2022-06-07,T5051,2025-04-16 07:55:21,31.1,Fitness,Wallet,6,14.08,13,"5G, bluetooth",0,Occasional_Buyer
C4052,42,Male,Margaretborough,2023-09-18,T5052,2025-04-05 09:15:56,69.13,Fashion,Wallet,13,6.26,5,"5G, bluetooth, headphones",1,Occasional_Buyer
C4053,60,Female,South Sarah,2024-04-21,T5053,2025-04-11 10:05:31,6.25,Grocery,Cash on Delivery,14,6.36,10,"5G, gaming",0,Occasional_Buyer
C4054,36,Other,East Kevinland,2023-04-30,T5054,2025-03-30 10:43:34,229.68,Grocery,Wallet,8,9.67,14,"headphones, 5G, home_decor",1,High_Spender
C4055,22,Male,North Stephenshire,2024-11-11,T5055,2025-04-14 17:43:15,36.34,Grocery,Cash on Delivery,14,12.81,5,"fashion, organic, headphones",0,Loyal_Engaged
C4056,28,Female,East Michelleside,2024-12-13,T5056,2025-04-20 17:29:02,194.97,Electronics,Cash on Delivery,13,8.53,9,"headphones, bluetooth",1,High_Spender
C4057,29,Female,New Melissaborough,2023-12-18,T5057,2025-04-09 21:45:25,121.32,Beauty,Card,2,9.7,16,"smartphone, eco_friendly, 5G, home_decor",1,High_Spender
C4058,27,Female,West Christopher,2023-08-10,T5058,2025-04-18 17:10:36,112.66,Beauty,Wallet,13,13.0,9,"headphones, organic",1,Loyal_Engaged
C4059,25,Male,Port Amybury,2023-09-09,T5059,2025-03-30 04:33:56,74.66,Home,UPI,2,8.84,9,"fitness, home_decor",1,Occasional_Buyer
C4060,41,Female,South Julia,2024-06-09,T5060,2025-04-16 14:11:58,78.85,Fitness,Cash on Delivery,3,7.73,16,"bluetooth, fitness, smartphone",1,Occasional_Buyer
C4061,45,Male,Matthewsside,2024-09-13,T5061,2025-03-30 13:16:20,81.29,Grocery,UPI,13,12.13,14,"headphones, gaming",1,Loyal_Engaged
C4062,58,Female,Woodardside,2022-06-27,T5062,2025-04-16 15:26:57,79.26,Grocery,Card,3,6.09,3,"laptop, smartphone",1,Occasional_Buyer
C4063,53,Female,Moralesbury,2023-04-21,T5063,2025-04-22 00:59:23,64.55,Fashion,Wallet,13,8.88,7,"headphones, eco_friendly, smartphone, 5G",1,Occasional_Buyer
C4064,54,Male,South Sabrinaville,2024-11-10,T5064,2025-04-21 15:04:34,343.9,Grocery,Card,3,10.34,13,"bluetooth, fitness",1,High_Spender
C4065,38,Female,Port Chelseaport,2024-09-29,T5065,2025-04-07 22:23:01,105.43,Fashion,Card,4,11.59,3,"smartphone, camera",1,Occasional_Buyer
C4066,25,Male,Lauramouth,2023-08-20,T5066,2025-04-21 02:46:52,120.03,Fashion,UPI,3,12.47,15,"organic, laptop, fashion",1,High_Spender
C4067,26,Female,Nelsonberg,2022-08-22,T5067,2025-03-28 04:00:40,164.75,Home,UPI,2,12.94,19,"fitness, eco_friendly",1,High_Spender
C4068,64,Female,Lake Jamesville,2024-03-07,T5068,2025-04-02 14:04:34,19.43,Electronics,Cash on Delivery,9,9.09,5,"eco_friendly, camera",0,Occasional_Buyer
C4069,32,Male,Thompsonside,2025-03-03,T5069,2025-03-30 05:55:04,7.0,Fashion,Wallet,6,12.87,12,"smartphone, fitness, laptop",0,Occasional_Buyer
C4070,63,Male,Cooleyville,2023-04-28,T5070,2025-04-08 12:37:25,52.76,Fashion,Card,3,11.52,21,"eco_friendly, fitness, home_decor, headphones",0,Occasional_Buyer
C4071,57,Other,Millermouth,2022-04-28,T5071,2025-04-21 23:08:39,57.74,Beauty,Cash on Delivery,9,12.16,9,"5G, organic, eco_friendly, laptop",1,Occasional_Buyer
C4072,35,Male,Tracyville,2022-12-11,T5072,2025-04-13 09:36:17,141.37,Home,Cash on Delivery,4,8.1,22,"camera, smartphone, home_decor, laptop",1,High_Spender
C4073,59,Male,Johnsonport,2024-07-20,T5073,2025-03-30 03:13:05,46.93,Fashion,Card,4,12.0,5,"smartphone, 5G, organic, camera",0,Occasional_Buyer
C4074,37,Male,Ericland,2022-09-21,T5074,2025-04-07 01:19:14,67.68,Fitness,Card,8,9.54,24,"fitness, 5G, smartphone, headphones",1,Occasional_Buyer
C4075,23,Female,North Kelsey,2025-01-30,T5075,2025-04-01 18:25:28,59.9,Electronics,Cash on Delivery,7,10.14,14,"fashion, fitness, camera, gaming",1,Occasional_Buyer
C4076,29,Female,Veronicafort,2024-04-07,T5076,2025-04-04 19:58:15,3.12,Fitness,Card,7,10.5,24,"fashion, home_decor, bluetooth",0,Occasional_Buyer
C4077,19,Male,Lyonstown,2023-10-26,T5077,2025-04-22 07:49:10,76.41,Grocery,Card,10,16.34,12,"eco_friendly, camera, bluetooth",1,Occasional_Buyer
C4078,24,Male,Brettborough,2022-06-24,T5078,2025-04-21 16:54:08,140.84,Electronics,UPI,7,7.26,23,"fashion, fitness, home_decor, organic",1,High_Spender
C4079,33,Male,East Emily,2023-10-31,T5079,2025-04-06 16:16:27,13.71,Grocery,Wallet,10,13.57,14,"camera, bluetooth",0,Occasional_Buyer
C4080,20,Male,North Jerry,2024-11-23,T5080,2025-04-24 13:24:23,72.18,Beauty,Cash on Delivery,11,14.29,17,"5G, fashion, bluetooth",1,Loyal_Engaged
C4081,62,Male,Lake Jeffreyside,2023-10-16,T5081,2025-04-06 04:01:04,72.04,Fashion,Card,5,12.48,8,"fashion, 5G",1,Occasional_Buyer
C4082,20,Female,Barbaraview,2024-01-27,T5082,2025-04-03 08:35:20,14.35,Home,Cash on Delivery,7,8.39,21,"fashion, gaming, home_decor, eco_friendly",0,Occasional_Buyer
C4083,44,Male,Smithborough,2024-03-05,T5083,2025-04-22 13:07:58,10.54,Fitness,Wallet,4,15.09,7,"camera, fitness, headphones",0,Occasional_Buyer
C4084,60,Male,Greenburgh,2024-06-24,T5084,2025-04-12 06:32:37,313.17,Grocery,Cash on Delivery,8,9.0,22,"bluetooth, headphones",1,High_Spender
C4085,57,Male,Port Seanmouth,2023-12-14,T5085,2025-03-26 21:28:03,40.03,Fashion,Cash on Delivery,9,12.06,4,"laptop, fashion, organic, 5G",0,Occasional_Buyer
C4086,55,Other,Stantontown,2022-10-14,T5086,2025-04-12 00:48:27,20.64,Fitness,Cash on Delivery,13,10.36,23,"gaming, smartphone, camera, organic",0,Occasional_Buyer
C4087,50,Other,West Patricia,2024-05-15,T5087,2025-04-12 01:32:55,15.03,Fitness,UPI,12,8.89,21,"camera, fashion, gaming",0,Occasional_Buyer
C4088,45,Female,Port Charles,2024-01-19,T5088,2025-04-08 07:59:48,88.11,Beauty,Wallet,3,11.64,21,"bluetooth, eco_friendly",1,Occasional_Buyer
C4089,18,Male,West Susanberg,2022-10-04,T5089,2025-04-14 13:31:52,75.21,Beauty,Wallet,7,15.64,6,"eco_friendly, smartphone, laptop",1,Occasional_Buyer
C4090,25,Male,Dawsonfurt,2022-08-17,T5090,2025-04-06 21:30:34,82.53,Grocery,Cash on Delivery,12,10.77,22,"gaming, smartphone, 5G, laptop",1,Occasional_Buyer
C4091,54,Male,Youngton,2024-07-24,T5091,2025-04-13 20:09:09,7.37,Fashion,Cash on Delivery,10,15.94,7,"smartphone, fashion, gaming, laptop",0,Occasional_Buyer
C4092,49,Male,Tylerside,2023-09-26,T5092,2025-04-05 06:53:01,179.19,Home,Wallet,9,9.45,9,"fitness, headphones, camera, smartphone",1,High_Spender
C4093,60,Female,Gordonstad,2024-01-30,T5093,2025-04-06 00:38:43,39.45,Grocery,Card,1,10.23,6,"fitness, laptop, headphones",0,Occasional_Buyer
C4094,54,Female,West Chloemouth,2024-10-07,T5094,2025-04-24 12:55:50,30.08,Fitness,UPI,2,6.32,13,"bluetooth, eco_friendly",0,Occasional_Buyer
C4095,21,Female,Longmouth,2023-04-03,T5095,2025-04-05 06:43:05,49.65,Fitness,Wallet,7,8.33,5,"camera, organic, smartphone, gaming",0,Occasional_Buyer
C4096,47,Female,Gomezmouth,2023-11-22,T5096,2025-04-22 21:08:22,39.55,Electronics,Cash on Delivery,13,9.34,7,"5G, eco_friendly",0,Occasional_Buyer
C4097,23,Male,East Gloria,2024-10-09,T5097,2025-03-26 08:04:02,159.36,Fashion,Card,2,9.01,22,"fitness, gaming, fashion, organic",1,High_Spender
C4098,63,Female,Thomasville,2022-09-17,T5098,2025-03-28 19:43:26,211.9,Electronics,Card,7,7.12,17,"organic, gaming, camera, fashion",1,High_Spender
C4099,36,Male,North Kristina,2022-11-11,T5099,2025-04-10 09:55:10,28.93,Beauty,Card,1,7.71,23,"laptop, camera, fitness, headphones",0,Occasional_Buyer
C4100,49,Male,New Nicolefurt,2022-11-06,T5100,2025-04-17 09:56:43,159.57,Home,UPI,3,9.14,20,"eco_friendly, camera",1,High_Spender
C4101,26,Female,New Rubenton,2022-06-04,T5101,2025-04-06 12:06:56,121.69,Grocery,UPI,5,13.56,18,"bluetooth, home_decor, fashion",1,High_Spender
C4102,29,Male,East Kenneth,2024-01-20,T5102,2025-04-09 20:15:21,213.67,Fitness,Wallet,14,5.51,18,"headphones, fashion, bluetooth",1,High_Spender
C4103,28,Male,Alvarezport,2024-08-05,T5103,2025-04-13 00:39:21,22.56,Fashion,Wallet,12,3.75,12,"5G, headphones, smartphone",0,Occasional_Buyer
C4104,63,Male,Lake Gary,2024-06-20,T5104,2025-04-16 12:41:14,68.82,Fitness,Wallet,14,4.72,3,"laptop, 5G, camera, bluetooth",1,Occasional_Buyer
C4105,33,Female,Brookschester,2022-07-08,T5105,2025-04-09 00:45:30,25.68,Beauty,Wallet,11,7.46,13,"organic, 5G",0,Occasional_Buyer
C4106,18,Female,Port Donnamouth,2022-10-02,T5106,2025-04-18 03:52:12,139.02,Electronics,Cash on Delivery,6,11.91,19,"laptop, home_decor, 5G, organic",1,High_Spender
C4107,62,Male,Randallside,2024-09-01,T5107,2025-03-31 00:11:42,0.43,Electronics,UPI,13,8.93,17,"eco_friendly, fashion",0,Occasional_Buyer
C4108,38,Female,Davisfort,2022-09-22,T5108,2025-04-21 15:08:12,66.56,Grocery,Card,9,8.89,9,"home_decor, smartphone",1,Occasional_Buyer
C4109,47,Male,Carolfurt,2024-01-25,T5109,2025-03-25 23:34:01,33.14,Fashion,Cash on Delivery,9,8.82,8,"smartphone, organic, camera, eco_friendly",0,Occasional_Buyer
C4110,30,Male,Gravesview,2023-06-01,T5110,2025-03-30 08:44:02,31.17,Beauty,Wallet,3,4.37,17,"fitness, eco_friendly, organic, fashion",0,Occasional_Buyer
C4111,51,Female,North Nicole,2024-01-31,T5111,2025-03-27 03:06:39,82.83,Fashion,Wallet,14,12.58,17,"laptop, eco_friendly, smartphone",1,Loyal_Engaged
C4112,21,Female,Carolchester,2024-07-13,T5112,2025-04-03 21:38:54,152.57,Grocery,Cash on Delivery,8,13.93,9,"gaming, home_decor, laptop",1,High_Spender
C4113,45,Other,Stephanieton,2022-05-04,T5113,2025-04-05 15:40:11,75.16,Beauty,Card,13,8.99,5,"gaming, headphones, home_decor",1,Occasional_Buyer
C4114,55,Male,Port Anthonytown,2024-04-05,T5114,2025-04-05 23:08:05,153.48,Beauty,UPI,4,10.26,16,"smartphone, organic, fitness, fashion",1,High_Spender
C4115,48,Female,East Kristin,2024-08-25,T5115,2025-04-24 00:45:05,24.59,Electronics,UPI,7,10.36,11,"laptop, fashion, gaming",0,Occasional_Buyer
C4116,44,Female,South Deannaport,2023-04-20,T5116,2025-04-04 23:57:50,58.63,Electronics,Card,6,6.8,5,"gaming, smartphone",1,Occasional_Buyer
C4117,22,Other,Lake Eddieshire,2024-04-18,T5117,2025-03-26 05:19:08,47.91,Electronics,UPI,8,8.68,8,"5G, organic",0,Occasional_Buyer
C4118,42,Male,New Crystalburgh,2022-06-01,T5118,2025-04-08 02:38:29,0.94,Fitness,Wallet,6,15.36,22,"fashion, home_decor, organic",0,Occasional_Buyer
C4119,20,Female,South Martha,2023-01-11,T5119,2025-04-24 09:33:47,65.1,Home,Wallet,4,9.99,11,"camera, laptop, gaming, eco_friendly",1,Occasional_Buyer
C4120,50,Female,Matthewmouth,2022-07-25,T5120,2025-04-04 06:07:19,86.66,Electronics,Wallet,2,10.67,3,"smartphone, camera, eco_friendly, 5G",1,Occasional_Buyer
C4121,21,Male,West Brianville,2023-11-04,T5121,2025-04-06 17:54:39,71.7,Home,Wallet,7,7.92,11,"fashion, home_decor, fitness, organic",1,Occasional_Buyer
C4122,42,Female,West Jacqueline,2022-06-06,T5122,2025-04-16 21:57:27,106.63,Home,Card,11,8.71,14,"fashion, headphones, smartphone",1,Occasional_Buyer
C4123,37,Male,Jesseburgh,2023-10-25,T5123,2025-04-14 20:13:12,67.77,Fashion,UPI,13,11.94,6,"camera, home_decor, fitness, fashion",1,Occasional_Buyer
C4124,51,Female,Port Jacobhaven,2024-03-07,T5124,2025-04-22 14:20:53,5.53,Grocery,UPI,11,7.48,18,"smartphone, fashion, headphones",0,Occasional_Buyer
C4125,43,Female,West Morganmouth,2023-02-18,T5125,2025-04-03 18:43:41,9.9,Fitness,Cash on Delivery,4,14.86,7,"bluetooth, headphones, home_decor",0,Occasional_Buyer
C4126,22,Female,Leonardland,2023-07-30,T5126,2025-04-19 18:51:47,72.6,Home,Card,13,5.15,19,"5G, smartphone",1,Occasional_Buyer
C4127,52,Female,Bennetttown,2024-08-31,T5127,2025-04-08 22:23:34,25.72,Fitness,UPI,9,8.1,19,"laptop, camera, headphones",0,Occasional_Buyer
C4128,45,Female,Garyborough,2023-04-03,T5128,2025-03-31 22:56:45,6.64,Fashion,UPI,9,5.56,8,"smartphone, headphones, home_decor",0,Occasional_Buyer
C4129,46,Male,Kathyton,2023-02-06,T5129,2025-04-14 12:21:24,44.91,Electronics,Cash on Delivery,7,13.97,17,"fashion, gaming, home_decor, laptop",0,Occasional_Buyer
C4130,26,Male,Port Jasminemouth,2023-01-22,T5130,2025-04-12 23:48:03,64.65,Beauty,Wallet,5,9.89,3,"eco_friendly, home_decor",1,Occasional_Buyer
C4131,55,Female,Alisonview,2022-11-09,T5131,2025-04-03 17:04:09,31.89,Home,UPI,3,9.14,15,"5G, home_decor, laptop, fitness",0,Occasional_Buyer
C4132,23,Male,Lake Mariahaven,2023-05-12,T5132,2025-04-01 07:43:42,101.96,Grocery,Wallet,3,11.19,18,"eco_friendly, laptop",1,Occasional_Buyer
C4133,36,Male,West Lisaside,2024-08-12,T5133,2025-03-30 03:04:05,82.57,Beauty,Cash on Delivery,9,14.2,4,"fashion, eco_friendly",1,Occasional_Buyer
C4134,61,Female,Butlermouth,2024-02-21,T5134,2025-04-04 07:12:21,32.38,Fashion,UPI,9,10.65,21,"camera, headphones, organic",0,Occasional_Buyer
C4135,28,Male,Cherylport,2024-04-14,T5135,2025-04-21 13:13:41,112.48,Fitness,Wallet,12,13.43,4,"laptop, home_decor, eco_friendly, bluetooth",1,Loyal_Engaged
C4136,19,Male,West Thomas,2024-09-06,T5136,2025-04-22 00:40:28,83.69,Electronics,Card,13,9.12,23,"fitness, smartphone",1,Occasional_Buyer
C4137,64,Female,Mindyshire,2024-05-06,T5137,2025-04-24 02:35:56,81.17,Fitness,Wallet,11,7.12,14,"laptop, fitness",1,Occasional_Buyer
C4138,61,Male,Stevenport,2023-02-07,T5138,2025-04-07 03:40:41,64.49,Grocery,Wallet,4,10.7,14,"fitness, laptop, organic, headphones",1,Occasional_Buyer
C4139,61,Other,Markfurt,2022-08-28,T5139,2025-04-11 10:48:52,0.92,Home,Wallet,11,7.91,10,"laptop, bluetooth, home_decor, eco_friendly",0,Occasional_Buyer
C4140,26,Female,Wallaceburgh,2023-07-07,T5140,2025-04-10 05:04:49,95.39,Grocery,Wallet,1,12.07,14,"eco_friendly, fashion, laptop, organic",1,Occasional_Buyer
C4141,38,Female,North Dylantown,2023-03-06,T5141,2025-04-12 03:33:12,37.73,Fitness,Card,13,8.77,13,"fashion, home_decor, gaming",0,Occasional_Buyer
C4142,41,Male,Jenningsborough,2023-03-17,T5142,2025-04-21 15:40:01,228.63,Fitness,Cash on Delivery,10,9.75,4,"headphones, home_decor, eco_friendly",1,High_Spender
C4143,51,Female,Marcstad,2023-08-16,T5143,2025-04-15 14:25:25,136.29,Beauty,Wallet,5,3.28,3,"laptop, fashion, bluetooth, smartphone",1,High_Spender
C4144,39,Female,Hunterland,2023-10-23,T5144,2025-03-27 12:38:29,70.88,Grocery,Wallet,14,9.63,6,"organic, eco_friendly, 5G",1,Occasional_Buyer
C4145,20,Female,North Lisamouth,2024-01-02,T5145,2025-04-20 23:27:32,23.25,Grocery,UPI,8,9.27,11,"laptop, fashion, headphones, eco_friendly",0,Occasional_Buyer
C4146,29,Male,North Andrew,2023-05-02,T5146,2025-03-26 21:02:31,18.22,Grocery,UPI,10,13.49,9,"gaming, fashion, bluetooth, organic",0,Occasional_Buyer
C4147,45,Female,Port Michelestad,2025-03-01,T5147,2025-04-09 00:10:25,33.29,Electronics,Card,4,12.61,24,"headphones, gaming, camera, organic",0,Occasional_Buyer
C4148,47,Female,Davisville,2025-02-11,T5148,2025-04-24 08:48:35,51.79,Fitness,Card,10,10.07,12,"smartphone, camera",0,Occasional_Buyer
C4149,43,Female,Port Michael,2024-02-27,T5149,2025-03-26 05:42:32,28.09,Fashion,Card,10,5.11,22,"gaming, bluetooth, headphones",0,Occasional_Buyer
C4150,38,Female,East Joelmouth,2024-01-12,T5150,2025-04-17 18:56:20,57.88,Electronics,UPI,4,8.68,16,"home_decor, camera",1,Occasional_Buyer
C4151,45,Female,North Crystalborough,2024-07-14,T5151,2025-03-29 05:59:10,14.46,Electronics,Wallet,13,13.49,3,"headphones, fashion, laptop, camera",0,Loyal_Engaged
C4152,43,Female,Michaelview,2023-05-06,T5152,2025-04-03 06:39:33,304.3,Electronics,UPI,12,9.4,7,"fitness, camera",1,High_Spender
C4153,50,Male,Lake Jason,2023-08-16,T5153,2025-04-07 19:44:52,9.14,Beauty,Cash on Delivery,14,6.8,15,"camera, fashion, headphones, organic",0,Occasional_Buyer
C4154,38,Female,Harrischester,2023-05-04,T5154,2025-04-19 00:46:21,214.99,Fashion,Card,9,13.46,8,"5G, bluetooth, eco_friendly",1,High_Spender
C4155,52,Male,Kristenland,2022-12-26,T5155,2025-04-14 07:24:49,195.88,Grocery,Card,9,5.13,24,"camera, headphones, eco_friendly",1,High_Spender
C4156,51,Male,East Jessica,2023-11-06,T5156,2025-04-20 07:28:38,59.62,Beauty,Card,7,9.66,19,"gaming, home_decor",1,Occasional_Buyer
C4157,58,Male,West Shawn,2024-07-12,T5157,2025-03-30 12:25:05,103.25,Fitness,Cash on Delivery,10,11.67,17,"bluetooth, camera",1,Occasional_Buyer
C4158,64,Female,East John,2025-02-08,T5158,2025-03-31 11:16:45,45.82,Home,Wallet,8,10.38,9,"headphones, smartphone, camera",0,Occasional_Buyer
C4159,35,Male,Michaelfort,2024-12-02,T5159,2025-04-13 22:25:10,79.55,Beauty,Wallet,12,6.28,10,"laptop, 5G, camera, gaming",1,Occasional_Buyer
C4160,28,Female,Larryburgh,2023-02-02,T5160,2025-04-09 09:37:05,33.31,Home,Wallet,12,7.21,23,"organic, headphones, 5G",0,Occasional_Buyer
C4161,40,Female,Lake Frankside,2024-02-20,T5161,2025-04-21 01:34:26,28.67,Fitness,Card,4,7.91,4,"smartphone, laptop",0,Occasional_Buyer
C4162,39,Male,Port Jenniferburgh,2022-12-31,T5162,2025-04-01 01:47:46,69.06,Fashion,Wallet,8,12.35,20,"fitness, headphones, bluetooth",1,Occasional_Buyer
C4163,34,Male,East Antoniomouth,2024-07-09,T5163,2025-04-09 04:20:34,55.15,Home,UPI,14,10.51,23,"organic, eco_friendly",1,Occasional_Buyer
C4164,22,Male,Lake Michael,2022-11-30,T5164,2025-04-17 17:31:50,69.31,Electronics,Card,6,8.84,9,"bluetooth, 5G",1,Occasional_Buyer
C4165,61,Female,East Douglasport,2023-07-24,T5165,2025-03-27 11:21:49,27.02,Beauty,Cash on Delivery,13,11.23,22,"smartphone, laptop",0,Occasional_Buyer
C4166,28,Female,North Davidport,2022-12-08,T5166,2025-04-24 16:35:22,36.58,Home,Cash on Delivery,3,7.75,18,"organic, laptop",0,Occasional_Buyer
C4167,47,Female,Vazquezborough,2023-07-20,T5167,2025-04-18 07:17:23,7.01,Fitness,Wallet,7,12.22,21,"gaming, laptop, bluetooth",0,Occasional_Buyer
C4168,32,Male,North Chloe,2022-05-29,T5168,2025-04-20 03:47:37,4.3,Electronics,Card,3,11.35,11,"organic, 5G, fashion",0,Occasional_Buyer
C4169,44,Female,Port Jamie,2022-06-19,T5169,2025-04-04 03:14:35,23.38,Home,UPI,11,9.33,14,"smartphone, bluetooth",0,Occasional_Buyer
C4170,52,Female,South Michael,2022-09-22,T5170,2025-04-16 11:06:06,6.17,Fitness,UPI,7,9.51,16,"smartphone, headphones, fitness, fashion",0,Occasional_Buyer
C4171,50,Female,Dianemouth,2024-03-29,T5171,2025-03-27 21:09:50,8.77,Fashion,Card,5,8.97,9,"fashion, bluetooth, organic",0,Occasional_Buyer
C4172,37,Female,Scottside,2023-04-22,T5172,2025-04-11 11:00:54,134.1,Fitness,Wallet,4,12.99,4,"fitness, organic",1,High_Spender
C4173,33,Male,South Dana,2024-02-20,T5173,2025-04-01 17:23:59,3.17,Fashion,Cash on Delivery,3,10.65,19,"eco_friendly, headphones",0,Occasional_Buyer
C4174,51,Male,Port Marktown,2022-08-10,T5174,2025-04-17 17:32:19,86.06,Electronics,Cash on Delivery,8,9.35,13,"organic, 5G, smartphone, gaming",1,Occasional_Buyer
C4175,19,Male,Davidsonberg,2024-01-31,T5175,2025-04-20 21:04:36,25.46,Fitness,UPI,4,7.09,20,"fashion, bluetooth, home_decor",0,Occasional_Buyer
C4176,52,Male,Kimberlyville,2022-08-01,T5176,2025-04-22 12:06:11,164.17,Grocery,UPI,8,11.77,14,"headphones, fashion, gaming",1,High_Spender
C4177,57,Male,East Dale,2024-03-25,T5177,2025-03-31 10:04:21,53.09,Beauty,UPI,10,11.63,5,"eco_friendly, camera, fashion, organic",0,Occasional_Buyer
C4178,45,Male,East Mark,2022-11-26,T5178,2025-03-27 07:00:55,29.17,Grocery,Cash on Delivery,3,8.42,23,"gaming, camera, 5G",0,Occasional_Buyer
C4179,64,Male,New Christopher,2023-10-05,T5179,2025-04-01 03:11:47,58.32,Grocery,UPI,10,8.74,16,"home_decor, eco_friendly, 5G, fitness",1,Occasional_Buyer
C4180,56,Other,New Jamesstad,2024-12-23,T5180,2025-03-28 01:09:41,38.5,Grocery,Cash on Delivery,13,9.65,17,"bluetooth, fitness, smartphone, home_decor",0,Occasional_Buyer
C4181,23,Female,Bergerburgh,2023-02-21,T5181,2025-04-21 01:27:38,66.46,Beauty,Cash on Delivery,9,6.54,21,"home_decor, eco_friendly, headphones",1,Occasional_Buyer
C4182,26,Female,Port Tylerchester,2024-03-18,T5182,2025-04-23 14:45:52,9.73,Grocery,Wallet,6,10.22,12,"laptop, organic, gaming, smartphone",0,Occasional_Buyer
C4183,37,Female,North Edward,2023-09-10,T5183,2025-04-10 18:35:04,464.48,Fashion,Wallet,5,5.06,11,"headphones, 5G, home_decor, fashion",1,High_Spender
C4184,18,Male,Lewisland,2022-05-28,T5184,2025-04-20 16:54:29,44.35,Fitness,Wallet,5,6.16,12,"5G, camera",0,Occasional_Buyer
C4185,25,Female,Adrianmouth,2022-08-30,T5185,2025-04-05 16:33:09,34.25,Electronics,UPI,13,8.47,22,"camera, gaming, headphones",0,Occasional_Buyer
C4186,40,Male,Lake Daisyborough,2023-04-22,T5186,2025-04-05 16:32:42,99.09,Grocery,Cash on Delivery,3,8.12,6,"home_decor, laptop, smartphone, camera",1,Occasional_Buyer
C4187,20,Female,Thompsonview,2024-11-08,T5187,2025-03-31 19:35:55,36.19,Grocery,UPI,2,11.35,21,"gaming, fitness, headphones, bluetooth",0,Occasional_Buyer
C4188,21,Male,Port Larry,2024-02-18,T5188,2025-04-10 22:33:02,143.31,Electronics,Cash on Delivery,6,10.85,12,"smartphone, fitness, gaming",1,High_Spender
C4189,42,Other,South Joemouth,2022-07-02,T5189,2025-04-22 15:27:26,48.45,Electronics,Wallet,11,14.13,19,"organic, headphones",0,Loyal_Engaged
C4190,64,Male,New Jamiebury,2023-12-19,T5190,2025-03-26 20:55:53,101.71,Grocery,Wallet,1,10.28,14,"headphones, fitness, camera",1,Occasional_Buyer
C4191,55,Male,Zamorafort,2025-01-22,T5191,2025-03-25 20:44:16,9.09,Fashion,UPI,14,10.62,3,"eco_friendly, organic, bluetooth, fashion",0,Occasional_Buyer
C4192,32,Other,North Dawn,2024-09-17,T5192,2025-04-21 17:23:33,149.73,Electronics,Cash on Delivery,7,6.51,13,"laptop, fitness, camera, headphones",1,High_Spender
C4193,38,Male,Willisville,2022-06-22,T5193,2025-03-27 13:58:29,106.46,Fitness,UPI,5,6.52,15,"laptop, gaming, home_decor, bluetooth",1,Occasional_Buyer
C4194,52,Female,Singhmouth,2024-01-10,T5194,2025-04-09 11:12:46,19.03,Fitness,Card,4,10.19,3,"smartphone, eco_friendly, organic, camera",0,Occasional_Buyer
C4195,63,Female,West Paulbury,2022-08-25,T5195,2025-03-27 00:00:10,12.56,Fashion,UPI,9,10.25,3,"gaming, eco_friendly",0,Occasional_Buyer
C4196,31,Female,Port Thomas,2023-12-11,T5196,2025-04-07 17:48:20,30.42,Beauty,Wallet,10,10.87,23,"organic, headphones",0,Occasional_Buyer
C4197,53,Other,Shannonburgh,2024-04-07,T5197,2025-04-06 17:12:05,298.61,Home,Cash on Delivery,1,13.81,18,"bluetooth, home_decor",1,High_Spender
C4198,29,Other,Kathleenview,2023-02-08,T5198,2025-04-08 04:10:17,23.75,Fashion,Cash on Delivery,11,6.65,9,"fashion, fitness, organic, gaming",0,Occasional_Buyer
C4199,34,Male,Laceytown,2023-06-01,T5199,2025-04-11 08:21:27,48.72,Grocery,UPI,4,15.07,12,"home_decor, smartphone, gaming",0,Occasional_Buyer
C4200,56,Female,South Ryanchester,2025-01-09,T5200,2025-04-01 13:36:38,2.44,Home,Wallet,3,5.53,18,"gaming, eco_friendly",0,Occasional_Buyer
C4201,26,Female,Holmesport,2025-03-17,T5201,2025-03-25 17:11:10,40.5,Grocery,Card,6,11.12,3,"bluetooth, laptop, 5G, home_decor",0,Occasional_Buyer
C4202,52,Female,Lake Michaelmouth,2022-09-19,T5202,2025-03-28 16:07:52,67.76,Fitness,UPI,5,6.26,24,"gaming, bluetooth",1,Occasional_Buyer
C4203,30,Male,Alexfurt,2024-07-09,T5203,2025-04-01 20:44:33,244.82,Electronics,Cash on Delivery,7,12.17,11,"fitness, fashion, 5G",1,High_Spender
C4204,32,Female,Port Miranda,2024-03-17,T5204,2025-04-01 18:23:44,58.18,Grocery,Wallet,13,5.55,8,"gaming, 5G, organic",1,Occasional_Buyer
C4205,35,Other,Farmershire,2023-06-03,T5205,2025-04-17 12:04:48,136.79,Fitness,Cash on Delivery,1,1.8,17,"laptop, smartphone, bluetooth",1,High_Spender
C4206,50,Other,South Sherriberg,2023-07-09,T5206,2025-03-27 10:29:22,63.37,Fashion,Cash on Delivery,13,10.44,6,"home_decor, laptop, headphones",1,Occasional_Buyer
C4207,23,Male,Port Derekside,2022-05-22,T5207,2025-04-03 22:44:33,3.33,Grocery,Cash on Delivery,5,9.63,17,"headphones, smartphone",0,Occasional_Buyer
C4208,44,Male,Millerland,2024-03-20,T5208,2025-04-19 18:12:44,30.27,Fitness,Cash on Delivery,14,13.32,12,"headphones, laptop, eco_friendly",0,Loyal_Engaged
C4209,40,Male,South Ryanchester,2022-09-02,T5209,2025-04-20 17:58:57,68.56,Electronics,Card,2,10.23,18,"bluetooth, fashion, eco_friendly, fitness",1,Occasional_Buyer
C4210,44,Female,South Amanda,2022-06-16,T5210,2025-04-12 14:37:56,240.61,Grocery,Wallet,2,7.77,15,"headphones, eco_friendly, fitness",1,High_Spender
C4211,51,Female,Harrismouth,2023-03-25,T5211,2025-04-12 20:14:02,156.79,Beauty,UPI,11,8.38,21,"fashion, laptop",1,High_Spender
C4212,63,Female,Lake Ginaside,2024-06-28,T5212,2025-04-13 21:30:37,20.74,Fitness,Wallet,11,19.65,22,"laptop, camera",0,Loyal_Engaged
C4213,55,Male,Schmidtmouth,2023-06-15,T5213,2025-04-22 22:44:01,19.89,Grocery,Wallet,2,7.38,6,"organic, laptop, camera, fashion",0,Occasional_Buyer
C4214,31,Male,Lake Michael,2022-12-01,T5214,2025-04-16 06:10:34,17.97,Electronics,Wallet,9,11.57,22,"fitness, laptop, headphones",0,Occasional_Buyer
C4215,53,Female,Elizabethton,2023-10-05,T5215,2025-04-20 07:21:24,204.6,Grocery,UPI,10,11.21,24,"camera, home_decor, organic",1,High_Spender
C4216,25,Other,North Lisa,2022-09-22,T5216,2025-04-20 12:29:16,153.2,Grocery,Wallet,3,11.64,18,"fashion, eco_friendly, bluetooth",1,High_Spender
C4217,52,Female,Lake Michelle,2024-09-29,T5217,2025-04-01 16:08:19,119.29,Beauty,UPI,4,11.4,13,"bluetooth, gaming, smartphone, camera",1,Occasional_Buyer
C4218,36,Male,Lake Kimberlychester,2023-04-20,T5218,2025-04-14 18:49:20,39.9,Fitness,UPI,5,9.2,17,"5G, camera, smartphone, fitness",0,Occasional_Buyer
C4219,47,Female,West Susan,2022-11-05,T5219,2025-03-31 03:08:33,56.16,Home,Card,14,4.71,13,"bluetooth, headphones, fitness",1,Occasional_Buyer
C4220,31,Male,Clarkburgh,2023-01-26,T5220,2025-04-06 16:38:40,49.94,Grocery,Cash on Delivery,4,10.47,13,"camera, gaming, fitness",0,Occasional_Buyer
C4221,37,Other,Farmerview,2024-10-07,T5221,2025-04-06 01:14:35,23.38,Home,UPI,4,9.96,5,"home_decor, fashion, 5G",0,Occasional_Buyer
C4222,42,Male,Janicechester,2024-07-15,T5222,2025-04-19 03:23:00,56.26,Fashion,Cash on Delivery,5,10.37,19,"fitness, headphones, bluetooth",1,Occasional_Buyer
C4223,57,Female,Tannerside,2022-09-27,T5223,2025-03-28 03:04:52,2.48,Grocery,Wallet,10,11.7,7,"headphones, laptop, eco_friendly, home_decor",0,Occasional_Buyer
C4224,41,Male,North Joshuahaven,2024-05-31,T5224,2025-04-17 14:29:31,11.31,Home,Cash on Delivery,9,8.76,15,"gaming, laptop",0,Occasional_Buyer
C4225,31,Female,North Danielview,2024-09-02,T5225,2025-04-08 14:49:49,174.14,Fashion,Cash on Delivery,12,8.14,12,"bluetooth, eco_friendly",1,High_Spender
C4226,43,Female,Mooneyland,2024-02-02,T5226,2025-04-12 10:18:08,111.44,Beauty,Cash on Delivery,9,12.7,7,"home_decor, gaming",1,Occasional_Buyer
C4227,55,Female,Arnoldfort,2025-02-03,T5227,2025-03-28 19:30:53,43.97,Fitness,Wallet,14,9.01,14,"fashion, gaming, laptop",0,Occasional_Buyer
C4228,40,Male,South Ashleyville,2024-06-24,T5228,2025-04-15 18:15:35,58.24,Grocery,Wallet,14,8.52,10,"bluetooth, gaming",1,Occasional_Buyer
C4229,39,Male,Erinborough,2022-05-21,T5229,2025-04-08 10:36:01,36.96,Fitness,UPI,6,8.26,14,"fashion, camera, laptop",0,Occasional_Buyer
C4230,36,Male,Kayleeshire,2024-04-24,T5230,2025-04-12 09:02:44,108.01,Fashion,UPI,11,11.78,18,"fashion, fitness, headphones",1,Occasional_Buyer
C4231,63,Female,Leestad,2025-01-21,T5231,2025-04-20 19:41:28,122.67,Fitness,Card,12,9.37,4,"laptop, headphones",1,High_Spender
C4232,20,Male,South Marytown,2023-05-07,T5232,2025-04-10 13:21:06,115.27,Fitness,Wallet,14,16.64,5,"headphones, gaming, smartphone",1,Loyal_Engaged
C4233,59,Female,Port Brenda,2024-09-19,T5233,2025-04-10 18:14:55,102.59,Electronics,Card,3,10.17,20,"laptop, 5G",1,Occasional_Buyer
C4234,36,Female,Ramseymouth,2025-02-21,T5234,2025-04-19 11:10:01,18.3,Fashion,Wallet,6,6.38,19,"headphones, fitness, camera",0,Occasional_Buyer
C4235,26,Female,Richardsonbury,2024-02-21,T5235,2025-04-13 04:20:15,33.0,Fitness,Cash on Delivery,10,8.69,4,"eco_friendly, gaming, fashion, smartphone",0,Occasional_Buyer
C4236,45,Male,Traceymouth,2023-10-31,T5236,2025-04-08 15:51:27,50.77,Home,Card,4,11.97,24,"smartphone, headphones, fitness",0,Occasional_Buyer
C4237,37,Female,Henryhaven,2024-09-20,T5237,2025-04-19 18:14:20,32.13,Fashion,Card,3,8.2,14,"home_decor, laptop",0,Occasional_Buyer
C4238,62,Male,West Courtney,2023-02-22,T5238,2025-04-19 12:49:51,112.5,Electronics,Card,6,9.95,19,"camera, gaming, home_decor",1,Occasional_Buyer
C4239,24,Female,Johnberg,2023-03-12,T5239,2025-04-19 22:36:47,31.96,Grocery,Wallet,11,12.94,8,"fitness, gaming",0,Loyal_Engaged
C4240,31,Female,New Jacobmouth,2024-12-14,T5240,2025-04-19 01:34:44,11.9,Beauty,UPI,6,13.39,19,"camera, bluetooth",0,Occasional_Buyer
C4241,26,Male,Maryfurt,2024-03-06,T5241,2025-04-23 18:21:33,40.74,Fitness,Card,2,8.43,4,"fashion, smartphone, eco_friendly, bluetooth",0,Occasional_Buyer
C4242,36,Male,Rebeccachester,2022-07-05,T5242,2025-04-23 13:00:15,312.62,Home,UPI,9,9.23,10,"home_decor, headphones",1,High_Spender
C4243,64,Female,Karenchester,2022-06-18,T5243,2025-04-23 10:04:18,20.48,Electronics,Wallet,8,10.29,16,"organic, bluetooth",0,Occasional_Buyer
C4244,31,Female,Christinabury,2023-01-24,T5244,2025-04-18 11:51:24,75.77,Fashion,Card,6,14.03,8,"fashion, smartphone, eco_friendly, fitness",1,Occasional_Buyer
C4245,55,Male,Christianborough,2023-08-23,T5245,2025-04-20 00:14:21,45.39,Beauty,Wallet,1,6.7,11,"fitness, home_decor, 5G",0,Occasional_Buyer
C4246,53,Female,Courtneyfurt,2022-05-16,T5246,2025-03-26 04:44:48,5.89,Beauty,UPI,12,11.08,3,"laptop, gaming",0,Occasional_Buyer
C4247,57,Male,Ritterview,2024-02-02,T5247,2025-04-03 18:24:18,53.54,Fitness,UPI,2,10.17,7,"organic, bluetooth, headphones, 5G",1,Occasional_Buyer
C4248,34,Male,Philliphaven,2022-10-22,T5248,2025-04-08 23:55:29,96.9,Electronics,Card,4,7.31,9,"fitness, bluetooth, fashion",1,Occasional_Buyer
C4249,47,Other,New Garyberg,2022-10-27,T5249,2025-03-27 08:47:30,57.6,Electronics,UPI,7,13.71,11,"camera, fashion, headphones, fitness",1,Occasional_Buyer
C4250,26,Female,Lake Davidmouth,2024-05-25,T5250,2025-03-26 21:47:24,164.52,Home,Cash on Delivery,9,12.97,16,"home_decor, organic, headphones, fitness",1,High_Spender
C4251,50,Female,Rosshaven,2023-11-11,T5251,2025-03-31 02:28:27,27.28,Grocery,Cash on Delivery,10,14.61,11,"fitness, organic, gaming",0,Occasional_Buyer
C4252,42,Male,Rodneyburgh,2023-05-03,T5252,2025-03-30 07:28:15,7.22,Grocery,Card,5,13.54,6,"laptop, camera",0,Occasional_Buyer
C4253,31,Female,Mooretown,2023-07-24,T5253,2025-04-07 02:36:21,220.62,Grocery,Wallet,10,10.03,22,"camera, organic",1,High_Spender
C4254,28,Male,Mendozafort,2022-11-07,T5254,2025-04-13 22:01:40,38.01,Beauty,Wallet,2,11.86,17,"organic, bluetooth",0,Occasional_Buyer
C4255,52,Male,Padillaborough,2023-08-07,T5255,2025-04-19 21:16:32,68.72,Beauty,Wallet,13,11.0,6,"fitness, smartphone",1,Occasional_Buyer
C4256,58,Female,Michealmouth,2023-12-15,T5256,2025-04-09 19:14:25,125.62,Fashion,Cash on Delivery,11,7.28,5,"home_decor, fashion",1,High_Spender
C4257,31,Male,Deckerchester,2025-03-13,T5257,2025-04-20 20:15:04,31.36,Beauty,UPI,11,6.09,23,"camera, laptop, eco_friendly, bluetooth",0,Occasional_Buyer
C4258,47,Female,North Jimmy,2022-07-18,T5258,2025-04-09 08:59:11,100.75,Beauty,Cash on Delivery,11,11.11,24,"fashion, laptop, bluetooth, 5G",1,Occasional_Buyer
C4259,58,Female,Port Kathrynland,2023-06-29,T5259,2025-04-22 09:58:13,11.64,Electronics,UPI,1,10.29,16,"fitness, gaming",0,Occasional_Buyer
C4260,21,Male,Caldwellview,2022-10-23,T5260,2025-04-22 17:20:16,27.55,Fashion,Cash on Delivery,10,8.99,11,"gaming, eco_friendly, headphones",0,Occasional_Buyer
C4261,21,Male,North Tracystad,2025-03-06,T5261,2025-04-17 01:39:11,12.51,Electronics,Wallet,14,9.72,21,"camera, 5G, headphones, gaming",0,Occasional_Buyer
C4262,45,Male,Joshuafort,2024-02-29,T5262,2025-04-01 17:00:36,133.38,Home,Wallet,13,15.31,8,"organic, fashion, bluetooth, home_decor",1,Loyal_Engaged
C4263,25,Male,New Michael,2023-09-25,T5263,2025-04-21 18:00:05,20.15,Home,Wallet,14,3.46,5,"bluetooth, home_decor, headphones, camera",0,Occasional_Buyer
C4264,19,Female,Jillianborough,2023-04-28,T5264,2025-04-12 15:28:30,101.1,Fashion,Card,1,11.92,20,"laptop, eco_friendly, organic, headphones",1,Occasional_Buyer
C4265,58,Female,West Joseph,2022-12-27,T5265,2025-04-02 09:32:13,229.6,Fashion,Card,5,12.53,18,"gaming, bluetooth, camera, headphones",1,High_Spender
C4266,63,Male,East Dana,2023-12-01,T5266,2025-04-07 16:30:34,60.02,Beauty,UPI,14,12.9,5,"bluetooth, eco_friendly, laptop",1,Loyal_Engaged
C4267,39,Male,Julietown,2024-08-07,T5267,2025-04-08 11:04:08,62.13,Home,Card,7,5.86,4,"eco_friendly, organic",1,Occasional_Buyer
C4268,58,Female,Port Brett,2024-01-16,T5268,2025-04-20 06:49:26,49.45,Fitness,Cash on Delivery,9,9.12,4,"home_decor, fashion, bluetooth",0,Occasional_Buyer
C4269,33,Female,Erictown,2022-06-09,T5269,2025-04-08 14:22:34,31.55,Grocery,Cash on Delivery,9,8.97,12,"headphones, bluetooth, fitness, camera",0,Occasional_Buyer
C4270,46,Male,Dunnfort,2024-04-20,T5270,2025-04-16 08:57:31,51.65,Beauty,UPI,8,10.88,17,"organic, eco_friendly, laptop",0,Occasional_Buyer
C4271,47,Male,East Kimberlyview,2024-12-04,T5271,2025-04-22 19:58:22,73.87,Grocery,UPI,1,6.61,5,"headphones, gaming",1,Occasional_Buyer
C4272,29,Female,Peggyhaven,2022-05-05,T5272,2025-04-15 10:49:07,341.45,Home,Wallet,5,11.14,10,"headphones, gaming",1,High_Spender
C4273,52,Male,Lake Victoria,2025-03-11,T5273,2025-03-26 07:01:31,222.15,Grocery,Card,6,7.35,20,"camera, headphones",1,High_Spender
C4274,28,Male,North John,2024-01-30,T5274,2025-04-21 22:59:03,158.53,Fitness,Wallet,6,9.11,13,"organic, eco_friendly",1,High_Spender
C4275,63,Female,North Jaytown,2024-10-19,T5275,2025-04-19 13:00:38,175.95,Fitness,Card,4,14.04,9,"camera, fitness, bluetooth, gaming",1,High_Spender
C4276,38,Female,East Joseph,2022-11-10,T5276,2025-03-28 00:59:09,50.47,Electronics,Card,1,12.53,21,"organic, bluetooth, headphones, eco_friendly",0,Occasional_Buyer
C4277,38,Female,Andersonborough,2022-08-22,T5277,2025-04-09 07:45:32,85.71,Fashion,UPI,3,10.37,9,"eco_friendly, headphones, laptop",1,Occasional_Buyer
C4278,22,Female,Lake John,2024-06-16,T5278,2025-04-16 22:32:52,180.35,Grocery,Wallet,10,5.82,4,"fashion, smartphone, fitness",1,High_Spender
C4279,37,Female,Jasonville,2022-08-23,T5279,2025-04-21 07:06:49,39.93,Fitness,Wallet,4,11.0,8,"headphones, bluetooth, laptop",0,Occasional_Buyer
C4280,54,Male,South Nicole,2024-01-31,T5280,2025-04-06 08:37:18,261.12,Fashion,Card,4,11.2,7,"5G, organic, headphones, home_decor",1,High_Spender
C4281,20,Male,East Robert,2022-07-17,T5281,2025-04-04 02:30:38,43.0,Fashion,Card,13,3.7,16,"laptop, 5G",0,Occasional_Buyer
C4282,61,Male,New Joeltown,2022-05-26,T5282,2025-04-14 07:11:54,73.52,Electronics,UPI,4,11.05,20,"organic, fitness, home_decor, 5G",1,Occasional_Buyer
C4283,50,Male,West Joshua,2024-11-08,T5283,2025-04-13 06:03:13,98.98,Fashion,Cash on Delivery,14,6.77,6,"laptop, headphones, home_decor, fashion",1,Occasional_Buyer
C4284,26,Female,Thomasville,2022-05-22,T5284,2025-03-30 10:22:23,240.61,Fashion,Wallet,5,5.56,6,"organic, smartphone, gaming",1,High_Spender
C4285,26,Female,North Jessica,2023-01-20,T5285,2025-04-06 18:31:40,22.44,Beauty,Wallet,13,6.63,15,"bluetooth, 5G, fashion",0,Occasional_Buyer
C4286,21,Other,South Christina,2024-11-14,T5286,2025-04-21 10:12:10,109.67,Home,UPI,11,3.52,23,"home_decor, smartphone, eco_friendly",1,Occasional_Buyer
C4287,52,Female,Scottbury,2023-02-19,T5287,2025-04-05 05:48:47,58.85,Electronics,UPI,9,8.78,3,"eco_friendly, laptop, smartphone",1,Occasional_Buyer
C4288,34,Male,Johnsonmouth,2024-10-11,T5288,2025-03-31 10:44:04,25.02,Electronics,Wallet,4,6.98,22,"gaming, headphones, bluetooth",0,Occasional_Buyer
C4289,51,Male,New Hannah,2022-05-21,T5289,2025-04-09 21:59:33,119.91,Grocery,Wallet,9,13.42,7,"smartphone, camera",1,Occasional_Buyer
C4290,41,Female,Shannonmouth,2023-06-11,T5290,2025-03-25 21:32:17,64.28,Fashion,Card,9,8.92,5,"bluetooth, fitness",1,Occasional_Buyer
C4291,49,Female,Kevinfurt,2023-12-08,T5291,2025-04-11 10:20:31,86.53,Grocery,Cash on Delivery,1,7.84,23,"organic, eco_friendly, smartphone",1,Occasional_Buyer
C4292,18,Female,Aaronland,2023-12-25,T5292,2025-03-26 02:01:30,31.2,Beauty,Wallet,5,5.22,21,"smartphone, home_decor",0,Occasional_Buyer
C4293,25,Female,Coxport,2023-02-13,T5293,2025-04-24 08:21:20,52.51,Fitness,UPI,9,8.72,15,"smartphone, bluetooth",0,Occasional_Buyer
C4294,62,Female,Brandifurt,2024-08-13,T5294,2025-03-31 15:51:40,76.85,Fashion,Card,4,14.06,9,"organic, fitness, gaming, eco_friendly",1,Occasional_Buyer
C4295,40,Female,South Curtis,2023-07-08,T5295,2025-04-21 02:23:23,41.52,Fitness,Card,5,14.64,12,"smartphone, laptop, camera, fashion",0,Occasional_Buyer
C4296,64,Male,East Doris,2024-10-26,T5296,2025-04-16 22:25:11,17.69,Home,UPI,4,8.91,5,"eco_friendly, organic, bluetooth, camera",0,Occasional_Buyer
C4297,57,Female,North Justin,2024-08-17,T5297,2025-03-31 20:40:26,260.86,Beauty,UPI,13,9.79,4,"5G, organic, bluetooth",1,High_Spender
C4298,29,Female,North Melody,2022-05-22,T5298,2025-04-07 22:57:16,57.31,Fashion,Card,2,12.11,9,"bluetooth, smartphone",1,Occasional_Buyer
C4299,29,Male,Jamesfurt,2022-05-05,T5299,2025-04-08 04:46:03,105.92,Grocery,UPI,10,6.92,11,"home_decor, laptop, headphones",1,Occasional_Buyer
C4300,63,Female,Lesliestad,2023-12-20,T5300,2025-04-20 07:49:11,42.35,Grocery,Card,2,11.11,23,"smartphone, headphones, 5G, organic",0,Occasional_Buyer
C4301,64,Male,East Spencer,2023-09-04,T5301,2025-04-11 16:49:45,35.1,Fashion,UPI,2,17.1,14,"5G, gaming, fashion, headphones",0,Occasional_Buyer
C4302,32,Other,New Danielton,2023-10-21,T5302,2025-04-15 14:58:28,41.83,Grocery,Card,13,12.3,24,"camera, smartphone, eco_friendly",0,Loyal_Engaged
C4303,58,Male,New Troyside,2023-02-22,T5303,2025-04-06 04:47:51,42.1,Fashion,Wallet,1,12.2,12,"smartphone, fashion, organic, fitness",0,Occasional_Buyer
C4304,36,Female,Josephstad,2024-12-02,T5304,2025-04-07 19:48:22,62.85,Electronics,Wallet,3,14.03,21,"organic, eco_friendly, fashion",1,Occasional_Buyer
C4305,43,Male,North Gary,2022-07-02,T5305,2025-04-16 21:41:21,62.73,Grocery,UPI,14,12.71,15,"headphones, bluetooth",1,Loyal_Engaged
C4306,46,Female,Phelpsborough,2024-09-03,T5306,2025-04-18 01:29:31,55.0,Fashion,Cash on Delivery,11,9.24,12,"bluetooth, fashion, fitness, organic",1,Occasional_Buyer
C4307,39,Male,Davidhaven,2024-08-17,T5307,2025-03-29 13:11:39,11.58,Fashion,Wallet,10,6.46,7,"eco_friendly, camera",0,Occasional_Buyer
C4308,57,Male,Billyhaven,2022-11-17,T5308,2025-04-09 12:00:45,54.83,Grocery,Card,1,9.6,17,"5G, eco_friendly, home_decor",1,Occasional_Buyer
C4309,38,Female,Thomasville,2023-10-12,T5309,2025-03-29 08:26:32,14.82,Electronics,Cash on Delivery,4,7.09,23,"laptop, home_decor, fitness, camera",0,Occasional_Buyer
C4310,55,Other,Burnsstad,2022-11-11,T5310,2025-04-09 12:30:43,10.79,Grocery,Card,1,9.15,5,"5G, laptop, camera",0,Occasional_Buyer
C4311,37,Male,Mooreton,2023-05-24,T5311,2025-04-04 05:32:26,215.82,Fashion,Card,4,7.39,10,"fitness, fashion, 5G",1,High_Spender
C4312,46,Male,Port Sierramouth,2023-05-11,T5312,2025-04-17 06:54:47,74.3,Electronics,Wallet,3,8.83,8,"bluetooth, gaming, organic",1,Occasional_Buyer
C4313,21,Female,Lake Nicole,2024-01-02,T5313,2025-04-12 21:07:39,86.18,Fitness,UPI,9,5.54,21,"home_decor, 5G",1,Occasional_Buyer
C4314,24,Female,Jonathanland,2023-10-10,T5314,2025-04-01 01:07:18,41.11,Home,UPI,1,7.92,19,"headphones, camera",0,Occasional_Buyer
C4315,45,Other,Harmonhaven,2022-12-28,T5315,2025-04-18 10:23:05,191.73,Grocery,Card,14,11.22,12,"laptop, smartphone",1,High_Spender
C4316,45,Male,Gomezville,2022-09-08,T5316,2025-03-29 09:07:10,81.27,Beauty,Wallet,8,11.97,3,"fashion, 5G",1,Occasional_Buyer
C4317,21,Female,South Karen,2022-06-20,T5317,2025-04-06 11:55:59,117.29,Fashion,Card,11,11.32,15,"camera, eco_friendly",1,Occasional_Buyer
C4318,39,Male,West Angelabury,2022-12-27,T5318,2025-04-21 22:16:41,36.78,Electronics,Cash on Delivery,9,8.87,12,"home_decor, eco_friendly, fitness",0,Occasional_Buyer
C4319,29,Male,Alexborough,2023-06-28,T5319,2025-04-11 08:29:39,257.53,Electronics,Card,12,10.37,14,"home_decor, bluetooth, 5G",1,High_Spender
C4320,62,Female,Gravesshire,2024-05-10,T5320,2025-04-05 11:07:24,137.39,Fitness,Wallet,7,15.83,4,"5G, camera, gaming",1,High_Spender
C4321,20,Female,Maxwelltown,2024-02-16,T5321,2025-04-04 18:46:00,153.9,Grocery,Card,1,7.84,12,"gaming, laptop, organic",1,High_Spender
C4322,39,Female,Brownmouth,2023-04-17,T5322,2025-04-22 00:38:47,15.12,Beauty,Wallet,4,14.81,23,"fashion, laptop, bluetooth, 5G",0,Occasional_Buyer
C4323,61,Male,Sallyview,2022-08-06,T5323,2025-04-21 10:47:39,25.28,Electronics,UPI,10,5.67,3,"laptop, camera, eco_friendly, gaming",0,Occasional_Buyer
C4324,19,Male,Tinaport,2024-07-28,T5324,2025-04-02 00:38:09,26.91,Fitness,Wallet,1,4.87,3,"bluetooth, home_decor",0,Occasional_Buyer
C4325,41,Male,Port Jeffreyton,2024-09-04,T5325,2025-04-05 18:09:11,25.28,Fashion,Cash on Delivery,4,9.56,22,"camera, organic",0,Occasional_Buyer
C4326,51,Other,Crystalmouth,2023-10-31,T5326,2025-04-08 14:48:47,154.71,Fitness,Wallet,3,9.89,17,"bluetooth, eco_friendly, gaming, camera",1,High_Spender
C4327,44,Male,Scottberg,2023-06-28,T5327,2025-04-22 15:42:46,2.59,Grocery,Cash on Delivery,2,6.61,24,"fitness, fashion, smartphone, bluetooth",0,Occasional_Buyer
C4328,58,Male,South Michael,2024-06-25,T5328,2025-04-14 14:33:10,6.33,Fitness,Cash on Delivery,1,9.01,3,"fitness, smartphone",0,Occasional_Buyer
C4329,18,Male,North Jacob,2023-06-20,T5329,2025-04-01 05:00:49,25.61,Electronics,Card,6,11.21,23,"home_decor, smartphone",0,Occasional_Buyer
C4330,25,Female,New Robertmouth,2024-01-16,T5330,2025-04-17 00:48:46,17.84,Electronics,Cash on Delivery,12,7.08,11,"5G, organic, gaming, fitness",0,Occasional_Buyer
C4331,40,Male,Port Kevin,2022-09-10,T5331,2025-03-31 06:09:30,21.1,Home,Wallet,7,13.05,9,"smartphone, fitness, fashion, eco_friendly",0,Occasional_Buyer
C4332,55,Other,Meyermouth,2022-10-31,T5332,2025-03-30 14:16:33,127.94,Fitness,UPI,6,13.38,18,"5G, organic",1,High_Spender
C4333,23,Male,Lake Manuel,2023-07-17,T5333,2025-04-13 12:48:36,66.25,Fashion,Wallet,9,13.74,18,"5G, laptop, smartphone, fitness",1,Occasional_Buyer
C4334,39,Female,Shepherdshire,2024-06-23,T5334,2025-04-03 06:13:10,0.46,Beauty,UPI,12,7.28,15,"5G, gaming, bluetooth, smartphone",0,Occasional_Buyer
C4335,42,Male,Port Michaelfurt,2022-06-25,T5335,2025-03-27 11:24:58,44.87,Beauty,Cash on Delivery,9,7.67,12,"laptop, camera",0,Occasional_Buyer
C4336,35,Female,Vaughnfurt,2025-01-29,T5336,2025-04-13 22:54:10,41.92,Grocery,Card,2,9.48,20,"camera, home_decor, laptop, 5G",0,Occasional_Buyer
C4337,34,Other,South Ericborough,2022-08-22,T5337,2025-03-29 11:13:35,9.68,Home,Cash on Delivery,2,9.18,11,"5G, smartphone, eco_friendly",0,Occasional_Buyer
C4338,29,Male,Thomashaven,2024-11-04,T5338,2025-04-02 12:23:08,90.2,Fitness,Cash on Delivery,9,9.02,14,"fashion, headphones, home_decor, 5G",1,Occasional_Buyer
C4339,23,Other,South Michael,2024-07-04,T5339,2025-04-05 09:07:00,96.88,Fashion,UPI,1,12.27,15,"laptop, fitness",1,Occasional_Buyer
C4340,43,Female,New Paulview,2025-03-14,T5340,2025-04-02 05:17:40,102.09,Home,Wallet,5,11.84,13,"smartphone, home_decor, organic, laptop",1,Occasional_Buyer
C4341,44,Other,Port Meganborough,2023-10-24,T5341,2025-04-23 04:20:49,104.29,Electronics,Card,1,7.38,17,"camera, fitness",1,Occasional_Buyer
C4342,25,Female,Johnsonchester,2023-12-04,T5342,2025-03-30 16:12:08,0.0,Grocery,Card,7,6.58,12,"home_decor, organic, headphones, laptop",0,Occasional_Buyer
C4343,36,Male,Lewisburgh,2024-04-21,T5343,2025-04-24 02:37:44,246.19,Fitness,Card,9,6.28,12,"headphones, home_decor, fitness",1,High_Spender
C4344,59,Male,Port Marcus,2024-12-19,T5344,2025-04-24 09:04:19,134.65,Beauty,Card,6,7.36,11,"eco_friendly, smartphone, organic, laptop",1,High_Spender
C4345,18,Male,North Michaelshire,2024-08-05,T5345,2025-04-17 04:01:39,187.46,Fashion,Wallet,14,12.54,5,"camera, fitness, organic, home_decor",1,Loyal_Engaged
C4346,46,Male,Amyport,2023-04-01,T5346,2025-04-12 21:23:02,1.26,Electronics,Card,2,10.43,18,"eco_friendly, smartphone",0,Occasional_Buyer
C4347,62,Male,North Julie,2022-09-15,T5347,2025-04-06 11:14:19,217.28,Home,UPI,6,12.78,14,"fashion, laptop, 5G",1,High_Spender
C4348,52,Male,New Anthonyton,2022-05-08,T5348,2025-04-15 18:18:28,132.77,Grocery,UPI,9,4.9,19,"5G, camera, organic",1,High_Spender
C4349,57,Male,North Nicholasmouth,2024-01-18,T5349,2025-04-12 18:15:57,145.23,Home,Card,3,10.82,17,"camera, gaming",1,High_Spender
C4350,31,Female,North Micheleburgh,2023-08-01,T5350,2025-04-05 17:27:29,7.83,Beauty,Card,9,10.78,5,"organic, camera",0,Occasional_Buyer
C4351,52,Male,Burgesston,2023-07-29,T5351,2025-04-18 00:25:34,107.39,Home,Wallet,8,13.6,7,"laptop, camera, home_decor",1,Occasional_Buyer
C4352,62,Male,Andrewsmouth,2024-01-02,T5352,2025-04-22 08:42:47,257.34,Fashion,Wallet,13,8.77,15,"eco_friendly, smartphone, camera",1,High_Spender
C4353,37,Female,South Williamburgh,2024-07-18,T5353,2025-04-23 22:45:01,90.79,Electronics,Card,12,8.56,8,"fashion, camera",1,Occasional_Buyer
C4354,30,Male,Manninghaven,2024-03-16,T5354,2025-04-16 18:39:53,67.62,Fitness,Wallet,7,14.52,11,"camera, eco_friendly",1,Occasional_Buyer
C4355,55,Male,East Jamesbury,2025-01-31,T5355,2025-04-14 08:51:12,232.95,Fashion,Cash on Delivery,8,9.49,21,"fitness, fashion",1,High_Spender
C4356,63,Male,North James,2025-02-13,T5356,2025-04-09 06:17:34,46.81,Beauty,Card,10,10.53,9,"headphones, home_decor, fitness, organic",0,Occasional_Buyer
C4357,25,Other,New Alexismouth,2022-12-12,T5357,2025-04-18 03:10:22,73.16,Grocery,Wallet,6,11.43,15,"5G, fitness",1,Occasional_Buyer
C4358,60,Female,Elizabethfurt,2023-01-18,T5358,2025-04-02 13:29:36,51.75,Beauty,UPI,3,5.0,24,"fashion, 5G, laptop, bluetooth",0,Occasional_Buyer
C4359,37,Male,Reedborough,2023-05-14,T5359,2025-04-20 13:39:00,216.06,Beauty,Card,7,10.12,7,"eco_friendly, 5G, laptop",1,High_Spender
C4360,50,Female,Williamport,2022-08-28,T5360,2025-04-09 15:46:56,6.33,Home,Card,4,6.26,18,"laptop, eco_friendly",0,Occasional_Buyer
C4361,43,Female,East Kelly,2023-05-20,T5361,2025-04-15 04:28:51,55.63,Grocery,UPI,11,9.74,6,"fitness, bluetooth",1,Occasional_Buyer
C4362,56,Female,West Lauraburgh,2023-01-24,T5362,2025-03-27 04:57:08,92.91,Fashion,UPI,10,9.12,7,"5G, headphones, gaming",1,Occasional_Buyer
C4363,38,Female,North Roger,2024-11-04,T5363,2025-04-06 07:49:48,125.58,Beauty,Wallet,14,8.48,22,"smartphone, headphones, laptop",1,High_Spender
C4364,59,Female,Phyllisbury,2024-10-25,T5364,2025-03-28 10:45:51,69.98,Fashion,UPI,5,11.88,21,"headphones, bluetooth, eco_friendly, camera",1,Occasional_Buyer
C4365,60,Male,South Christopherhaven,2024-07-05,T5365,2025-04-09 05:40:34,191.68,Fitness,Cash on Delivery,8,10.29,8,"bluetooth, eco_friendly",1,High_Spender
C4366,58,Male,New Davidside,2023-09-28,T5366,2025-04-14 08:26:16,227.77,Home,Card,7,6.82,6,"bluetooth, gaming, fitness",1,High_Spender
C4367,26,Female,Lake Marcus,2024-02-20,T5367,2025-04-18 16:03:30,5.32,Fashion,Cash on Delivery,7,6.72,3,"5G, headphones, smartphone, camera",0,Occasional_Buyer
C4368,41,Female,Kristenmouth,2022-12-31,T5368,2025-04-24 08:15:53,41.18,Grocery,Wallet,8,12.52,19,"headphones, camera",0,Occasional_Buyer
C4369,54,Female,Sheilaview,2022-10-27,T5369,2025-04-15 19:22:43,1.9,Beauty,UPI,10,9.89,11,"laptop, headphones, camera, gaming",0,Occasional_Buyer
C4370,58,Female,Stephanieside,2024-06-17,T5370,2025-03-26 03:16:51,31.97,Fitness,Card,3,5.73,18,"headphones, organic",0,Occasional_Buyer
C4371,34,Other,Lake Felicia,2023-12-13,T5371,2025-04-23 04:15:20,61.58,Grocery,UPI,3,8.75,4,"organic, gaming, fitness, bluetooth",1,Occasional_Buyer
C4372,41,Male,North Lisahaven,2022-05-03,T5372,2025-04-11 17:25:28,193.35,Home,UPI,2,9.53,13,"eco_friendly, headphones, organic, gaming",1,High_Spender
C4373,38,Female,North Garychester,2022-06-24,T5373,2025-04-15 01:16:58,149.95,Fitness,Wallet,1,6.3,7,"fashion, smartphone, eco_friendly, gaming",1,High_Spender
C4374,56,Female,Kathrynchester,2023-11-20,T5374,2025-04-10 05:34:09,10.91,Fitness,Wallet,10,8.09,15,"fitness, headphones, bluetooth, camera",0,Occasional_Buyer
C4375,58,Other,East Saraland,2023-01-07,T5375,2025-04-23 02:51:07,7.81,Fitness,Wallet,6,12.75,22,"5G, bluetooth, fitness",0,Occasional_Buyer
C4376,56,Other,Brightmouth,2024-02-06,T5376,2025-04-18 23:29:14,71.19,Beauty,Wallet,6,17.47,19,"fashion, headphones",1,Occasional_Buyer
C4377,30,Female,South James,2024-03-09,T5377,2025-04-19 17:17:03,60.76,Electronics,Card,13,10.91,17,"eco_friendly, headphones",1,Occasional_Buyer
C4378,28,Male,Lake Ashleyberg,2022-05-17,T5378,2025-03-26 23:29:33,24.78,Fitness,Cash on Delivery,10,5.94,24,"laptop, fitness",0,Occasional_Buyer
C4379,63,Female,Lake Katieton,2023-04-08,T5379,2025-04-13 08:57:16,183.77,Grocery,Cash on Delivery,12,9.35,14,"camera, 5G",1,High_Spender
C4380,36,Male,New Jorge,2025-01-18,T5380,2025-04-16 07:31:15,209.79,Grocery,Card,8,10.37,8,"fitness, home_decor, laptop, headphones",1,High_Spender
C4381,28,Female,Carterton,2025-02-14,T5381,2025-03-28 01:25:07,41.22,Home,UPI,14,12.36,22,"fashion, fitness, 5G, home_decor",0,Loyal_Engaged
C4382,30,Other,Jackmouth,2024-07-13,T5382,2025-04-16 19:22:42,176.8,Fashion,Card,6,12.43,15,"camera, gaming, laptop",1,High_Spender
C4383,63,Male,Maryside,2023-01-10,T5383,2025-04-23 11:24:44,38.75,Fashion,Cash on Delivery,6,14.09,20,"headphones, bluetooth",0,Occasional_Buyer
C4384,62,Female,Jessicatown,2023-06-13,T5384,2025-04-03 10:03:28,106.79,Electronics,Cash on Delivery,1,10.0,17,"5G, fashion",1,Occasional_Buyer
C4385,18,Male,Robertmouth,2024-12-03,T5385,2025-04-23 08:41:04,51.69,Beauty,Card,12,10.05,17,"fashion, fitness, laptop, camera",0,Occasional_Buyer
C4386,57,Male,Port Stephanieport,2024-01-13,T5386,2025-03-28 02:37:19,10.46,Beauty,Wallet,7,4.34,10,"fitness, organic",0,Occasional_Buyer
C4387,61,Male,East Elizabethberg,2024-01-04,T5387,2025-04-24 10:36:13,210.41,Fitness,UPI,7,6.96,21,"camera, smartphone",1,High_Spender
C4388,36,Female,West Katherine,2023-06-14,T5388,2025-04-18 01:05:01,48.43,Electronics,Card,10,5.91,16,"smartphone, headphones, 5G",0,Occasional_Buyer
C4389,29,Other,Lake Lindamouth,2024-11-23,T5389,2025-04-07 06:11:45,106.09,Home,Cash on Delivery,9,7.48,9,"bluetooth, home_decor",1,Occasional_Buyer
C4390,25,Other,New Diana,2023-05-15,T5390,2025-03-31 11:25:57,36.6,Home,Wallet,14,6.54,16,"headphones, camera, bluetooth",0,Occasional_Buyer
C4391,25,Male,Loweshire,2024-02-22,T5391,2025-04-02 06:33:41,1.52,Fashion,UPI,12,6.75,7,"laptop, eco_friendly, fashion",0,Occasional_Buyer
C4392,62,Female,East Marcus,2025-03-07,T5392,2025-04-15 19:28:30,8.48,Home,Cash on Delivery,7,13.27,17,"camera, fashion",0,Occasional_Buyer
C4393,29,Female,Jennatown,2022-05-25,T5393,2025-04-15 16:00:45,54.85,Fitness,UPI,8,4.23,23,"organic, fitness, 5G",1,Occasional_Buyer
C4394,50,Male,Gonzalesbury,2024-07-04,T5394,2025-04-06 21:17:52,93.69,Grocery,Wallet,4,9.4,17,"camera, fitness, gaming, eco_friendly",1,Occasional_Buyer
C4395,62,Male,Port Benjamin,2024-04-30,T5395,2025-03-31 19:30:55,32.61,Home,Cash on Delivery,9,12.59,6,"eco_friendly, home_decor, fitness, bluetooth",0,Occasional_Buyer
C4396,43,Male,Andreabury,2023-07-21,T5396,2025-03-25 18:57:36,95.12,Electronics,Wallet,14,9.1,3,"fitness, home_decor, organic, smartphone",1,Occasional_Buyer
C4397,56,Other,Terrihaven,2024-11-11,T5397,2025-04-05 17:13:22,95.95,Fitness,Card,1,13.98,19,"laptop, eco_friendly, fitness",1,Occasional_Buyer
C4398,45,Female,East Sydneyfurt,2022-11-09,T5398,2025-03-28 23:18:10,97.37,Home,Card,8,8.2,22,"laptop, smartphone, camera",1,Occasional_Buyer
C4399,22,Female,West John,2023-08-28,T5399,2025-04-16 04:46:57,54.26,Beauty,UPI,3,15.25,3,"laptop, smartphone, fitness, fashion",1,Occasional_Buyer
C4400,25,Male,Garyside,2024-04-01,T5400,2025-04-18 14:49:19,197.1,Home,Wallet,14,5.29,18,"laptop, 5G",1,High_Spender
C4401,42,Female,North Michael,2025-01-25,T5401,2025-03-30 12:31:42,53.74,Beauty,Wallet,1,13.99,15,"camera, fitness, smartphone",1,Occasional_Buyer
C4402,44,Male,Vangtown,2024-02-14,T5402,2025-04-07 03:19:20,47.87,Fitness,UPI,2,7.32,20,"smartphone, fashion, gaming",0,Occasional_Buyer
C4403,63,Male,North Stacey,2022-06-01,T5403,2025-04-14 13:41:21,17.79,Home,UPI,6,14.33,12,"smartphone, gaming, home_decor, fitness",0,Occasional_Buyer
C4404,40,Female,Williamsborough,2024-05-03,T5404,2025-04-12 15:37:11,29.41,Beauty,UPI,5,8.6,20,"eco_friendly, laptop, camera, gaming",0,Occasional_Buyer
C4405,47,Male,Port Jeffrey,2022-05-31,T5405,2025-04-19 21:41:46,3.46,Grocery,Card,14,13.31,19,"eco_friendly, headphones, camera, laptop",0,Loyal_Engaged
C4406,62,Female,Cainland,2025-02-03,T5406,2025-04-09 19:34:56,80.31,Fashion,UPI,3,13.82,11,"5G, gaming",1,Occasional_Buyer
C4407,64,Male,Loweshire,2025-02-08,T5407,2025-04-16 15:17:28,22.86,Fitness,Card,9,8.27,16,"eco_friendly, fitness, organic, fashion",0,Occasional_Buyer
C4408,40,Female,Robertchester,2024-06-16,T5408,2025-04-15 03:52:37,29.01,Beauty,UPI,8,13.07,23,"home_decor, fashion, camera",0,Occasional_Buyer
C4409,64,Male,Mitchellberg,2022-06-15,T5409,2025-04-01 00:36:32,117.86,Electronics,Wallet,13,9.92,15,"headphones, home_decor, smartphone",1,Occasional_Buyer
C4410,37,Female,West Georgeville,2022-11-04,T5410,2025-04-07 16:11:36,31.71,Home,Wallet,3,5.61,22,"headphones, fitness, camera, gaming",0,Occasional_Buyer
C4411,35,Male,Jordanberg,2024-06-05,T5411,2025-04-06 02:50:10,22.19,Beauty,UPI,2,11.52,22,"fashion, gaming",0,Occasional_Buyer
C4412,35,Male,Lake Ruben,2023-02-26,T5412,2025-04-23 09:31:32,14.82,Beauty,UPI,8,6.95,16,"smartphone, laptop, eco_friendly, bluetooth",0,Occasional_Buyer
C4413,19,Other,Ericchester,2022-10-09,T5413,2025-04-18 15:41:35,119.28,Beauty,Card,14,8.04,13,"bluetooth, gaming, smartphone, laptop",1,Occasional_Buyer
C4414,21,Male,South Ruben,2022-11-10,T5414,2025-04-08 01:08:29,11.11,Fashion,Cash on Delivery,5,7.32,15,"eco_friendly, organic",0,Occasional_Buyer
C4415,47,Female,Rebeccaview,2024-04-07,T5415,2025-04-15 08:42:27,48.37,Electronics,Card,9,11.13,19,"laptop, fashion, bluetooth",0,Occasional_Buyer
C4416,50,Other,Williamsonview,2024-08-06,T5416,2025-03-29 17:21:32,56.57,Electronics,Wallet,1,7.04,5,"5G, bluetooth, gaming",1,Occasional_Buyer
C4417,53,Male,Port Andrew,2023-01-22,T5417,2025-04-19 04:00:32,93.02,Grocery,UPI,10,6.32,3,"fitness, eco_friendly",1,Occasional_Buyer
C4418,35,Male,South Melissashire,2025-03-06,T5418,2025-04-17 11:32:16,80.25,Fashion,Wallet,3,6.87,23,"laptop, bluetooth, home_decor, camera",1,Occasional_Buyer
C4419,54,Female,South Cheryl,2024-11-08,T5419,2025-04-08 16:25:38,133.16,Beauty,Cash on Delivery,5,7.87,7,"organic, gaming, eco_friendly",1,High_Spender
C4420,36,Other,Salazarmouth,2023-07-05,T5420,2025-04-14 09:51:20,3.66,Fitness,Card,2,11.49,15,"smartphone, home_decor, fashion",0,Occasional_Buyer
C4421,64,Other,South Melissatown,2023-10-08,T5421,2025-04-11 16:17:07,28.13,Fashion,Wallet,3,12.73,7,"organic, home_decor",0,Occasional_Buyer
C4422,45,Female,Whiteview,2022-05-01,T5422,2025-04-20 23:37:23,26.3,Fashion,Card,4,12.68,7,"fitness, home_decor",0,Occasional_Buyer
C4423,57,Female,Lake Lisaview,2024-03-22,T5423,2025-04-08 11:29:07,12.63,Electronics,UPI,4,9.9,14,"eco_friendly, fashion",0,Occasional_Buyer
C4424,37,Male,South Steveville,2022-08-07,T5424,2025-03-26 08:16:51,27.31,Grocery,Wallet,11,9.82,4,"camera, eco_friendly",0,Occasional_Buyer
C4425,50,Other,East Amychester,2022-11-25,T5425,2025-03-26 09:40:26,29.66,Grocery,Cash on Delivery,9,9.45,18,"camera, eco_friendly, organic, fashion",0,Occasional_Buyer
C4426,29,Other,North Michelleberg,2024-12-10,T5426,2025-04-19 03:46:23,59.03,Fashion,Card,1,11.33,19,"organic, laptop",1,Occasional_Buyer
C4427,32,Male,Timothyfort,2022-08-01,T5427,2025-04-04 02:59:26,87.18,Fashion,Card,12,13.36,7,"smartphone, bluetooth, 5G",1,Loyal_Engaged
C4428,58,Male,Ericstad,2022-09-08,T5428,2025-04-04 17:22:57,38.38,Home,Cash on Delivery,9,9.55,14,"fitness, home_decor",0,Occasional_Buyer
C4429,56,Male,West Lucas,2024-07-08,T5429,2025-04-01 07:55:09,101.69,Beauty,Wallet,9,11.6,17,"laptop, home_decor, eco_friendly",1,Occasional_Buyer
C4430,19,Male,West Chrisberg,2023-06-25,T5430,2025-04-01 12:00:45,32.78,Electronics,Wallet,11,6.28,8,"gaming, laptop, home_decor, eco_friendly",0,Occasional_Buyer
C4431,46,Female,Lake Michael,2023-01-25,T5431,2025-03-27 17:51:56,27.43,Beauty,Card,6,12.56,15,"5G, bluetooth, laptop, gaming",0,Occasional_Buyer
C4432,58,Male,Harrismouth,2024-06-29,T5432,2025-04-05 10:55:55,62.33,Fitness,Cash on Delivery,11,10.65,13,"fashion, eco_friendly, 5G",1,Occasional_Buyer
C4433,27,Male,Feliciastad,2024-04-14,T5433,2025-03-28 12:34:38,1.92,Fitness,Card,1,6.9,19,"5G, fashion",0,Occasional_Buyer
C4434,19,Male,East Christineborough,2024-06-28,T5434,2025-04-15 22:38:19,6.65,Grocery,Card,11,13.21,11,"smartphone, headphones, fashion",0,Loyal_Engaged
C4435,28,Other,New Lisa,2023-02-09,T5435,2025-04-13 21:32:40,43.3,Electronics,UPI,13,6.28,18,"headphones, smartphone",0,Occasional_Buyer
C4436,30,Female,Jenniferberg,2023-10-17,T5436,2025-04-22 06:38:15,229.05,Beauty,Wallet,12,3.18,19,"smartphone, fashion",1,High_Spender
C4437,27,Male,East Lisa,2022-12-05,T5437,2025-03-27 17:54:13,102.27,Grocery,Wallet,6,12.54,22,"smartphone, headphones, gaming, fashion",1,Occasional_Buyer
C4438,31,Male,Gordonchester,2024-11-02,T5438,2025-04-06 17:06:53,7.38,Fitness,UPI,8,11.16,20,"fitness, eco_friendly",0,Occasional_Buyer
C4439,35,Other,Hamptonville,2023-05-12,T5439,2025-04-11 13:29:20,149.83,Fashion,Wallet,5,6.37,15,"5G, eco_friendly",1,High_Spender
C4440,26,Female,North Anneville,2023-11-15,T5440,2025-04-06 15:43:52,105.43,Electronics,Wallet,5,11.07,13,"gaming, 5G, home_decor, eco_friendly",1,Occasional_Buyer
C4441,56,Male,Lake Jesseville,2022-07-13,T5441,2025-04-05 17:11:05,75.52,Electronics,Wallet,1,13.51,15,"laptop, fitness",1,Occasional_Buyer
C4442,45,Male,North Jeffreyport,2023-09-18,T5442,2025-04-02 15:59:20,137.31,Beauty,Cash on Delivery,1,10.78,15,"home_decor, eco_friendly, smartphone",1,High_Spender
C4443,20,Male,West Eric,2024-08-29,T5443,2025-04-01 21:03:57,41.42,Home,UPI,8,17.32,14,"bluetooth, organic",0,Occasional_Buyer
C4444,37,Male,North Johnview,2023-10-01,T5444,2025-03-29 21:07:42,20.03,Beauty,Card,13,7.45,16,"camera, bluetooth",0,Occasional_Buyer
C4445,23,Female,New Lindaton,2023-07-14,T5445,2025-03-30 19:08:36,57.4,Fashion,Cash on Delivery,5,3.29,15,"camera, organic",1,Occasional_Buyer
C4446,44,Other,Port Jill,2023-12-22,T5446,2025-04-03 14:27:20,63.67,Fashion,Card,8,5.77,11,"laptop, fashion",1,Occasional_Buyer
C4447,19,Female,Williamchester,2025-03-19,T5447,2025-04-20 10:20:19,61.83,Grocery,UPI,10,3.12,16,"organic, camera",1,Occasional_Buyer
C4448,46,Female,North Davidberg,2025-03-23,T5448,2025-04-14 03:45:26,66.61,Electronics,UPI,2,16.42,3,"bluetooth, eco_friendly",1,Occasional_Buyer
C4449,55,Male,Port Brianborough,2023-11-24,T5449,2025-03-28 08:41:37,237.61,Grocery,UPI,4,9.99,11,"fashion, bluetooth, laptop, gaming",1,High_Spender
C4450,20,Female,Lake Willieborough,2023-08-05,T5450,2025-03-26 19:25:39,186.02,Fashion,Wallet,13,15.82,6,"camera, organic",1,Loyal_Engaged
C4451,33,Female,Kleinshire,2023-01-06,T5451,2025-03-30 10:08:36,166.82,Home,Cash on Delivery,11,8.94,14,"headphones, 5G",1,High_Spender
C4452,47,Male,West Michelle,2022-12-22,T5452,2025-04-04 19:48:27,129.32,Electronics,UPI,14,7.28,16,"smartphone, organic",1,High_Spender
C4453,57,Male,Colemanland,2024-12-19,T5453,2025-04-20 08:42:42,229.78,Fashion,Card,10,4.81,11,"eco_friendly, fashion",1,High_Spender
C4454,19,Female,Rebeccabury,2023-02-08,T5454,2025-04-05 20:06:00,8.3,Home,Wallet,9,8.81,5,"fashion, fitness",0,Occasional_Buyer
C4455,34,Male,Davidview,2023-12-30,T5455,2025-03-28 05:21:46,24.64,Beauty,Wallet,13,12.53,8,"organic, home_decor, camera",0,Loyal_Engaged
C4456,58,Male,Kevinfurt,2024-05-15,T5456,2025-04-13 15:59:30,54.66,Fitness,Cash on Delivery,3,9.33,5,"fitness, gaming, fashion, 5G",1,Occasional_Buyer
C4457,29,Female,North Angel,2022-11-10,T5457,2025-03-30 01:34:14,149.94,Fashion,Cash on Delivery,6,5.21,3,"eco_friendly, 5G",1,High_Spender
C4458,52,Other,Howardshire,2024-05-30,T5458,2025-04-01 21:50:58,56.28,Fitness,Cash on Delivery,11,11.96,24,"headphones, fashion, eco_friendly, laptop",1,Occasional_Buyer
C4459,60,Female,South Marvin,2023-11-11,T5459,2025-04-05 06:17:25,110.28,Grocery,Wallet,7,12.52,23,"headphones, camera, organic, laptop",1,Occasional_Buyer
C4460,18,Female,East Lindsay,2023-04-15,T5460,2025-04-19 06:59:39,11.97,Fitness,UPI,3,8.41,5,"fitness, eco_friendly, gaming",0,Occasional_Buyer
C4461,62,Male,East Triciaport,2022-12-29,T5461,2025-04-13 17:21:11,23.27,Fashion,Card,1,8.03,16,"bluetooth, organic, camera, headphones",0,Occasional_Buyer
C4462,32,Female,Schmittville,2023-07-05,T5462,2025-04-23 14:21:35,105.27,Fitness,UPI,2,4.87,22,"headphones, laptop",1,Occasional_Buyer
C4463,43,Female,New Stephenburgh,2025-02-21,T5463,2025-03-28 14:37:44,14.4,Electronics,Card,11,11.88,4,"camera, bluetooth, gaming",0,Occasional_Buyer
C4464,54,Female,Transhire,2023-03-25,T5464,2025-04-10 18:32:24,34.63,Fashion,UPI,14,8.61,14,"fashion, laptop, home_decor",0,Occasional_Buyer
C4465,38,Male,Port John,2024-01-03,T5465,2025-04-05 05:04:06,24.62,Home,Cash on Delivery,10,1.96,12,"eco_friendly, camera",0,Occasional_Buyer
C4466,48,Female,East Ericchester,2024-11-21,T5466,2025-04-11 21:35:58,34.45,Fitness,Card,7,5.54,15,"headphones, organic, camera",0,Occasional_Buyer
C4467,42,Female,Barbarachester,2024-05-27,T5467,2025-04-05 05:49:29,98.57,Electronics,Wallet,7,11.69,22,"gaming, fitness",1,Occasional_Buyer
C4468,40,Male,Anthonyland,2022-07-27,T5468,2025-04-18 16:27:46,36.69,Grocery,Card,12,8.97,6,"smartphone, home_decor, eco_friendly, fashion",0,Occasional_Buyer
C4469,41,Male,Port Miranda,2023-11-06,T5469,2025-04-10 19:46:27,64.82,Grocery,Wallet,1,6.59,21,"home_decor, laptop, bluetooth, fitness",1,Occasional_Buyer
C4470,55,Male,West Joseph,2022-04-27,T5470,2025-03-27 11:24:49,8.42,Fitness,UPI,10,10.16,24,"fitness, bluetooth",0,Occasional_Buyer
C4471,45,Male,Briannaview,2023-01-04,T5471,2025-04-02 07:55:37,130.79,Grocery,Cash on Delivery,7,7.48,3,"5G, fitness, bluetooth",1,High_Spender
C4472,38,Female,Port Andreamouth,2023-02-06,T5472,2025-04-06 10:23:11,36.95,Home,Card,10,8.07,13,"headphones, camera, 5G, bluetooth",0,Occasional_Buyer
